web_scraper_order,web_scraper_start_url,nomor_sertifikat,tanggal_terbit,plg_id,nama_pemohon,nama_perangkat,merk,model,nama_pemasaran,negara
1782485218-1,https://sertifikasi.postel.go.id/sertifikat/sertifikat-terbit,122936/DJID/2026,15 Jun 2026,1889,PT  CITRADATA PURNAKHARISMA,Radio Portable / Two Way Radio,MOTOROLA,XiR P6600i,MOTOROLA XiR P6600i UHF 403-470MHz,Malaysia
1782485218-2,https://sertifikasi.postel.go.id/sertifikat/sertifikat-terbit,122867/DJID/2026,15 Jun 2026,16637,PT  MERODITH TECHNOLOGY INDONESIA,TWO WAY RADIO,MERODITH,MD-T20,MERODITH,China
1782485218-3,https://sertifikasi.postel.go.id/sertifikat/sertifikat-terbit,122716/DJID/2026,10 Jun 2026,1889,PT  CITRADATA PURNAKHARISMA,Radio Portable / Two Way Radio,MOTOROLA,XiR C2660,MOTOROLA XiR C2660 UHF 403-470MHz,Malaysia
1782485218-4,https://sertifikasi.postel.go.id/sertifikat/sertifikat-terbit,122152/DJID/2026,22 Mei 2026,1889,PT  CITRADATA PURNAKHARISMA,Radio Portable / Two Way Radio,MOTOROLA,XiR C2660,Motorola XiR C2660 VHF 136-174MHz,Malaysia
1782485218-5,https://sertifikasi.postel.go.id/sertifikat/sertifikat-terbit,122012/DJID/2026,19 Mei 2026,1889,PT  CITRADATA PURNAKHARISMA,Radio Portable / Two Way Radio,MOTOROLA,R5,MOTOROLA R5 UHF 400-470MHz,Malaysia
1782485218-6,https://sertifikasi.postel.go.id/sertifikat/sertifikat-terbit,120367/DJID/2026,07 Apr 2026,15454,PT  ERA KOMUNIKASI NUSANTARA,RADIO PORTABLE / TWO WAY RADIO,talkcom,TC-99S,TC-99S,China
1782485218-7,https://sertifikasi.postel.go.id/sertifikat/sertifikat-terbit,120296/DJID/2026,06 Apr 2026,16637,PT  MERODITH TECHNOLOGY INDONESIA,TWO WAY RADIO,MERODITH,MD-111,MERODITH,China
1782485218-8,https://sertifikasi.postel.go.id/sertifikat/sertifikat-terbit,120293/DJID/2026,06 Apr 2026,16637,PT  MERODITH TECHNOLOGY INDONESIA,TWO WAY RADIO,MERODITH,MD-333,MERODITH,China
1782485218-9,https://sertifikasi.postel.go.id/sertifikat/sertifikat-terbit,119981/DJID/2026,26 Mar 2026,16637,PT  MERODITH TECHNOLOGY INDONESIA,TWO WAY RADIO,MERODITH,MD-222,MERODITH,China
1782485218-10,https://sertifikasi.postel.go.id/sertifikat/sertifikat-terbit,119979/DJID/2026,26 Mar 2026,17612,PT  EASTECH MULTI PERSADA,Two way Radio,ALERVITES,BF-888S,ALERVITES,China
1782485218-11,https://sertifikasi.postel.go.id/sertifikat/sertifikat-terbit,115017/DJID/2025,14 Okt 2025,4083,PT  EKA LANCAR INTERNUSA,Two Way Radio,ICOM,IC-718,ICOM,Japan
1782485218-12,https://sertifikasi.postel.go.id/sertifikat/sertifikat-terbit,113643/DJID/2025,26 Agu 2025,1889,PT  CITRADATA PURNAKHARISMA,Mobile Radio / Two Way Radio,MOTOROLA,XiR M8668i,MOTOROLA XiR M8668i VHF 136-174MHz,Malaysia
1782485218-13,https://sertifikasi.postel.go.id/sertifikat/sertifikat-terbit,112445/DJID/2025,16 Jul 2025,2276,PT  GAJAH MANDALA JAYA,Repeater Two Way Radio,Tait,TB9460,Repeater Two Way Radio,New Zealand
1782485218-14,https://sertifikasi.postel.go.id/sertifikat/sertifikat-terbit,112206/DJID/2025,10 Jul 2025,7499,PT  BAOFENG KOMUNIKASI INDONESIA,Two Way Radio,Baofeng,BF-A58,Baofeng,China
1782485218-15,https://sertifikasi.postel.go.id/sertifikat/sertifikat-terbit,112011/DJID/2025,04 Jul 2025,2276,PT  GAJAH MANDALA JAYA,Repeater Two Way Radio,Tait,TB9460,Repeater Two Way Radio,New Zealand
1782485218-16,https://sertifikasi.postel.go.id/sertifikat/sertifikat-terbit,111133/DJID/2025,11 Jun 2025,13972,PT  HARVE SOLUSI INDONESIA,Two Way Radio,HARVE,HV-88,HV-88,China
1782485218-17,https://sertifikasi.postel.go.id/sertifikat/sertifikat-terbit,111117/DJID/2025,10 Jun 2025,13972,PT  HARVE SOLUSI INDONESIA,Two Way Radio,HARVE,HV-V10,HV-V10,China
1782485218-18,https://sertifikasi.postel.go.id/sertifikat/sertifikat-terbit,110838/DJID/2025,02 Jun 2025,2276,PT  GAJAH MANDALA JAYA,Repeater Two Way Radio,Tait,TB9460,Repeater Two Way Radio,New Zealand
1782485218-19,https://sertifikasi.postel.go.id/sertifikat/sertifikat-terbit,110837/DJID/2025,02 Jun 2025,15454,PT  ERA KOMUNIKASI NUSANTARA,RADIO PORTABLE / TWO WAY RADIO,talkcom,TC - 988 PLUS,talkcom TC - 988 PLUS,China
1782485218-20,https://sertifikasi.postel.go.id/sertifikat/sertifikat-terbit,110729/DJID/2025,28 Mei 2025,4083,PT  EKA LANCAR INTERNUSA,Two Way Radio,ICOM,IC-V86,ICOM,Japan
1782485218-21,https://sertifikasi.postel.go.id/sertifikat/sertifikat-terbit,110315/DJID/2025,19 Mei 2025,15454,PT  ERA KOMUNIKASI NUSANTARA,RADIO PORTABLE/TWO WAY RADIO,talkcom,TC-698S,talkcom TC-698S,China
1782485218-22,https://sertifikasi.postel.go.id/sertifikat/sertifikat-terbit,109890/DJID/2025,06 Mei 2025,15394,PT  TEXAS RANGERS INDONESIA,Two Way Radio,SKY,SKY-99,SKY-99,China
1782485218-23,https://sertifikasi.postel.go.id/sertifikat/sertifikat-terbit,109624/DJID/2025,24 Apr 2025,13261,PT  BERLIN AUDIO TEKNOLOGI,Two Way Radio,BERLIN,BL-DP777EX,BERLIN BL-DP777EX,China
1782485218-24,https://sertifikasi.postel.go.id/sertifikat/sertifikat-terbit,109396/DJID/2025,17 Apr 2025,16762,PT  DONG JIANG INDONESIA,Two Way Radio,QUANSHENG,TG-K10AT,QS Two Way Radio,China
1782485218-25,https://sertifikasi.postel.go.id/sertifikat/sertifikat-terbit,109077/DJID/2025,28 Mar 2025,13972,PT  HARVE SOLUSI INDONESIA,Two Way Radio,HARVE,HV-888S,HV-888S,China
1782485218-26,https://sertifikasi.postel.go.id/sertifikat/sertifikat-terbit,108050/DJID/2025,27 Feb 2025,4083,PT  EKA LANCAR INTERNUSA,Two Way Radio,ICOM,IC-F5023H,ICOM,Japan
1782485218-27,https://sertifikasi.postel.go.id/sertifikat/sertifikat-terbit,107594/DJID/2025,10 Feb 2025,1889,PT  CITRADATA PURNAKHARISMA,Radio Portable / Two Way Radio,MOTOROLA,XiR P6600i,MOTOROLA XiR P6600i UHF 350-400MHz,Malaysia
1782485218-28,https://sertifikasi.postel.go.id/sertifikat/sertifikat-terbit,107350/DJID/2025,24 Jan 2025,1889,PT  CITRADATA PURNAKHARISMA,Radio Portable / Two Way Radio,MOTOROLA,XiR P6600i,MOTOROLA XiR P6600i VHF 136-174 MHz,Malaysia
1782485218-29,https://sertifikasi.postel.go.id/sertifikat/sertifikat-terbit,107349/DJID/2025,24 Jan 2025,1889,PT  CITRADATA PURNAKHARISMA,Radio Portable/Two Way Radio,MOTOROLA,XiR P8660i,XiR P8660i UHF 350-400MHz,Malaysia
1782485218-30,https://sertifikasi.postel.go.id/sertifikat/sertifikat-terbit,106143/SDPPI/2024,10 Des 2024,7499,PT  BAOFENG KOMUNIKASI INDONESIA,TWO WAY RADIO,BAOFENG,BF-888S,BF-888S,China
1782485218-31,https://sertifikasi.postel.go.id/sertifikat/sertifikat-terbit,105867/SDPPI/2024,03 Des 2024,16335,CV  TEKNO JAYA MANDIRI,Two Way Radio,BRUNO,CX-5,BRUNO,China
1782485218-32,https://sertifikasi.postel.go.id/sertifikat/sertifikat-terbit,105865/SDPPI/2024,03 Des 2024,16335,CV  TEKNO JAYA MANDIRI,Two Way Radio,BRUNO,CX-9,BRUNO,China
1782485218-33,https://sertifikasi.postel.go.id/sertifikat/sertifikat-terbit,105638/SDPPI/2024,26 Nov 2024,14654,PT  WEIRCOM KOMUNIKASI INDONESIA,RADIO PORTABLE / TWO WAY RADIO,ERACOM,RC 68 PLUS,ERACOM,China
1782485218-34,https://sertifikasi.postel.go.id/sertifikat/sertifikat-terbit,105509/SDPPI/2024,21 Nov 2024,13261,PT  BERLIN AUDIO TEKNOLOGI,TWO WAY RADIO,BERLIN,BL-889,BERLIN BL-889,China
1782485218-35,https://sertifikasi.postel.go.id/sertifikat/sertifikat-terbit,105430/SDPPI/2024,20 Nov 2024,14654,PT  WEIRCOM KOMUNIKASI INDONESIA,RADIO PORTABLE / TWO WAY RADIO,WEIRCOM,WR-808,WEIRCOM WR-808 FREK 136 MHz - 174 MHz,China
1782485218-36,https://sertifikasi.postel.go.id/sertifikat/sertifikat-terbit,105243/SDPPI/2024,14 Nov 2024,5803,CV  MITRA HT,Two Way Radio,REDELL,DL-9900,REDELL DL-9900,China
1782485218-37,https://sertifikasi.postel.go.id/sertifikat/sertifikat-terbit,105122/SDPPI/2024,08 Nov 2024,14654,PT  WEIRCOM KOMUNIKASI INDONESIA,RADIO PORTABLE / TWO WAY RADIO,WEIRCOM,WR808,WEIRCOM,China
1782485218-38,https://sertifikasi.postel.go.id/sertifikat/sertifikat-terbit,104526/SDPPI/2024,21 Okt 2024,4114,CV  SUN PACIFIC,Two Way Radio,Voxter,UV-W8,Voxter,China
1782485218-39,https://sertifikasi.postel.go.id/sertifikat/sertifikat-terbit,103974/SDPPI/2024,02 Okt 2024,15713,PT  MAJU SUKSES PLASTINDO,TWO WAY RADIO,MERODITH,MD-T20,MERODITH MD-T20,Indonesia
1782485218-40,https://sertifikasi.postel.go.id/sertifikat/sertifikat-terbit,103308/SDPPI/2024,10 Sep 2024,1889,PT  CITRADATA PURNAKHARISMA,Radio Portable / Two Way Radio,MOTOROLA,XiR C2620,XiR C2620 UHF 403-470MHz,Malaysia
1782485218-41,https://sertifikasi.postel.go.id/sertifikat/sertifikat-terbit,103087/SDPPI/2024,04 Sep 2024,5803,CV  MITRA HT,Two Way Radio,REDELL,R33,REDELL R33,China
1782485218-42,https://sertifikasi.postel.go.id/sertifikat/sertifikat-terbit,102916/SDPPI/2024,30 Agu 2024,3797,PT  INTAN KOMUNIKASI INDONESIA,Two Way Radio,SME-com,SME-com 338,SME-com 338,China
1782485218-43,https://sertifikasi.postel.go.id/sertifikat/sertifikat-terbit,102601/SDPPI/2024,21 Agu 2024,5803,CV  MITRA HT,Two Way Radio,TEXAS,TXPOC,TEXAS TXPOC,China
1782485218-44,https://sertifikasi.postel.go.id/sertifikat/sertifikat-terbit,102302/SDPPI/2024,13 Agu 2024,4083,PT  EKA LANCAR INTERNUSA,Two Way Radio,ICOM,IC-U86,ICOM,Japan
1782485218-45,https://sertifikasi.postel.go.id/sertifikat/sertifikat-terbit,102291/SDPPI/2024,13 Agu 2024,1889,PT  CITRADATA PURNAKHARISMA,Radio Portable / Two Way Radio,Motorola,XiR P6620i,XiR P6620i UHF 403-470MHz,Malaysia
1782485218-46,https://sertifikasi.postel.go.id/sertifikat/sertifikat-terbit,102208/SDPPI/2024,10 Agu 2024,2381,CV  ATLANTIK,Portable Two Way Radio,WEIERWEI,VEV-9800,VEV 9800,China
1782485218-47,https://sertifikasi.postel.go.id/sertifikat/sertifikat-terbit,101937/SDPPI/2024,05 Agu 2024,1889,PT  CITRADATA PURNAKHARISMA,Radio Portable / Two Way Radio,MOTOROLA,XiR P6620i,XiR P6620i UHF 350-400MHz,Malaysia
1782485218-48,https://sertifikasi.postel.go.id/sertifikat/sertifikat-terbit,101917/SDPPI/2024,05 Agu 2024,2381,CV  ATLANTIK,Two Way Radio,WEIERWEI,VEV-338,VEV-338,China
1782485218-49,https://sertifikasi.postel.go.id/sertifikat/sertifikat-terbit,101906/SDPPI/2024,03 Agu 2024,2381,CV  ATLANTIK,Portable Two Way Radio,WEIERWEI,VEV-16,VEV-16,China
1782485218-50,https://sertifikasi.postel.go.id/sertifikat/sertifikat-terbit,101198/SDPPI/2024,18 Jul 2024,1889,PT  CITRADATA PURNAKHARISMA,POC Radio/Two Way Radio,Motorola,TLK 110,Motorola TLK 110 (HK2194A),Malaysia
1782485250-1,https://sertifikasi.postel.go.id/sertifikat/sertifikat-terbit,101191/SDPPI/2024,17 Jul 2024,1889,PT  CITRADATA PURNAKHARISMA,Radio Portable / Two Way Radio,MOTOROLA,XiR P6620i,Motorola XiR P6620i VHF 136-174MHz,Malaysia
1782485250-2,https://sertifikasi.postel.go.id/sertifikat/sertifikat-terbit,100558/SDPPI/2024,01 Jul 2024,13153,PT  TEKNOCITI INTERNASIONAL BISNIS,Two Way Radio,AUQOZ,A8,A8,China
1782485250-3,https://sertifikasi.postel.go.id/sertifikat/sertifikat-terbit,99940/SDPPI/2024,12 Jun 2024,1889,PT  CITRADATA PURNAKHARISMA,Mobile Radio (Two Way Radio),Motorola,XiR M8668i,XiR M8668i UHF 350-400MHz,Malaysia
1782485250-4,https://sertifikasi.postel.go.id/sertifikat/sertifikat-terbit,99490/SDPPI/2024,24 Mei 2024,13153,PT  TEKNOCITI INTERNASIONAL BISNIS,Portable Two Way Radio,Pofung,BF/PF - UV82,BF/PF - UV82,China
1782485250-5,https://sertifikasi.postel.go.id/sertifikat/sertifikat-terbit,98950/SDPPI/2024,29 Apr 2024,7499,PT  BAOFENG KOMUNIKASI INDONESIA,Two Way Radio,BAOFENG,UV 13 PRO,UV 13 PRO,China
1782485250-6,https://sertifikasi.postel.go.id/sertifikat/sertifikat-terbit,98949/SDPPI/2024,29 Apr 2024,2381,CV  ATLANTIK,Two Way Radio,WEIERWEI,VEV-UV888,VEV-UV888,China
1782485250-7,https://sertifikasi.postel.go.id/sertifikat/sertifikat-terbit,98924/SDPPI/2024,28 Apr 2024,7499,PT  BAOFENG KOMUNIKASI INDONESIA,Two Way Radio,BAOFENG,GT-3TP Mark III,GT-3TP Mark III,China
1782485250-8,https://sertifikasi.postel.go.id/sertifikat/sertifikat-terbit,98702/SDPPI/2024,19 Apr 2024,14654,PT  WEIRCOM KOMUNIKASI INDONESIA,Radio Portable / Two Way Radio,WEIRCOM,WR-Q7,WEIRCOM WR-Q7,China
1782485250-9,https://sertifikasi.postel.go.id/sertifikat/sertifikat-terbit,98519/SDPPI/2024,03 Apr 2024,1889,PT  CITRADATA PURNAKHARISMA,Radio Portable / Two Way Radio,Motorola,XiR P8668 EX,Motorola,Malaysia
1782485250-10,https://sertifikasi.postel.go.id/sertifikat/sertifikat-terbit,98242/SDPPI/2024,25 Mar 2024,13153,PT  TEKNOCITI INTERNASIONAL BISNIS,Portable Two Way Radio,Pofung,BF/PF-UV5R,BF/PF-UV5R,China
1782485250-11,https://sertifikasi.postel.go.id/sertifikat/sertifikat-terbit,97280/SDPPI/2024,07 Feb 2024,15394,PT  TEXAS RANGERS INDONESIA,Two Way Radio,TEXAS,TX-3,TEXAS TX-3,China
1782485250-12,https://sertifikasi.postel.go.id/sertifikat/sertifikat-terbit,97154/SDPPI/2024,03 Feb 2024,2198,PT  CIPTA GUNA DATA INFOTEK SOLUSINDO,Network Two Way Radio,Inrico,T192,Inrico,China
1782485250-13,https://sertifikasi.postel.go.id/sertifikat/sertifikat-terbit,97153/SDPPI/2024,03 Feb 2024,2198,PT  CIPTA GUNA DATA INFOTEK SOLUSINDO,Network Two Way Radio,Inrico,T196,Inrico,China
1782485250-14,https://sertifikasi.postel.go.id/sertifikat/sertifikat-terbit,97149/SDPPI/2024,03 Feb 2024,13261,PT  BERLIN AUDIO TEKNOLOGI,Two Way Radio,Berlin,BL-968,Berlin BL-968,China
1782485250-15,https://sertifikasi.postel.go.id/sertifikat/sertifikat-terbit,97054/SDPPI/2024,31 Jan 2024,7499,PT  BAOFENG KOMUNIKASI INDONESIA,Two Way Radio,Baofeng,H-7,Baofeng,China
1782485250-16,https://sertifikasi.postel.go.id/sertifikat/sertifikat-terbit,96721/SDPPI/2024,16 Jan 2024,7499,PT  BAOFENG KOMUNIKASI INDONESIA,Portable Two Way Radio,BAOFENG,BF-H6,BF-H6,China
1782485250-17,https://sertifikasi.postel.go.id/sertifikat/sertifikat-terbit,96679/SDPPI/2024,15 Jan 2024,14801,PT  MITRAINDO BAKTI BUANA,Two Way Radio,Belfone,BF-TD511,Belfone,China
1782485250-18,https://sertifikasi.postel.go.id/sertifikat/sertifikat-terbit,96569/SDPPI/2024,10 Jan 2024,4083,PT  EKA LANCAR INTERNUSA,ICOM - Two Way Radio,ICOM,IC-U86,ICOM,Japan
1782485250-19,https://sertifikasi.postel.go.id/sertifikat/sertifikat-terbit,96562/SDPPI/2024,10 Jan 2024,13153,PT  TEKNOCITI INTERNASIONAL BISNIS,Two Way Radio,AUQOZ,A1 / 888s,AUQOZ,China
1782485250-20,https://sertifikasi.postel.go.id/sertifikat/sertifikat-terbit,96267/SDPPI/2023,28 Des 2023,1889,PT  CITRADATA PURNAKHARISMA,Radio Portable / Two Way Radio,Motorola,XiR C2620,Motorola,Malaysia
1782485250-21,https://sertifikasi.postel.go.id/sertifikat/sertifikat-terbit,95997/SDPPI/2023,14 Des 2023,2198,PT  CIPTA GUNA DATA INFOTEK SOLUSINDO,Network Two Way Radio,Inrico,T199,Inrico,China
1782485250-22,https://sertifikasi.postel.go.id/sertifikat/sertifikat-terbit,95943/SDPPI/2023,13 Des 2023,7499,PT  BAOFENG KOMUNIKASI INDONESIA,Two Way Radio,Baofeng,BF-UV5R,BF-UV5R,China
1782485250-23,https://sertifikasi.postel.go.id/sertifikat/sertifikat-terbit,95884/SDPPI/2023,11 Des 2023,4083,PT  EKA LANCAR INTERNUSA,Two Way Radio,ICOM,IC-V88,ICOM,Japan
1782485250-24,https://sertifikasi.postel.go.id/sertifikat/sertifikat-terbit,95804/SDPPI/2023,07 Des 2023,7499,PT  BAOFENG KOMUNIKASI INDONESIA,Two Way Radio,BAOFENG,UV-9R Pro V1,UV-9R Pro V1,China
1782485250-25,https://sertifikasi.postel.go.id/sertifikat/sertifikat-terbit,95230/SDPPI/2023,15 Nov 2023,2381,CV  ATLANTIK,Two Way Radio,WLN,KD-C1,KD-C1,China
1782485250-26,https://sertifikasi.postel.go.id/sertifikat/sertifikat-terbit,95229/SDPPI/2023,15 Nov 2023,7499,PT  BAOFENG KOMUNIKASI INDONESIA,Two Way Radio,BAOFENG,BF-T1,BF-T1,China
1782485250-27,https://sertifikasi.postel.go.id/sertifikat/sertifikat-terbit,95197/SDPPI/2023,14 Nov 2023,1889,PT  CITRADATA PURNAKHARISMA,Radio Portable / Two Way Radio,Motorola,XiR P3688,Motorola,Malaysia
1782485250-28,https://sertifikasi.postel.go.id/sertifikat/sertifikat-terbit,94926/SDPPI/2023,06 Nov 2023,1889,PT  CITRADATA PURNAKHARISMA,Mobile Radio / Two Way Radio,Motorola,XiR M3688,Motorola,Malaysia
1782485250-29,https://sertifikasi.postel.go.id/sertifikat/sertifikat-terbit,94925/SDPPI/2023,06 Nov 2023,1889,PT  CITRADATA PURNAKHARISMA,Mobile Radio / Two Way Radio,Motorola,XiR M8668i,Motorola,Malaysia
1782485250-30,https://sertifikasi.postel.go.id/sertifikat/sertifikat-terbit,94923/SDPPI/2023,06 Nov 2023,1889,PT  CITRADATA PURNAKHARISMA,Radio Portable / Two Way Radio,Motorola,XiR P3688,Motorola,Malaysia
1782485250-31,https://sertifikasi.postel.go.id/sertifikat/sertifikat-terbit,94749/SDPPI/2023,01 Nov 2023,1889,PT  CITRADATA PURNAKHARISMA,Mobile Radio /  Two Way Radio,Motorola,XiR M3688,Motorola,Malaysia
1782485250-32,https://sertifikasi.postel.go.id/sertifikat/sertifikat-terbit,94519/SDPPI/2023,25 Okt 2023,13667,PT  ANUGRAH MAJU KARYA,Two Way Radio,KIRISUN,DP 405,KIRISUN,China
1782485250-33,https://sertifikasi.postel.go.id/sertifikat/sertifikat-terbit,94074/SDPPI/2023,11 Okt 2023,5803,CV  MITRA HT,Two Way Radio,TEXAS,TX-2,TEXAS TX-2,China
1782485250-34,https://sertifikasi.postel.go.id/sertifikat/sertifikat-terbit,93751/SDPPI/2023,22 Sep 2023,1889,PT  CITRADATA PURNAKHARISMA,Radio Portable / Two Way Radio,Motorola,XiR C2660,Motorola,Malaysia
1782485250-35,https://sertifikasi.postel.go.id/sertifikat/sertifikat-terbit,93355/SDPPI/2023,07 Sep 2023,4114,CV  SUN PACIFIC,Two Way Radio,Voxter,V-35,Voxter,China
1782485250-36,https://sertifikasi.postel.go.id/sertifikat/sertifikat-terbit,93055/SDPPI/2023,28 Agu 2023,1889,PT  CITRADATA PURNAKHARISMA,Mobile Radio / Two Way Radio,Motorola,XiR M6660,Motorola,Malaysia
1782485250-37,https://sertifikasi.postel.go.id/sertifikat/sertifikat-terbit,93006/SDPPI/2023,25 Agu 2023,2276,PT  GAJAH MANDALA JAYA,Repeater Two Way Radio,Tait,TB7300,Repeater Two Way Radio,New Zealand
1782485250-38,https://sertifikasi.postel.go.id/sertifikat/sertifikat-terbit,92823/SDPPI/2023,18 Agu 2023,1889,PT  CITRADATA PURNAKHARISMA,Radio Portable/Two Way Radio,Motorola,R2,Motorola,Malaysia
1782485250-39,https://sertifikasi.postel.go.id/sertifikat/sertifikat-terbit,92747/SDPPI/2023,15 Agu 2023,1889,PT  CITRADATA PURNAKHARISMA,Radio Portable / Two Way Radio,Motorola,R2,Motorola,Malaysia
1782485250-40,https://sertifikasi.postel.go.id/sertifikat/sertifikat-terbit,92586/SDPPI/2023,08 Agu 2023,1889,PT  CITRADATA PURNAKHARISMA,Radio Portable / Two Way Radio,Motorola,R7,Motorola,Malaysia
1782485250-41,https://sertifikasi.postel.go.id/sertifikat/sertifikat-terbit,92519/SDPPI/2023,05 Agu 2023,2381,CV  ATLANTIK,Portable Two Way Radio,WEIERWEI,VEV-2660 U+V,VEV-2660 U+V,China
1782485250-42,https://sertifikasi.postel.go.id/sertifikat/sertifikat-terbit,92268/SDPPI/2023,27 Jul 2023,14801,PT  MITRAINDO BAKTI BUANA,Mobile Radio - Two Way Radio,Belfone,BF-TM8500,Belfone,China
1782485250-43,https://sertifikasi.postel.go.id/sertifikat/sertifikat-terbit,92244/SDPPI/2023,27 Jul 2023,2381,CV  ATLANTIK,Portable Two Way Radio,WEIERWEI,UV-5R,UV-5R,China
1782485250-44,https://sertifikasi.postel.go.id/sertifikat/sertifikat-terbit,91932/SDPPI/2023,14 Jul 2023,1889,PT  CITRADATA PURNAKHARISMA,Radio Portable / Two Way Radio,Motorola,R7,Motorola,Malaysia
1782485250-45,https://sertifikasi.postel.go.id/sertifikat/sertifikat-terbit,91603/SDPPI/2023,04 Jul 2023,1889,PT  CITRADATA PURNAKHARISMA,Radio Portable / Two Way Radio,Motorola,XiR P8668i,Motorola,Malaysia
1782485250-46,https://sertifikasi.postel.go.id/sertifikat/sertifikat-terbit,91602/SDPPI/2023,04 Jul 2023,1889,PT  CITRADATA PURNAKHARISMA,Repeater Two Way Radio,Motorola,SLR1000,Motorola,Mexico
1782485250-47,https://sertifikasi.postel.go.id/sertifikat/sertifikat-terbit,91601/SDPPI/2023,04 Jul 2023,1889,PT  CITRADATA PURNAKHARISMA,Radio Portable / Two Way Radio,Motorola,XiR P6600i,Motorola,Malaysia
1782485250-48,https://sertifikasi.postel.go.id/sertifikat/sertifikat-terbit,91459/SDPPI/2023,26 Jun 2023,1889,PT  CITRADATA PURNAKHARISMA,Radio Portable / Two Way Radio,Motorola,XiR C2660,Motorola,Malaysia
1782485250-49,https://sertifikasi.postel.go.id/sertifikat/sertifikat-terbit,91458/SDPPI/2023,26 Jun 2023,1889,PT  CITRADATA PURNAKHARISMA,Radio Portable / Two Way Radio,Motorola,XiR C2660,Motorola,Malaysia
1782485250-50,https://sertifikasi.postel.go.id/sertifikat/sertifikat-terbit,90519/SDPPI/2023,15 Mei 2023,2381,CV  ATLANTIK,Portable Two Way Radio,WEIERWEI,VEV - UV8200WP,VEV - UV8200WP,China
1782485286-1,https://sertifikasi.postel.go.id/sertifikat/sertifikat-terbit,89768/SDPPI/2023,05 Apr 2023,1889,PT  CITRADATA PURNAKHARISMA,Mobile Radio / Two Way Radio,Motorola,XiR M6660,Motorola,Malaysia
1782485286-2,https://sertifikasi.postel.go.id/sertifikat/sertifikat-terbit,89309/SDPPI/2023,21 Mar 2023,1889,PT  CITRADATA PURNAKHARISMA,Portable Radio/Two Way Radio,Motorola,XiR P8668i,Motorola,Malaysia
1782485286-3,https://sertifikasi.postel.go.id/sertifikat/sertifikat-terbit,88232/SDPPI/2023,03 Feb 2023,6889,"Inzan Permata, PT.",TWO WAY RADIO UHF,Satel,Sateline easy Pro /TA-18,two Way Radio  UHF,Finland
1782485286-4,https://sertifikasi.postel.go.id/sertifikat/sertifikat-terbit,87850/SDPPI/2023,26 Jan 2023,7499,PT.BAOFENG KOMUNIKASI INDONESIA,Two Way Radio,Baofeng,DM-X,DM-X,China
1782485286-5,https://sertifikasi.postel.go.id/sertifikat/sertifikat-terbit,86727/SDPPI/2022,05 Des 2022,13475,"SURYA KADIAN UTAMA, PT.",analog Two way Radio/handy talky,Fastcom,FC-UV88,Analog Two Way Radio/Handy talky,China
1782485286-6,https://sertifikasi.postel.go.id/sertifikat/sertifikat-terbit,86348/SDPPI/2022,18 Nov 2022,4083,"EKA LANCAR INTERNUSA, PT.",Two Way Radio,ICOM,IC-718,ICOM,Japan
1782485286-7,https://sertifikasi.postel.go.id/sertifikat/sertifikat-terbit,85987/SDPPI/2022,31 Okt 2022,5803,"MITRA HT, CV.",Two Way Radio,REDELL,DL-2022,REDELL DL-2022,China
1782485286-8,https://sertifikasi.postel.go.id/sertifikat/sertifikat-terbit,85944/SDPPI/2022,28 Okt 2022,5803,"MITRA HT, CV.",Two Way Radio,sky,S-88,sky S-88,China
1782485286-9,https://sertifikasi.postel.go.id/sertifikat/sertifikat-terbit,85779/SDPPI/2022,21 Okt 2022,4773,"HARRISMA INFORMATIKA JAYA, PT.",Two Way Radio,Motorola,SL2M,SL2M,Malaysia
1782485286-10,https://sertifikasi.postel.go.id/sertifikat/sertifikat-terbit,85706/SDPPI/2022,19 Okt 2022,4114,"SUN PACIFIC, CV.",Two Way Radio,Voxter,U1,Voxter,China
1782485286-11,https://sertifikasi.postel.go.id/sertifikat/sertifikat-terbit,85634/SDPPI/2022,14 Okt 2022,1889,"CITRADATA PURNAKHARISMA, PT.",PoC Radio / Two Way Radio,Motorola,TLK 100i,Motorola,Malaysia
1782485286-12,https://sertifikasi.postel.go.id/sertifikat/sertifikat-terbit,85633/SDPPI/2022,14 Okt 2022,1889,"CITRADATA PURNAKHARISMA, PT.",PoC Radio / Two Way Radio,Motorola,TLK 150,Motorola,Malaysia
1782485286-13,https://sertifikasi.postel.go.id/sertifikat/sertifikat-terbit,84999/SDPPI/2022,21 Sep 2022,4083,"EKA LANCAR INTERNUSA, PT.",Two Way Radio,ICOM,IC-2300H,ICOM,Japan
1782485286-14,https://sertifikasi.postel.go.id/sertifikat/sertifikat-terbit,84815/SDPPI/2022,14 Sep 2022,1889,"CITRADATA PURNAKHARISMA, PT.",Repeater / Two Way Radio,Motorola,SLR 8000 UHF 400-470MHz,Motorola,Mexico
1782485286-15,https://sertifikasi.postel.go.id/sertifikat/sertifikat-terbit,84597/SDPPI/2022,06 Sep 2022,1889,"CITRADATA PURNAKHARISMA, PT.",Two Way Radio Bluetooth,Motorola,RLN 6544/PMMN4095A Wireless Remote Speaker Microphone,Motorola,Mexico
1782485286-16,https://sertifikasi.postel.go.id/sertifikat/sertifikat-terbit,84556/SDPPI/2022,05 Sep 2022,1889,"CITRADATA PURNAKHARISMA, PT.",Repeater / Two Way Radio,Motorola,SLR 8000 VHF 136 - 174 MHz,Motorola,Mexico
1782485286-17,https://sertifikasi.postel.go.id/sertifikat/sertifikat-terbit,84516/SDPPI/2022,02 Sep 2022,13153,TEKNOCITI INTERNASIONAL BISNIS,Two Way Radio,AUQOZ,X1/A8 Neo,X1/A8 Neo,China
1782485286-18,https://sertifikasi.postel.go.id/sertifikat/sertifikat-terbit,84439/SDPPI/2022,31 Agu 2022,4773,"HARRISMA INFORMATIKA JAYA, PT.",Two Way Radio,Motorola,MSLB-MKZ900i,MotoTRBO Ion,Malaysia
1782485286-19,https://sertifikasi.postel.go.id/sertifikat/sertifikat-terbit,84284/SDPPI/2022,25 Agu 2022,1889,"CITRADATA PURNAKHARISMA, PT.",Radio Portable / Two Way Radio,Motorola,XiR P8668i UHF 350-400MHz,Motorola,Malaysia
1782485286-20,https://sertifikasi.postel.go.id/sertifikat/sertifikat-terbit,84267/SDPPI/2022,24 Agu 2022,5803,"MITRA HT, CV.",Two Way Radio,OSAKA,A-2,OSAKA A-2,China
1782485286-21,https://sertifikasi.postel.go.id/sertifikat/sertifikat-terbit,84253/SDPPI/2022,24 Agu 2022,1889,"CITRADATA PURNAKHARISMA, PT.",Mobile Radio / Two Way Radio,Motorola,XiR M8668i VHF 136-174Mhz,Motorola,Malaysia
1782485286-22,https://sertifikasi.postel.go.id/sertifikat/sertifikat-terbit,84186/SDPPI/2022,22 Agu 2022,7499,PT.BAOFENG KOMUNIKASI INDONESIA,Two Way Radio,BAOFENG,UV-9R Plus New,UV-9R Plus New,China
1782485286-23,https://sertifikasi.postel.go.id/sertifikat/sertifikat-terbit,83549/SDPPI/2022,26 Jul 2022,2381,"ATLANTIK, CV.",Two Way Radio,Weierwei,VEV-890,VEV-890,China
1782485286-24,https://sertifikasi.postel.go.id/sertifikat/sertifikat-terbit,83006/SDPPI/2022,04 Jul 2022,2276,"GAJAH MANDALA JAYA, PT.",Repeater Two Way Radio,Tait,TB9460 ( 380-420 MHz ),Repeater Two Way Radio,New Zealand
1782485286-25,https://sertifikasi.postel.go.id/sertifikat/sertifikat-terbit,82884/SDPPI/2022,27 Jun 2022,1889,"CITRADATA PURNAKHARISMA, PT.",Portable Radio/Two Way Radio,Motorola,XiR P8660i UHF 403-470MHz,Motorola,Malaysia
1782485286-26,https://sertifikasi.postel.go.id/sertifikat/sertifikat-terbit,82883/SDPPI/2022,27 Jun 2022,1889,"CITRADATA PURNAKHARISMA, PT.",Portable Radio/Two Way Radio,Motorola,XiR P8660i VHF 136-174MHz,Motorola,Malaysia
1782485286-27,https://sertifikasi.postel.go.id/sertifikat/sertifikat-terbit,82365/SDPPI/2022,02 Jun 2022,7325,PT.HYTERA COMMUNICATIONS INDONESIA,TWO WAY RADIO,HYTERA,AP518,TWO WAY RADIO,China
1782485286-28,https://sertifikasi.postel.go.id/sertifikat/sertifikat-terbit,82306/SDPPI/2022,31 Mei 2022,7325,PT.HYTERA COMMUNICATIONS INDONESIA,TWO WAY RADIO,HYTERA,AP588,TWO WAY RADIO,China
1782485286-29,https://sertifikasi.postel.go.id/sertifikat/sertifikat-terbit,82158/SDPPI/2022,23 Mei 2022,4083,"EKA LANCAR INTERNUSA, PT.",Two Way Radio,ICOM,IC-V86,ICOM,Japan
1782485286-30,https://sertifikasi.postel.go.id/sertifikat/sertifikat-terbit,82134/SDPPI/2022,20 Mei 2022,5803,"MITRA HT, CV.",TWO WAY RADIO,REDELL,UV-99plus,REDELL UV-99plus,China
1782485286-31,https://sertifikasi.postel.go.id/sertifikat/sertifikat-terbit,82103/SDPPI/2022,19 Mei 2022,5803,"MITRA HT, CV.",TWO WAY RADIO,SKY-MAX,UV-8R,SKY-MAX UV-8R,China
1782485286-32,https://sertifikasi.postel.go.id/sertifikat/sertifikat-terbit,82069/SDPPI/2022,19 Mei 2022,5803,"MITRA HT, CV.",TWO WAY RADIO,SKY-MAX,SKY-6868M,SKY-MAX SKY-6868M,China
1782485286-33,https://sertifikasi.postel.go.id/sertifikat/sertifikat-terbit,82029/SDPPI/2022,17 Mei 2022,2276,"GAJAH MANDALA JAYA, PT.",Repeater Two Way Radio,Tait,TB9460,Repeater Two Way Radio,New Zealand
1782485286-34,https://sertifikasi.postel.go.id/sertifikat/sertifikat-terbit,81583/SDPPI/2022,13 Apr 2022,13972,PT. HARVE SOLUSI INDONESIA,Two Way Radio,HARVE,HV-V10,HV-V10,China
1782485286-35,https://sertifikasi.postel.go.id/sertifikat/sertifikat-terbit,81409/SDPPI/2022,06 Apr 2022,13972,PT. HARVE SOLUSI INDONESIA,Two Way Radio,HARVE,HV-88,HV-88,China
1782485286-36,https://sertifikasi.postel.go.id/sertifikat/sertifikat-terbit,81383/SDPPI/2022,05 Apr 2022,5803,"MITRA HT, CV.",Two Way Radio,REDELL,DL-5108,REDELL DL-5108,China
1782485286-37,https://sertifikasi.postel.go.id/sertifikat/sertifikat-terbit,81120/SDPPI/2022,25 Mar 2022,1889,"CITRADATA PURNAKHARISMA, PT.",Radio Portable / Two Way Radio,Motorola,XiR P6600i VHF 136-174MHz,Motorola,Malaysia
1782485286-38,https://sertifikasi.postel.go.id/sertifikat/sertifikat-terbit,81117/SDPPI/2022,25 Mar 2022,1889,"CITRADATA PURNAKHARISMA, PT.",Radio Portable / Two Way Radio,Motorola,XiR P6600i UHF 350-400MHz,Motorola,Malaysia
1782485286-39,https://sertifikasi.postel.go.id/sertifikat/sertifikat-terbit,80664/SDPPI/2022,04 Mar 2022,13972,PT. HARVE SOLUSI INDONESIA,Two Way Radio,HARVE,HV-888S,HV-888S,China
1782485286-40,https://sertifikasi.postel.go.id/sertifikat/sertifikat-terbit,80408/SDPPI/2022,14 Feb 2022,5803,"MITRA HT, CV.",Two Way Radio,Xiamen,X-009,Xiamen X-009,China
1782485286-41,https://sertifikasi.postel.go.id/sertifikat/sertifikat-terbit,80342/SDPPI/2022,11 Feb 2022,1889,"CITRADATA PURNAKHARISMA, PT.",Portable Radio/Two Way Radio,Motorola,XiR P8660i UHF 350-400 MHz,Motorola,Malaysia
1782485286-42,https://sertifikasi.postel.go.id/sertifikat/sertifikat-terbit,78274/SDPPI/2021,19 Okt 2021,2381,"ATLANTIK, CV.",Two Way Radio,Weierwei,VEV-UV888,VEV-UV888,China
1782485286-43,https://sertifikasi.postel.go.id/sertifikat/sertifikat-terbit,77903/SDPPI/2021,05 Okt 2021,7499,PT.BAOFENG KOMUNIKASI INDONESIA,Two Way Radio,Baofeng,BF-888S,BF-888S,China
1782485286-44,https://sertifikasi.postel.go.id/sertifikat/sertifikat-terbit,77849/SDPPI/2021,04 Okt 2021,4114,"SUN PACIFIC, CV.",Two Way Radio,Voxter,UV-W8,Voxter,China
1782485286-45,https://sertifikasi.postel.go.id/sertifikat/sertifikat-terbit,77375/SDPPI/2021,07 Sep 2021,7499,PT.BAOFENG KOMUNIKASI INDONESIA,Two Way Radio,Baofeng,BF-A58,BF-A58,China
1782485286-46,https://sertifikasi.postel.go.id/sertifikat/sertifikat-terbit,76879/SDPPI/2021,13 Agu 2021,1889,"CITRADATA PURNAKHARISMA, PT.",Two Way Radio,Motorola,SL1M,Two Way Radio,Malaysia
1782485286-47,https://sertifikasi.postel.go.id/sertifikat/sertifikat-terbit,76877/SDPPI/2021,13 Agu 2021,1889,"CITRADATA PURNAKHARISMA, PT.",Two Way Radio,Motorola,XIR P6620i,Two Way Radio,Malaysia
1782485286-48,https://sertifikasi.postel.go.id/sertifikat/sertifikat-terbit,76847/SDPPI/2021,12 Agu 2021,1889,"CITRADATA PURNAKHARISMA, PT.",Two Way Radio,Motorola,XIR P6620i,Two Way Radio,Malaysia
1782485286-49,https://sertifikasi.postel.go.id/sertifikat/sertifikat-terbit,76676/SDPPI/2021,02 Agu 2021,1889,"CITRADATA PURNAKHARISMA, PT.",Two Way Radio,Motorola,SL1M,Two Way Radio,Malaysia
1782485286-50,https://sertifikasi.postel.go.id/sertifikat/sertifikat-terbit,76675/SDPPI/2021,02 Agu 2021,1889,"CITRADATA PURNAKHARISMA, PT.",Two Way Radio,Motorola,XIR P6620i,Two Way Radio,Malaysia
1782485320-1,https://sertifikasi.postel.go.id/sertifikat/sertifikat-terbit,76342/SDPPI/2021,16 Jul 2021,5803,"MITRA HT, CV.",Two Way Radio,SKY_MAX,SK-27,SK-27 VHF: 136-174 MHz UHF: 400-440 MHZ,China
1782485320-2,https://sertifikasi.postel.go.id/sertifikat/sertifikat-terbit,76300/SDPPI/2021,14 Jul 2021,5803,"MITRA HT, CV.",Two Way Radio,REDELL,DL-9108,DL-9108 VHF: 136-174 MHz UHF: 400-440 MHz,China
1782485320-3,https://sertifikasi.postel.go.id/sertifikat/sertifikat-terbit,76298/SDPPI/2021,14 Jul 2021,5803,"MITRA HT, CV.",Two Way Radio,Osaka,A-1,A-1,China
1782485320-4,https://sertifikasi.postel.go.id/sertifikat/sertifikat-terbit,75992/SDPPI/2021,24 Jun 2021,13153,TEKNOCITI INTERNASIONAL BISNIS,Two Way Radio,AUQOZ,A8,A8,China
1782485320-5,https://sertifikasi.postel.go.id/sertifikat/sertifikat-terbit,74990/SDPPI/2021,10 Mei 2021,2381,"ATLANTIK, CV.",Portable Two Way Radio,Weierwei,VEV-9800,VEV-9800,China
1782485320-6,https://sertifikasi.postel.go.id/sertifikat/sertifikat-terbit,74825/SDPPI/2021,04 Mei 2021,2381,"ATLANTIK, CV.",Portable Two Way Radio,Weierwei,VEV-16,VEV-16,China
1782485320-7,https://sertifikasi.postel.go.id/sertifikat/sertifikat-terbit,74068/SDPPI/2021,26 Mar 2021,13153,TEKNOCITI INTERNASIONAL BISNIS,Portable Two Way Radio,Pofung,BF/PF-UV5R,BF/PF-UV5R,China
1782485320-8,https://sertifikasi.postel.go.id/sertifikat/sertifikat-terbit,74069/SDPPI/2021,26 Mar 2021,13153,TEKNOCITI INTERNASIONAL BISNIS,Portable Two Way Radio,Pofung,BF/PF - UV82,BF/PF - UV82,China
1782485320-9,https://sertifikasi.postel.go.id/sertifikat/sertifikat-terbit,73837/SDPPI/2021,17 Mar 2021,5803,"MITRA HT, CV.",Two Way Radio,REDELL,DL-9900,DL-9900,China
1782485320-10,https://sertifikasi.postel.go.id/sertifikat/sertifikat-terbit,73387/SDPPI/2021,23 Feb 2021,1889,"CITRADATA PURNAKHARISMA, PT.",Two Way Radio,Motorola,XiR P8668 EX 403-470 MHz,Motorola,Malaysia
1782485320-11,https://sertifikasi.postel.go.id/sertifikat/sertifikat-terbit,72853/SDPPI/2021,27 Jan 2021,7499,PT.BAOFENG KOMUNIKASI INDONESIA,Two Way Radio,Baofeng,UV-9R Plus,UV-9R Plus,China
1782485320-12,https://sertifikasi.postel.go.id/sertifikat/sertifikat-terbit,72854/SDPPI/2021,27 Jan 2021,7499,PT.BAOFENG KOMUNIKASI INDONESIA,Two Way Radio,Baofeng,GT-3TP Mark III,GT-3TP Mark III,China
1782485320-13,https://sertifikasi.postel.go.id/sertifikat/sertifikat-terbit,72513/SDPPI/2021,11 Jan 2021,2198,"CIPTA GUNA DATA INFOTEK SOLUSINDO, PT.",Network Two Way Radio,Inrico,T290,Inrico,China
1782485320-14,https://sertifikasi.postel.go.id/sertifikat/sertifikat-terbit,72330/SDPPI/2020,29 Des 2020,4083,"EKA LANCAR INTERNUSA, PT.",Two Way Radio VHF Transceiver,ICOM,IC-V88,VHF Transceiver,Japan
1782485320-15,https://sertifikasi.postel.go.id/sertifikat/sertifikat-terbit,71794/SDPPI/2020,02 Des 2020,1889,"CITRADATA PURNAKHARISMA, PT.",Two Way Radio,Motorola,XiR M3688 VHF 136-174 MHz,Motorola,Malaysia
1782485320-16,https://sertifikasi.postel.go.id/sertifikat/sertifikat-terbit,71799/SDPPI/2020,02 Des 2020,1889,"CITRADATA PURNAKHARISMA, PT.",Two Way Radio,Motorola,XiR M3688 UHF (403-470 MHz),Motorola,Malaysia
1782485320-17,https://sertifikasi.postel.go.id/sertifikat/sertifikat-terbit,71723/SDPPI/2020,27 Nov 2020,2381,"ATLANTIK, CV.",TWO WAY RADIO,WEIERWEI,VEV-3288s,WEIERWEI,China
1782485320-18,https://sertifikasi.postel.go.id/sertifikat/sertifikat-terbit,71664/SDPPI/2020,25 Nov 2020,1889,"CITRADATA PURNAKHARISMA, PT.",Two Way Radio,Motorola,XiR P3688 UHF (403-470 MHz),Motorola,Malaysia
1782485320-19,https://sertifikasi.postel.go.id/sertifikat/sertifikat-terbit,71663/SDPPI/2020,25 Nov 2020,1889,"CITRADATA PURNAKHARISMA, PT.",Two Way Radio,Motorola,XiR P3688 VHF (136-174 MHz),Motorola,Malaysia
1782485320-20,https://sertifikasi.postel.go.id/sertifikat/sertifikat-terbit,70993/SDPPI/2020,22 Okt 2020,3797,"INTAN KOMUNIKASI INDONESIA, PT.",Portable Two Way Radio,SME-com,SME-com 338 UHF (400 - 470 MHz),SME-com,China
1782485320-21,https://sertifikasi.postel.go.id/sertifikat/sertifikat-terbit,70995/SDPPI/2020,22 Okt 2020,3797,"INTAN KOMUNIKASI INDONESIA, PT.",Portable Two Way Radio,SME-com,SME-com 338 UHF (330 - 400 MHz),SME-com,China
1782485320-22,https://sertifikasi.postel.go.id/sertifikat/sertifikat-terbit,70994/SDPPI/2020,22 Okt 2020,3797,"INTAN KOMUNIKASI INDONESIA, PT.",Portable Two Way Radio,SME-com,SME-com 338 VHF (136 - 174 MHz),SME-com,China
1782485320-23,https://sertifikasi.postel.go.id/sertifikat/sertifikat-terbit,70629/SDPPI/2020,05 Okt 2020,7499,PT.BAOFENG KOMUNIKASI INDONESIA,Two Way Radio,Baofeng,Baofeng / BF-UV5R,Baofeng / BF-UV5R,China
1782485320-24,https://sertifikasi.postel.go.id/sertifikat/sertifikat-terbit,70158/SDPPI/2020,10 Sep 2020,1889,"CITRADATA PURNAKHARISMA, PT.",Repeater Two Way Radio,Motorola,SLR 1000 (400- 440 MHz),Motorola,Mexico
1782485320-25,https://sertifikasi.postel.go.id/sertifikat/sertifikat-terbit,69954/SDPPI/2020,01 Sep 2020,4114,"SUN PACIFIC, CV.",Two Way Radio,Voxter,V-35,Voxter,China
1782485320-26,https://sertifikasi.postel.go.id/sertifikat/sertifikat-terbit,69515/SDPPI/2020,30 Jul 2020,7288,PT ULTRA KOMUNINDO MAKMUR BERSAMA,Two Way Radio,Firstcom,FC-77R,Firstcom / FC-77R,China
1782485320-27,https://sertifikasi.postel.go.id/sertifikat/sertifikat-terbit,69427/SDPPI/2020,27 Jul 2020,13184,CENTRAL RADIO KOMUNIKASI,Two Way Radio,Firstcom,FC-21R,Firstcom / FC-21R,China
1782485320-28,https://sertifikasi.postel.go.id/sertifikat/sertifikat-terbit,69428/SDPPI/2020,27 Jul 2020,13184,CENTRAL RADIO KOMUNIKASI,Two Way Radio,Firstcom,FC-136R,Firstcom / FC-136R,China
1782485320-29,https://sertifikasi.postel.go.id/sertifikat/sertifikat-terbit,69340/SDPPI/2020,22 Jul 2020,7091,"LAKONE KOMUNIKA JAYA ABADI, PT.",Two Way Radio,Firstcom,FC-28R,Firstcom / FC-28R,China
1782485320-30,https://sertifikasi.postel.go.id/sertifikat/sertifikat-terbit,67108/SDPPI/2020,11 Mar 2020,2198,"CIPTA GUNA DATA INFOTEK SOLUSINDO, PT.",Network Two Way Radio,Inrico,T196,Inrico,China
1782485320-31,https://sertifikasi.postel.go.id/sertifikat/sertifikat-terbit,65055/SDPPI/2019,12 Des 2019,2198,"CIPTA GUNA DATA INFOTEK SOLUSINDO, PT.",Intelligent Two Way Radio,INRICO,T298S,INRICO,China
1782485320-32,https://sertifikasi.postel.go.id/sertifikat/sertifikat-terbit,64859/SDPPI/2019,02 Des 2019,2381,"ATLANTIK, CV.",Portable Two Way Radio,WEIERWEI,VEV - UV8200WP,WEIERWEI,China
1782485320-33,https://sertifikasi.postel.go.id/sertifikat/sertifikat-terbit,64577/SDPPI/2019,19 Nov 2019,4083,"EKA LANCAR INTERNUSA, PT.",Two Way Radio,ICOM,IC-718,ICOM,Japan
1782485320-34,https://sertifikasi.postel.go.id/sertifikat/sertifikat-terbit,64114/SDPPI/2019,28 Okt 2019,4114,"SUN PACIFIC, CV.",Two Way Radio,Voxter,U1,Voxter,China
1782485320-35,https://sertifikasi.postel.go.id/sertifikat/sertifikat-terbit,63675/SDPPI/2019,04 Okt 2019,2276,"GAJAH MANDALA JAYA, PT.",Repeater Two Way Radio,Tait,TB9315-B3H0,Repeater Two Way Radio,New Zealand
1782485320-36,https://sertifikasi.postel.go.id/sertifikat/sertifikat-terbit,63454/SDPPI/2019,24 Sep 2019,4083,"EKA LANCAR INTERNUSA, PT.",Two Way Radio,ICOM,IC-U86,ICOM,Japan
1782485320-37,https://sertifikasi.postel.go.id/sertifikat/sertifikat-terbit,63265/SDPPI/2019,17 Sep 2019,3812,"JAKARTA NOTEBOOK, PT",Portable Two Way Radio,TAFFWARE,UV 5R,TAFFWARE,China
1782485320-38,https://sertifikasi.postel.go.id/sertifikat/sertifikat-terbit,62972/SDPPI/2019,03 Sep 2019,4083,"EKA LANCAR INTERNUSA, PT.",Two Way Radio,ICOM,IC-F3003,ICOM,Japan
1782485320-39,https://sertifikasi.postel.go.id/sertifikat/sertifikat-terbit,62973/SDPPI/2019,03 Sep 2019,4083,"EKA LANCAR INTERNUSA, PT.",Two Way Radio,ICOM,IC-F4003,ICOM,Japan
1782485320-40,https://sertifikasi.postel.go.id/sertifikat/sertifikat-terbit,62792/SDPPI/2019,26 Agu 2019,5803,"MITRA HT, CV.",Two Way Radio,X-ONE,UV-X1+,X-ONE,China
1782485320-41,https://sertifikasi.postel.go.id/sertifikat/sertifikat-terbit,62812/SDPPI/2019,26 Agu 2019,8922,CAHAYA ANUGRAH FIRDAUS,HT Two Way Radio,CAFSKY,WIRELESS INTERCOM,CAFSKY,Hong Kong
1782485320-42,https://sertifikasi.postel.go.id/sertifikat/sertifikat-terbit,62726/SDPPI/2019,21 Agu 2019,5803,"MITRA HT, CV.",Two Way Radio,REDELL,DL-250,REDELL,China
1782485320-43,https://sertifikasi.postel.go.id/sertifikat/sertifikat-terbit,62647/SDPPI/2019,17 Agu 2019,5803,"MITRA HT, CV.",Two Way Radio,REDELL,UV-99Plus,REDELL,China
1782485320-44,https://sertifikasi.postel.go.id/sertifikat/sertifikat-terbit,62582/SDPPI/2019,13 Agu 2019,4083,"EKA LANCAR INTERNUSA, PT.",Two Way Radio,ICOM,IC-F5023H,ICOM,Japan
1782485320-45,https://sertifikasi.postel.go.id/sertifikat/sertifikat-terbit,62506/SDPPI/2019,08 Agu 2019,4083,"EKA LANCAR INTERNUSA, PT.",Two Way Radio,ICOM,IC-2300H,ICOM IC-2300H,Japan
1782485320-46,https://sertifikasi.postel.go.id/sertifikat/sertifikat-terbit,62426/SDPPI/2019,05 Agu 2019,1889,"CITRADATA PURNAKHARISMA, PT.",Two Way Radio,MOTOROLA,XIR P8668i,MOTOROLA,Malaysia
1782485320-47,https://sertifikasi.postel.go.id/sertifikat/sertifikat-terbit,62305/SDPPI/2019,31 Jul 2019,1889,"CITRADATA PURNAKHARISMA, PT.",Two Way Radio,MOTOROLA,XIR P8660i,MOTOROLA,Malaysia
1782485320-48,https://sertifikasi.postel.go.id/sertifikat/sertifikat-terbit,62017/SDPPI/2019,15 Jul 2019,2198,"CIPTA GUNA DATA INFOTEK SOLUSINDO, PT.",Network Two Way Radio,Inrico,T192,Inrico,China
1782485320-49,https://sertifikasi.postel.go.id/sertifikat/sertifikat-terbit,62024/SDPPI/2019,15 Jul 2019,4995,SUBUR JAYA BERKATINDO. PT,Two Way Radio,Dolton,DN-901,Dolton DN-901,China
1782485320-50,https://sertifikasi.postel.go.id/sertifikat/sertifikat-terbit,61973/SDPPI/2019,10 Jul 2019,4995,SUBUR JAYA BERKATINDO. PT,Two Way Radio,Dolton,DN-902,Dolton DN-902,China
1782485345-1,https://sertifikasi.postel.go.id/sertifikat/sertifikat-terbit,61979/SDPPI/2019,10 Jul 2019,5803,"MITRA HT, CV.",Two Way Radio,SKYMAX,UV-8R,UV-8R,China
1782485345-2,https://sertifikasi.postel.go.id/sertifikat/sertifikat-terbit,61968/SDPPI/2019,09 Jul 2019,5803,"MITRA HT, CV.",Two Way Radio,SKYMAX,SKY-6969M,SKY-6969M,China
1782485345-3,https://sertifikasi.postel.go.id/sertifikat/sertifikat-terbit,61967/SDPPI/2019,09 Jul 2019,5803,"MITRA HT, CV.",Two Way Radio,SKYMAX,SKY-6868M,SKY-6868M,China
1782485345-4,https://sertifikasi.postel.go.id/sertifikat/sertifikat-terbit,61900/SDPPI/2019,01 Jul 2019,7288,PT ULTRA KOMUNINDO MAKMUR BERSAMA,Two way Radio,WOUXUN,KG-UV9D (Plus),KG-UV9D (Plus),China
1782485345-5,https://sertifikasi.postel.go.id/sertifikat/sertifikat-terbit,61774/SDPPI/2019,31 Mei 2019,4083,"EKA LANCAR INTERNUSA, PT.",Two Way Radio,ICOM,IC-V86,ICOM,Japan
1782485345-6,https://sertifikasi.postel.go.id/sertifikat/sertifikat-terbit,61767/SDPPI/2019,29 Mei 2019,4083,"EKA LANCAR INTERNUSA, PT.",Two Way Radio,ICOM,IC-V80 (Freq. 136-174 MHz),ICOM,Japan
1782485345-7,https://sertifikasi.postel.go.id/sertifikat/sertifikat-terbit,61757/SDPPI/2019,29 Mei 2019,5803,"MITRA HT, CV.",Two Way Radio,REDELL,DL-270,REDELL DL-270,China
1782485345-8,https://sertifikasi.postel.go.id/sertifikat/sertifikat-terbit,61554/SDPPI/2019,13 Mei 2019,2198,"CIPTA GUNA DATA INFOTEK SOLUSINDO, PT.",Network Two Way Radio,Inrico,T199,Inrico,China
1782485345-9,https://sertifikasi.postel.go.id/sertifikat/sertifikat-terbit,61338/SDPPI/2019,25 Apr 2019,1774,"MOBILKOM TELEKOMINDO, PT.",TWO WAY RADIO,MOTOROLA,XiR P8668i (403-470 Mhz,motorola.inc,Malaysia
1782485345-10,https://sertifikasi.postel.go.id/sertifikat/sertifikat-terbit,61315/SDPPI/2019,24 Apr 2019,1889,"CITRADATA PURNAKHARISMA, PT.",Two Way Radio,MOTOROLA,XIR P6600i,MOTOROLA,Malaysia
1782485345-11,https://sertifikasi.postel.go.id/sertifikat/sertifikat-terbit,61306/SDPPI/2019,23 Apr 2019,1889,"CITRADATA PURNAKHARISMA, PT.",Two Way Radio,MOTOROLA,XIR P6600i,MOTOROLA,Malaysia
1782485345-12,https://sertifikasi.postel.go.id/sertifikat/sertifikat-terbit,61216/SDPPI/2019,12 Apr 2019,7674,CV.DCE Indonesia,Two Way Radio,KIRISUN,DP 405,KIRISUN,China
1782485345-13,https://sertifikasi.postel.go.id/sertifikat/sertifikat-terbit,61155/SDPPI/2019,09 Apr 2019,2381,"ATLANTIK, CV.",Portable Two Way Radio,WEIERWEI,VEV-3288s,WEIERWEI,China
1782485345-14,https://sertifikasi.postel.go.id/sertifikat/sertifikat-terbit,60968/SDPPI/2019,28 Mar 2019,2381,"ATLANTIK, CV.",Portable Two Way Radio,WEIERWEI,CY-8800,WEIERWEI,China
1782485345-15,https://sertifikasi.postel.go.id/sertifikat/sertifikat-terbit,60967/SDPPI/2019,28 Mar 2019,2381,"ATLANTIK, CV.",Portable Two Way Radio,WEIERWEI,UV-5R,WEIERWEI,China
1782485345-16,https://sertifikasi.postel.go.id/sertifikat/sertifikat-terbit,60937/SDPPI/2019,26 Mar 2019,5803,"MITRA HT, CV.",Two Way Radio,REDELL,DL-5108,DL-5108,China
1782485345-17,https://sertifikasi.postel.go.id/sertifikat/sertifikat-terbit,60476/SDPPI/2019,28 Feb 2019,4114,"SUN PACIFIC, CV.",Two Way Radio / Handy Talky,Yaesu,VX6R,Yaesu,Japan
1782485345-18,https://sertifikasi.postel.go.id/sertifikat/sertifikat-terbit,59989/SDPPI/2019,28 Jan 2019,4114,"SUN PACIFIC, CV.",Two Way Radio / Handy Talky,Voxter,Voxter / UVT10,Voxter,China
1782485345-19,https://sertifikasi.postel.go.id/sertifikat/sertifikat-terbit,59565/SDPPI/2019,03 Jan 2019,4114,"SUN PACIFIC, CV.",Two Way Radio / Handy Talky,Voxter,U55,VOXTER,China
1782485345-20,https://sertifikasi.postel.go.id/sertifikat/sertifikat-terbit,59342/SDPPI/2018,20 Des 2018,5803,"MITRA HT, CV.",Two Way Radio,Xiamen,X-008 VHF : 136-174 MHz UHF : 400-440 MHz,X-008,China
1782485345-21,https://sertifikasi.postel.go.id/sertifikat/sertifikat-terbit,59278/SDPPI/2018,17 Des 2018,5803,"MITRA HT, CV.",Two Way Radio,REDELL,DL-7108 VHF: 136-174 MHz UHF: 400-440 MHz UHF: 330-390 MHz,DL-7108,China
1782485345-22,https://sertifikasi.postel.go.id/sertifikat/sertifikat-terbit,59232/SDPPI/2018,14 Des 2018,1889,"CITRADATA PURNAKHARISMA, PT.",Two Way Radio,Motorola,XIR P6620i,Motorola,Malaysia
1782485345-23,https://sertifikasi.postel.go.id/sertifikat/sertifikat-terbit,58407/SDPPI/2018,24 Okt 2018,4083,"EKA LANCAR INTERNUSA, PT.",Two Way Radio VHF,VERXION,3288S,VERXION,China
1782485345-24,https://sertifikasi.postel.go.id/sertifikat/sertifikat-terbit,58299/SDPPI/2018,17 Okt 2018,4083,"EKA LANCAR INTERNUSA, PT.",Two Way Radio UHF,VERXION,3288S,3288S,China
1782485345-25,https://sertifikasi.postel.go.id/sertifikat/sertifikat-terbit,57558/SDPPI/2018,07 Agu 2018,2276,"GAJAH MANDALA JAYA, PT.",Repeater Two Way Radio,Tait,TB9315-H1H0 Freq : 400-440 MHz,,New Zealand
1782485345-26,https://sertifikasi.postel.go.id/sertifikat/sertifikat-terbit,57419/SDPPI/2018,27 Jul 2018,1889,"CITRADATA PURNAKHARISMA, PT.",TWO WAY RADIO,MOTOROLA,SLR 5300 UHF 400-470MHZ,,Mexico
1782485345-27,https://sertifikasi.postel.go.id/sertifikat/sertifikat-terbit,41623/I/SDPPI/2018,17 Jul 2018,4083,"EKA LANCAR INTERNUSA, PT.",Two Way Radio,VERXION,UV-5RA,VERXION,China
1782485345-28,https://sertifikasi.postel.go.id/sertifikat/sertifikat-terbit,41627/I/SDPPI/2018,17 Jul 2018,4083,"EKA LANCAR INTERNUSA, PT.",Two Way Radio,VERXION,UV-5RE,VERXION,China
1782485345-29,https://sertifikasi.postel.go.id/sertifikat/sertifikat-terbit,57014/SDPPI/2018,02 Jul 2018,2638,"SOG INDONESIA, PT.",Two Way Radio,KIRISUN,DP980,,China
1782485345-30,https://sertifikasi.postel.go.id/sertifikat/sertifikat-terbit,41146/I/SDPPI/2018,05 Jun 2018,2381,"ATLANTIK, CV.",Two Way Radio,WEIERWEI,VEV-UV888,,China
1782485345-31,https://sertifikasi.postel.go.id/sertifikat/sertifikat-terbit,56658/SDPPI/2018,25 Mei 2018,1774,"MOBILKOM TELEKOMINDO, PT.",Two Way Radio,MOTOROLA,XiR P8668i ( 800 Mhz ),,Malaysia
1782485345-32,https://sertifikasi.postel.go.id/sertifikat/sertifikat-terbit,56592/SDPPI/2018,23 Mei 2018,4114,"SUN PACIFIC, CV.",Two Way radio/Handy Talky,Voxter,UV-X5 ( 136-174 Mhz & 400-430 Mhz ),,China
1782485345-33,https://sertifikasi.postel.go.id/sertifikat/sertifikat-terbit,56577/SDPPI/2018,22 Mei 2018,4995,SUBUR JAYA BERKATINDO. PT,Two Way Radio,Alinco,DJ-VX50,,China
1782485345-34,https://sertifikasi.postel.go.id/sertifikat/sertifikat-terbit,56519/SDPPI/2018,16 Mei 2018,4995,SUBUR JAYA BERKATINDO. PT,Two Way Radio,Alinco,DJ-VX10,,China
1782485345-35,https://sertifikasi.postel.go.id/sertifikat/sertifikat-terbit,56091/SDPPI/2018,17 Apr 2018,7499,PT.BAOFENG KOMUNIKASI INDONESIA,Portable Two Way Radio,Baofeng,BF - 888S,,China
1782485345-36,https://sertifikasi.postel.go.id/sertifikat/sertifikat-terbit,55986/SDPPI/2018,12 Apr 2018,1889,"CITRADATA PURNAKHARISMA, PT.",TWO WAY RADIO,MOTOROLA,SL1M VHF 136-174MHZ,,Malaysia
1782485345-37,https://sertifikasi.postel.go.id/sertifikat/sertifikat-terbit,55985/SDPPI/2018,12 Apr 2018,1889,"CITRADATA PURNAKHARISMA, PT.",TWO WAY RADIO,MOTOROLA,SL1M / UHF 403-470MHZ,,Malaysia
1782485345-38,https://sertifikasi.postel.go.id/sertifikat/sertifikat-terbit,55793/SDPPI/2018,03 Apr 2018,1889,"CITRADATA PURNAKHARISMA, PT.",TWO WAY RADIO,MOTOROLA,XIR P6620i UHF 350-400MHZ,,Malaysia
1782485345-39,https://sertifikasi.postel.go.id/sertifikat/sertifikat-terbit,55794/SDPPI/2018,03 Apr 2018,1889,"CITRADATA PURNAKHARISMA, PT.",TWO WAY RADIO,MOTOROLA,XIR P6620i UHF 403-527MHZ,,Malaysia
1782485345-40,https://sertifikasi.postel.go.id/sertifikat/sertifikat-terbit,55628/SDPPI/2018,22 Mar 2018,1889,"CITRADATA PURNAKHARISMA, PT.",TWO WAY RADIO,MOTOROLA,SLR 5300 UHF 350-400MHZ,,Mexico
1782485345-41,https://sertifikasi.postel.go.id/sertifikat/sertifikat-terbit,55629/SDPPI/2018,22 Mar 2018,1889,"CITRADATA PURNAKHARISMA, PT.",TWO WAY RADIO,MOTOROLA,SLR 5300 VHF 136-174MHZ,,Mexico
1782485345-42,https://sertifikasi.postel.go.id/sertifikat/sertifikat-terbit,55100/SDPPI/2018,22 Feb 2018,2549,"ARTHA SURYA KOMMUNIKA, PT.",Two Way Radio,VEV,VEV 3388D Freq 136-174,,China
1782485345-43,https://sertifikasi.postel.go.id/sertifikat/sertifikat-terbit,32888/R/I/SDPPI/2018,13 Feb 2018,7499,PT.BAOFENG KOMUNIKASI INDONESIA,Two Way Radio,Baofeng,UV-5RE,,China
1782485345-44,https://sertifikasi.postel.go.id/sertifikat/sertifikat-terbit,54903/SDPPI/2018,08 Feb 2018,1889,"CITRADATA PURNAKHARISMA, PT.",TWO WAY RADIO,MOTOROLA,GM3688 UHF 350-380MHZ,,Malaysia
1782485345-45,https://sertifikasi.postel.go.id/sertifikat/sertifikat-terbit,54858/SDPPI/2018,06 Feb 2018,1758,"MOTOROLA  SOLUTIONS INDONESIA, PT.",Repeater Two Way Radio,Motorola,SLR 1000 (400-440 MHz.),,Mexico
1782485345-46,https://sertifikasi.postel.go.id/sertifikat/sertifikat-terbit,54740/SDPPI/2018,29 Jan 2018,1774,"MOBILKOM TELEKOMINDO, PT.",Two Way Radio,MOTOROLA,XiR P8668 EX ( 403-470 Mhz ),,Malaysia
1782485345-47,https://sertifikasi.postel.go.id/sertifikat/sertifikat-terbit,51697/R/SDPPI/2018,15 Jan 2018,7499,PT.BAOFENG KOMUNIKASI INDONESIA,Portable Two Way Radio,Baofeng,UV - 5R,,China
1782485345-48,https://sertifikasi.postel.go.id/sertifikat/sertifikat-terbit,52828/R/SDPPI/2018,15 Jan 2018,7499,PT.BAOFENG KOMUNIKASI INDONESIA,Portable Two Way Radio,Baofeng,BF - 5RC,,China
1782485345-49,https://sertifikasi.postel.go.id/sertifikat/sertifikat-terbit,51695/R/SDPPI/2018,15 Jan 2018,7499,PT.BAOFENG KOMUNIKASI INDONESIA,Portable Two Way Radio,Baofeng,BF - 5RA,,China
1782485345-50,https://sertifikasi.postel.go.id/sertifikat/sertifikat-terbit,54418/SDPPI/2018,15 Jan 2018,2381,"ATLANTIK, CV.",Portable Two Way Radio,Weierwei,VEV - 2660,,China
1782485369-1,https://sertifikasi.postel.go.id/sertifikat/sertifikat-terbit,54182/SDPPI/2017,29 Des 2017,1758,"MOTOROLA  SOLUTIONS INDONESIA, PT.",Repeater Two Way Radio,Motorola,XiR R8200 (403-440 Mhz),,Malaysia
1782485369-2,https://sertifikasi.postel.go.id/sertifikat/sertifikat-terbit,54176/SDPPI/2017,28 Des 2017,1889,"CITRADATA PURNAKHARISMA, PT.",TWO WAY RADIO,MOTOROLA,XIR M3688 UHF 403-470MHZ,,Malaysia
1782485369-3,https://sertifikasi.postel.go.id/sertifikat/sertifikat-terbit,54175/SDPPI/2017,28 Des 2017,1889,"CITRADATA PURNAKHARISMA, PT.",TWO WAY RADIO,MOTOROLA,XIR M3688 VHF 136-174MHZ,,Malaysia
1782485369-4,https://sertifikasi.postel.go.id/sertifikat/sertifikat-terbit,54000/SDPPI/2017,18 Des 2017,1889,"CITRADATA PURNAKHARISMA, PT.",TWO WAY RADIO,MOTOROLA,"XIR P3688, VHF 136-174 MHz",,Malaysia
1782485369-5,https://sertifikasi.postel.go.id/sertifikat/sertifikat-terbit,54001/SDPPI/2017,18 Des 2017,1889,"CITRADATA PURNAKHARISMA, PT.",TWO WAY RADIO,MOTOROLA,"XIR P3688, UHF 403-470 MHz",,Malaysia
1782485369-6,https://sertifikasi.postel.go.id/sertifikat/sertifikat-terbit,53890/SDPPI/2017,12 Des 2017,1889,"CITRADATA PURNAKHARISMA, PT.",TWO WAY RADIO,MOTOROLA,XIR P3688 UHF 350-400MHZ,,Malaysia
1782485369-7,https://sertifikasi.postel.go.id/sertifikat/sertifikat-terbit,53522/SDPPI/2017,23 Nov 2017,3797,"INTAN KOMUNIKASI INDONESIA, PT.",Two Way Radio,SME-com,SME-com 338 UHF (330-400 Mhz),,China
1782485369-8,https://sertifikasi.postel.go.id/sertifikat/sertifikat-terbit,53145/SDPPI/2017,09 Nov 2017,1758,"MOTOROLA  SOLUTIONS INDONESIA, PT.",Repeater Two Way Radio,FUTURECOM,MOBEXCOM DVRS (800 Mhz),,Canada
1782485369-9,https://sertifikasi.postel.go.id/sertifikat/sertifikat-terbit,52796/SDPPI/2017,30 Okt 2017,1889,"CITRADATA PURNAKHARISMA, PT.",TWO WAY RADIO,MOTOROLA,XIR P8668 EX UHF 403-470 MHz 4W,,Malaysia
1782485369-10,https://sertifikasi.postel.go.id/sertifikat/sertifikat-terbit,52723/SDPPI/2017,27 Okt 2017,7126,"Mitratama Berkat Sejahtera, PT.",Repeater Two Way Radio,Hytera,"DS - 6210 (406,1 - 435 MHz.)",,China
1782485369-11,https://sertifikasi.postel.go.id/sertifikat/sertifikat-terbit,35082/R/I/SDPPI/2017,18 Okt 2017,4114,"SUN PACIFIC, CV.",Alat Telekomunikasi Radio / Portable Two Way Radio,VOXTER,UV-B5 (400-430 MHz & 136-174 MHz),,China
1782485369-12,https://sertifikasi.postel.go.id/sertifikat/sertifikat-terbit,52231/SDPPI/2017,04 Okt 2017,3797,"INTAN KOMUNIKASI INDONESIA, PT.",TWO WAY RADIO,SME-com,SME-com 338 VHF (136-174 Mhz),,China
1782485369-13,https://sertifikasi.postel.go.id/sertifikat/sertifikat-terbit,52232/SDPPI/2017,04 Okt 2017,3797,"INTAN KOMUNIKASI INDONESIA, PT.",TWO WAY RADIO,SME-com,SME-com 338 UHF (400-470 Mhz),,China
1782485369-14,https://sertifikasi.postel.go.id/sertifikat/sertifikat-terbit,51698/SDPPI/2017,28 Agu 2017,2381,"ATLANTIK, CV.",Portable Two Way Radio,Weierwei,VEV – 700WP,,China
1782485369-15,https://sertifikasi.postel.go.id/sertifikat/sertifikat-terbit,51696/SDPPI/2017,28 Agu 2017,2381,"ATLANTIK, CV.",Portable Two Way Radio,Weierwei,VEV-16,,China
1782485369-16,https://sertifikasi.postel.go.id/sertifikat/sertifikat-terbit,51479/SDPPI/2017,09 Agu 2017,2549,"ARTHA SURYA KOMMUNIKA, PT.",Two Way Radio,VEV,VEV 3288D Freq 136-174,,China
1782485369-17,https://sertifikasi.postel.go.id/sertifikat/sertifikat-terbit,51358/SDPPI/2017,01 Agu 2017,2276,"GAJAH MANDALA JAYA, PT.",Repeater Two Way Radio,Tait,TB8100,,New Zealand
1782485369-18,https://sertifikasi.postel.go.id/sertifikat/sertifikat-terbit,51004/SDPPI/2017,10 Jul 2017,6954,"MITRA BAHANA PASIFIK INDONESIA, PT.",TWO WAY RADIO VHF,ENTEL,HT 649,,Japan
1782485369-19,https://sertifikasi.postel.go.id/sertifikat/sertifikat-terbit,35651/I/SDPPI/2017,05 Jun 2017,2381,"ATLANTIK, CV.",Two Way Radio,WEIERWEI,VEV-V17 VHF/UHF (136-174 Mhz dan 430-432),,China
1782485369-20,https://sertifikasi.postel.go.id/sertifikat/sertifikat-terbit,50227/SDPPI/2017,27 Apr 2017,2276,"GAJAH MANDALA JAYA, PT.",Repeater Two Way Radio,Tait,TB7100,,New Zealand
1782485369-21,https://sertifikasi.postel.go.id/sertifikat/sertifikat-terbit,49394/SDPPI/2017,13 Feb 2017,4995,SUBUR JAYA BERKATINDO. PT,Two way Radio,Dolton,DN-701 (Freq. 136-174 MHz),,China
1782485369-22,https://sertifikasi.postel.go.id/sertifikat/sertifikat-terbit,49395/SDPPI/2017,13 Feb 2017,5377,"Yaesu Musen Co., LTD",Two Way Radio,Yaesu,FT-25R,,China
1782485369-23,https://sertifikasi.postel.go.id/sertifikat/sertifikat-terbit,49387/SDPPI/2017,13 Feb 2017,2027,"SIMOCO INDONESIA, PT.",Repeater Two Way Radio TSF 2000,Simoco,TSF 2100 (Freq. 136 - 174 MHz),,United Kingdom
1782485369-24,https://sertifikasi.postel.go.id/sertifikat/sertifikat-terbit,48956/SDPPI/2017,17 Jan 2017,5803,"MITRA HT, CV.",TWO WAY RADIO,SKY-MAX,UV-8R (VHF: 136-174 MHz & UHF: 400-440 MHz),,China
1782485369-25,https://sertifikasi.postel.go.id/sertifikat/sertifikat-terbit,48705/SDPPI/2016,27 Des 2016,5803,"MITRA HT, CV.",TWO WAY RADIO,SKY-MAX,SKY-6969M (VHF : 136-174 MHz),,China
1782485369-26,https://sertifikasi.postel.go.id/sertifikat/sertifikat-terbit,48696/SDPPI/2016,23 Des 2016,1599,"KHARISMA MITRA JAYA ABADI, PT.",TWO WAY RADIO,Alinco,"DR-735 (136,00 - 173,995 MHz) / (400,00 - 437,995 MHz)",,Japan
1782485369-27,https://sertifikasi.postel.go.id/sertifikat/sertifikat-terbit,48487/SDPPI/2016,13 Des 2016,1774,"MOBILKOM TELEKOMINDO, PT.",Two Way Radio,ICOM,IC-F4161DS,,Japan
1782485369-28,https://sertifikasi.postel.go.id/sertifikat/sertifikat-terbit,48305/SDPPI/2016,28 Nov 2016,2276,"GAJAH MANDALA JAYA, PT.",Repeater Two Way Radio,TAIT,TB7310-H5B0-0000-00AE-10,,New Zealand
1782485369-29,https://sertifikasi.postel.go.id/sertifikat/sertifikat-terbit,48233/SDPPI/2016,22 Nov 2016,1774,"MOBILKOM TELEKOMINDO, PT.",Two Way Radio,ICOM,IC-F4161DT,,Japan
1782485369-30,https://sertifikasi.postel.go.id/sertifikat/sertifikat-terbit,48253/SDPPI/2016,22 Nov 2016,1774,"MOBILKOM TELEKOMINDO, PT.",Repeater Two Way Radio,ICOM,IC-FR6000,,Japan
1782485369-31,https://sertifikasi.postel.go.id/sertifikat/sertifikat-terbit,47939/SDPPI/2016,31 Okt 2016,1889,"CITRADATA PURNAKHARISMA, PT.",TWO WAY RADIO,Motorola,CP1660 FREQ. VHF 136-174 MHZ,,China
1782485369-32,https://sertifikasi.postel.go.id/sertifikat/sertifikat-terbit,47448/SDPPI/2016,26 Sep 2016,5803,"MITRA HT, CV.",TWO WAY RADIO,SKY-MAX,SKY-6868M (136-174 MHz/400-440 MHz),,China
1782485369-33,https://sertifikasi.postel.go.id/sertifikat/sertifikat-terbit,46721/SDPPI/2016,29 Jul 2016,5377,"Yaesu Musen Co., LTD",Two Way Radio,Yaesu,FTM-3100R,,Japan
1782485369-34,https://sertifikasi.postel.go.id/sertifikat/sertifikat-terbit,46446/SDPPI/2016,29 Jun 2016,5377,"Yaesu Musen Co., LTD",Two Way Radio,Yaesu,FT-450 (All Mode Transceiver),,Japan
1782485369-35,https://sertifikasi.postel.go.id/sertifikat/sertifikat-terbit,30059/I/SDPPI/2016,15 Jun 2016,4083,"EKA LANCAR INTERNUSA, PT.",Two Way Radio,ICOM,VHF Transceiver / IC-F3003 (136 - 174 MHz),,Japan
1782485369-36,https://sertifikasi.postel.go.id/sertifikat/sertifikat-terbit,30060/I/SDPPI/2016,15 Jun 2016,4083,"EKA LANCAR INTERNUSA, PT.",TWO WAY RADIO,ICOM,IC-F5023H FREQ. 136-174MHz,,Japan
1782485369-37,https://sertifikasi.postel.go.id/sertifikat/sertifikat-terbit,30159/I/SDPPI/2016,15 Jun 2016,4083,"EKA LANCAR INTERNUSA, PT.",Two Way Radio,ICOM,VHF Marine Transceiver / IC-M36 (Freq. 156.025 - 163.275 MHz),,Japan
1782485369-38,https://sertifikasi.postel.go.id/sertifikat/sertifikat-terbit,29136/I/SDPPI/2016,31 Mei 2016,1889,"CITRADATA PURNAKHARISMA, PT.",TWO WAY RADIO,Motorola,CP1300 FREQ. 350-390 MHz,,China
1782485369-39,https://sertifikasi.postel.go.id/sertifikat/sertifikat-terbit,29137/I/SDPPI/2016,31 Mei 2016,1889,"CITRADATA PURNAKHARISMA, PT.",TWO WAY RADIO,Motorola,CP1300 FREQ. 136-174MHz,,China
1782485369-40,https://sertifikasi.postel.go.id/sertifikat/sertifikat-terbit,46079/SDPPI/2016,27 Mei 2016,1774,"MOBILKOM TELEKOMINDO, PT.",Repeater Two Way Radio,Motorola,MTR2000/FO506A,,United States
1782485369-41,https://sertifikasi.postel.go.id/sertifikat/sertifikat-terbit,46077/SDPPI/2016,27 Mei 2016,1774,"MOBILKOM TELEKOMINDO, PT.",Repeater Two Way Radio,Motorola,MTR2000/FO706A,,United States
1782485369-42,https://sertifikasi.postel.go.id/sertifikat/sertifikat-terbit,45717/SDPPI/2016,15 Apr 2016,2549,"ARTHA SURYA KOMMUNIKA, PT.",Two Way Radio,JACOM,JACOM JC-668 VHF 136-174Mhz,,China
1782485369-43,https://sertifikasi.postel.go.id/sertifikat/sertifikat-terbit,29106/I/SDPPI/2016,04 Apr 2016,4083,"EKA LANCAR INTERNUSA, PT.",TWO WAY RADIO,ICOM,IC-F4003 (FREQ.350-370 MHz),,Japan
1782485369-44,https://sertifikasi.postel.go.id/sertifikat/sertifikat-terbit,45438/SDPPI/2016,16 Mar 2016,4083,"EKA LANCAR INTERNUSA, PT.",Two Way Radio,VERXION,GT-03,,China
1782485369-45,https://sertifikasi.postel.go.id/sertifikat/sertifikat-terbit,45220/SDPPI/2016,25 Feb 2016,5377,"Yaesu Musen Co., LTD",Two Way Radio,Yaesu,FT-1900R,,China
1782485369-46,https://sertifikasi.postel.go.id/sertifikat/sertifikat-terbit,45057/SDPPI/2016,12 Feb 2016,4995,SUBUR JAYA BERKATINDO. PT,Two Way Radio,Dolton,DN-801 (Freq. 136-174 MHz),,China
1782485369-47,https://sertifikasi.postel.go.id/sertifikat/sertifikat-terbit,45058/SDPPI/2016,12 Feb 2016,5377,"Yaesu Musen Co., LTD",Two Way Radio,Yaesu,FT-2900R,,Japan
1782485369-48,https://sertifikasi.postel.go.id/sertifikat/sertifikat-terbit,42939/SDPPI/2015,19 Nov 2015,2381,"ATLANTIK, CV.",Two Way Radio,WEIERWEI,VEV-339,,China
1782485369-49,https://sertifikasi.postel.go.id/sertifikat/sertifikat-terbit,42618/SDPPI/2015,27 Okt 2015,5010,"BLUE WAVE COMMUNICATION, PT.",Two Way Radio,TAIT,TB7100 (350-400 MHz),,New Zealand
1782485369-50,https://sertifikasi.postel.go.id/sertifikat/sertifikat-terbit,42498/SDPPI/2015,21 Okt 2015,4083,"EKA LANCAR INTERNUSA, PT.",Two Way Radio,VERXION,3288S,,China
1782485407-1,https://sertifikasi.postel.go.id/sertifikat/sertifikat-terbit,40000/SDPPI/2015,30 Apr 2015,2381,"ATLANTIK, CV.",Two Way Radio,Wouxun,KG-UV899,,China
1782485407-2,https://sertifikasi.postel.go.id/sertifikat/sertifikat-terbit,39775/SDPPI/2015,16 Apr 2015,2381,"ATLANTIK, CV.",Two Way Radio,WEIERWEI,CY-8800,,China
1782485407-3,https://sertifikasi.postel.go.id/sertifikat/sertifikat-terbit,39300/SDPPI/2015,18 Mar 2015,5025,"SALAM PACIFIC OFFSHORE, PT.",Two Way Radio,MCMURDO,R1,,United Kingdom
1782485407-4,https://sertifikasi.postel.go.id/sertifikat/sertifikat-terbit,19783/I/SDPPI/2015,24 Feb 2015,1818,"VERSAKOM INDONESIA, PT.",Two Way Radio,Yaesu,HF/50 MHz All Mode Transceiver / FT-450,,Japan
1782485407-5,https://sertifikasi.postel.go.id/sertifikat/sertifikat-terbit,38058/SDPPI/2015,02 Jan 2015,4953,BAHTERA PASIFIC LINE. PT,Two Way Radio,ACR,SR 102 R,,United States
1782485407-6,https://sertifikasi.postel.go.id/sertifikat/sertifikat-terbit,37305/SDPPI/2014,18 Nov 2014,4875,ALTUS ANGLO EASTERN INDONESIA. PT,Two Way Radio,Simrad,Axis 30,,United Kingdom
1782485407-7,https://sertifikasi.postel.go.id/sertifikat/sertifikat-terbit,22186/I/SDPPI/2014,26 Agu 2014,1739,"WAHGO INTERNATIONAL, PT.",Two Way Radio,KENWOOD,Mobile Radio UHF FM Transceiver 350-399 MHz /  TK-8185,,Singapore
1782485407-8,https://sertifikasi.postel.go.id/sertifikat/sertifikat-terbit,20663/I/SDPPI/2014,13 Agu 2014,1774,"MOBILKOM TELEKOMINDO, PT.",Two Way Radio,ICOM,IC-F6061D (350-400 MHz),,Japan
1782485407-9,https://sertifikasi.postel.go.id/sertifikat/sertifikat-terbit,16570/I/SDPPI/2014,07 Jul 2014,1770,"MIRUSA GRAHA, PT.",TWO WAY RADIO,ICOM,IC-F5023H FREQ. 136-174MHz,,Japan
1782485407-10,https://sertifikasi.postel.go.id/sertifikat/sertifikat-terbit,15734/I/SDPPI/2014,01 Jul 2014,1889,"CITRADATA PURNAKHARISMA, PT.",Two Way Radio,Motorola,CP1660 Freq. UHF 350-390 MHz,,China
1782485407-11,https://sertifikasi.postel.go.id/sertifikat/sertifikat-terbit,18866/I/SDPPI/2014,20 Jun 2014,2549,"ARTHA SURYA KOMMUNIKA, PT.",TWO WAY RADIO,VEV,VEV 3288D FREQ. 134-176MHz,,China
1782485407-12,https://sertifikasi.postel.go.id/sertifikat/sertifikat-terbit,15961/I/SDPPI/2014,20 Mei 2014,1889,"CITRADATA PURNAKHARISMA, PT.",Two Way Radio,Motorola,CP1660 Freq. UHF 403-438 MHz,,China
1782485407-13,https://sertifikasi.postel.go.id/sertifikat/sertifikat-terbit,15736/I/SDPPI/2014,20 Mei 2014,1889,"CITRADATA PURNAKHARISMA, PT.",Two Way Radio,Motorola,CP1660 Freq. VHF 136-174 MHz,,China
1782485407-14,https://sertifikasi.postel.go.id/sertifikat/sertifikat-terbit,34370/SDPPI/2014,25 Apr 2014,4388,"JAYA TEKNIK INDONESIA, PT.",Two Way Radio,UNIMO,UT-1500,,"Korea, Republic Of"
1782485407-15,https://sertifikasi.postel.go.id/sertifikat/sertifikat-terbit,18060/I/SDPPI/2014,24 Apr 2014,1770,"MIRUSA GRAHA, PT.",Two Way Radio,ICOM,VHF Marine Transceiver / IC-M504 (Freq. 156.025 - 163.275 MHz),,Japan
1782485407-16,https://sertifikasi.postel.go.id/sertifikat/sertifikat-terbit,34303/SDPPI/2014,23 Apr 2014,4388,"JAYA TEKNIK INDONESIA, PT.",Two Way Radio,UNIMO,PT-1500,,"Korea, Republic Of"
1782485407-17,https://sertifikasi.postel.go.id/sertifikat/sertifikat-terbit,34182/SDPPI/2014,14 Apr 2014,4530,Yokogawa Electronic International Ltd,TWO WAY RADIO,Motorola,GM338 403-449 MHz,,Malaysia
1782485407-18,https://sertifikasi.postel.go.id/sertifikat/sertifikat-terbit,18204/I/SDPPI/2014,24 Mar 2014,1798,"CAKRAWALA MULTI KOMUNIKASI PUSAT JAKARTA, PT.",TWO WAY RADIO,FIRSTCOM,FC-04G (400-438 MHz),,China
1782485407-19,https://sertifikasi.postel.go.id/sertifikat/sertifikat-terbit,18597/I/SDPPI/2014,03 Mar 2014,1758,"MOTOROLA  SOLUTIONS INDONESIA, PT.",TWO WAY RADIO,Motorola,GM338 FREQ. 403-438MHz,,Malaysia
1782485407-20,https://sertifikasi.postel.go.id/sertifikat/sertifikat-terbit,15725/I/SDPPI/2014,21 Feb 2014,1774,"MOBILKOM TELEKOMINDO, PT.",Two Way Radio,ICOM,IC-F4161DT,,Japan
1782485407-21,https://sertifikasi.postel.go.id/sertifikat/sertifikat-terbit,15727/I/SDPPI/2014,21 Feb 2014,1774,"MOBILKOM TELEKOMINDO, PT.",Repeater Two Way Radio,ICOM,IC-FR6000 UHF Repeater,,Japan
1782485407-22,https://sertifikasi.postel.go.id/sertifikat/sertifikat-terbit,18162/I/SDPPI/2014,11 Feb 2014,1758,"MOTOROLA  SOLUTIONS INDONESIA, PT.",Repeater Two Way Radio,Motorola,"MOTOTRBO XiR R8200, Freq. 350 - 400 MHz",,Malaysia
1782485407-23,https://sertifikasi.postel.go.id/sertifikat/sertifikat-terbit,17646/I/SDPPI/2014,16 Jan 2014,1798,"CAKRAWALA MULTI KOMUNIKASI PUSAT JAKARTA, PT.",TWO WAY RADIO,Vertex Standard,VX-1700-AO-125 FREQ.  3.0 - 30MHz,,Japan
1782485407-24,https://sertifikasi.postel.go.id/sertifikat/sertifikat-terbit,17599/I/SDPPI/2014,13 Jan 2014,1798,"CAKRAWALA MULTI KOMUNIKASI PUSAT JAKARTA, PT.",Two Way Radio,Firstcom II,FC-02G Frekuensi 134-176 MHz,,China
1782485407-25,https://sertifikasi.postel.go.id/sertifikat/sertifikat-terbit,17462/I/SDPPI/2013,30 Des 2013,2276,"GAJAH MANDALA JAYA, PT.",Two Way Radio,TAIT,TP8140 IS (806-870 MHz),,New Zealand
1782485407-26,https://sertifikasi.postel.go.id/sertifikat/sertifikat-terbit,17461/I/SDPPI/2013,30 Des 2013,2276,"GAJAH MANDALA JAYA, PT.",Two Way Radio,TAIT,TM8255 (762-870 MHz),,New Zealand
1782485407-27,https://sertifikasi.postel.go.id/sertifikat/sertifikat-terbit,17460/I/SDPPI/2013,30 Des 2013,2276,"GAJAH MANDALA JAYA, PT.",Two Way Radio,TAIT,TP8140 IS (350-400 MHz),,New Zealand
1782485407-28,https://sertifikasi.postel.go.id/sertifikat/sertifikat-terbit,32515/SDPPI/2013,16 Des 2013,4079,INTI BUANA EKSPORINDO PT,Portable Two Way Radio,CLARIGO,Clarigo 468  (UHF: 330-400 MHz),,China
1782485407-29,https://sertifikasi.postel.go.id/sertifikat/sertifikat-terbit,32516/SDPPI/2013,16 Des 2013,4079,INTI BUANA EKSPORINDO PT,Portable Two Way Radio,CLARIGO,Clarigo 468  (VHF: 136-174 MHz),,China
1782485407-30,https://sertifikasi.postel.go.id/sertifikat/sertifikat-terbit,32514/SDPPI/2013,16 Des 2013,4079,INTI BUANA EKSPORINDO PT,Portable Two Way Radio,CLARIGO,Clarigo 468  (UHF:400-438 MHz),,China
1782485407-31,https://sertifikasi.postel.go.id/sertifikat/sertifikat-terbit,32513/SDPPI/2013,16 Des 2013,4079,INTI BUANA EKSPORINDO PT,Mobile Two Way Radio,CLARIGO,Clarigo L 90  (UHF:400-438 MHz),,China
1782485407-32,https://sertifikasi.postel.go.id/sertifikat/sertifikat-terbit,32461/SDPPI/2013,12 Des 2013,2381,"ATLANTIK, CV.",Two Way Radio,TYT,TH-6200,,China
1782485407-33,https://sertifikasi.postel.go.id/sertifikat/sertifikat-terbit,32291/SDPPI/2013,05 Des 2013,4249,"VEKTOR INFOTEK, PT.",Two Way Radio,Motorola,GM 3688 Frek. 350-380 Mhz,,Malaysia
1782485407-34,https://sertifikasi.postel.go.id/sertifikat/sertifikat-terbit,12777/I/SDPPI/2013,28 Okt 2013,2276,"GAJAH MANDALA JAYA, PT.",Two Way Radio,TAIT,TB7100 (350-400 MHz),,New Zealand
1782485407-35,https://sertifikasi.postel.go.id/sertifikat/sertifikat-terbit,12775/I/SDPPI/2013,28 Okt 2013,2276,"GAJAH MANDALA JAYA, PT.",Two Way Radio,TAIT,TM8255 (350-400 MHz),,New Zealand
1782485407-36,https://sertifikasi.postel.go.id/sertifikat/sertifikat-terbit,17190/I/SDPPI/2013,28 Okt 2013,1758,"MOTOROLA  SOLUTIONS INDONESIA, PT.",Two Way Radio,Motorola,"XiR P8260, 350-400Mhz",,Malaysia
1782485407-37,https://sertifikasi.postel.go.id/sertifikat/sertifikat-terbit,17188/I/SDPPI/2013,28 Okt 2013,1758,"MOTOROLA  SOLUTIONS INDONESIA, PT.",Two Way Radio,Motorola,"XiR P8200, 350-400Mhz",,Malaysia
1782485407-38,https://sertifikasi.postel.go.id/sertifikat/sertifikat-terbit,17187/I/SDPPI/2013,28 Okt 2013,1758,"MOTOROLA  SOLUTIONS INDONESIA, PT.",Two Way Radio,Motorola,"XiR P8208, 350-400Mhz",,Malaysia
1782485407-39,https://sertifikasi.postel.go.id/sertifikat/sertifikat-terbit,17189/I/SDPPI/2013,28 Okt 2013,1758,"MOTOROLA  SOLUTIONS INDONESIA, PT.",Two Way Radio,Motorola,"XiR P8268, 350-400Mhz",,Malaysia
1782485407-40,https://sertifikasi.postel.go.id/sertifikat/sertifikat-terbit,31525/SDPPI/2013,24 Okt 2013,1798,"CAKRAWALA MULTI KOMUNIKASI PUSAT JAKARTA, PT.",Portable Two Way Radio,Vertex Standard,VZ-88-D0-5  (VHF : 136-174 MHz),,China
1782485407-41,https://sertifikasi.postel.go.id/sertifikat/sertifikat-terbit,31521/SDPPI/2013,24 Okt 2013,4079,INTI BUANA EKSPORINDO PT,Mobile Two Way Radio,CLARIGO,L 90 (UHF : 340-399.995 MHz),,China
1782485407-42,https://sertifikasi.postel.go.id/sertifikat/sertifikat-terbit,16439/I/SDPPI/2013,04 Okt 2013,1739,"WAHGO INTERNATIONAL, PT.",Two Way Radio,KENWOOD,Digital Mobile Radio 700/800MHz FM & P25 / TK-5910,,Japan
1782485407-43,https://sertifikasi.postel.go.id/sertifikat/sertifikat-terbit,31191/SDPPI/2013,03 Okt 2013,1798,"CAKRAWALA MULTI KOMUNIKASI PUSAT JAKARTA, PT.",Portable Two Way Radio,Vertex Standard,VZ-88-G6-4 (UHF : 403-438 Mhz),,China
1782485407-44,https://sertifikasi.postel.go.id/sertifikat/sertifikat-terbit,16766/I/SDPPI/2013,01 Okt 2013,1758,"MOTOROLA  SOLUTIONS INDONESIA, PT.",Two Way Radio,Motorola,"GM3688, (403 - 438MHz)",,Malaysia
1782485407-45,https://sertifikasi.postel.go.id/sertifikat/sertifikat-terbit,16855/I/SDPPI/2013,01 Okt 2013,1758,"MOTOROLA  SOLUTIONS INDONESIA, PT.",Two Way Radio,Motorola,"GM3188, 403 - 438 MHz 25W",,Malaysia
1782485407-46,https://sertifikasi.postel.go.id/sertifikat/sertifikat-terbit,16856/I/SDPPI/2013,01 Okt 2013,1758,"MOTOROLA  SOLUTIONS INDONESIA, PT.",Two Way Radio,Motorola,"GM3188, (403 - 438MHz) 40W",,Malaysia
1782485407-47,https://sertifikasi.postel.go.id/sertifikat/sertifikat-terbit,30690/SDPPI/2013,04 Sep 2013,4079,INTI BUANA EKSPORINDO PT,Portable Two Way Radio,SMP,SMP 458U01 (UHF400-438 MHz),,China
1782485407-48,https://sertifikasi.postel.go.id/sertifikat/sertifikat-terbit,30626/SDPPI/2013,30 Agu 2013,4079,INTI BUANA EKSPORINDO PT,Portable Two Way Radio,SMP,SMP 458U04 (UHF 330-400 Mhz),,China
1782485407-49,https://sertifikasi.postel.go.id/sertifikat/sertifikat-terbit,30625/SDPPI/2013,30 Agu 2013,4079,INTI BUANA EKSPORINDO PT,Portable Two Way Radio,SMP,SMP 468U04 (UHF330-400 MHz),,China
1782485407-50,https://sertifikasi.postel.go.id/sertifikat/sertifikat-terbit,30627/SDPPI/2013,30 Agu 2013,4079,INTI BUANA EKSPORINDO PT,Portable Two Way Radio,SMP,SMP 468U01 (UHF 400-438 Mhz),,China
1782485437-1,https://sertifikasi.postel.go.id/sertifikat/sertifikat-terbit,30604/SDPPI/2013,29 Agu 2013,4079,INTI BUANA EKSPORINDO PT,Portable Two Way Radio,SMP,SMP 458V01 (VHF 136-174 MHz),,China
1782485437-2,https://sertifikasi.postel.go.id/sertifikat/sertifikat-terbit,30606/SDPPI/2013,28 Agu 2013,4079,INTI BUANA EKSPORINDO PT,Mobile Two Way Radio,CLARIGO,L 90 (VHF 136-174 MHz),,China
1782485437-3,https://sertifikasi.postel.go.id/sertifikat/sertifikat-terbit,30605/SDPPI/2013,28 Agu 2013,4079,INTI BUANA EKSPORINDO PT,Portable Two Way Radio,SMP,SMP 468V01 ( VHF 136-174MHz),,China
1782485437-4,https://sertifikasi.postel.go.id/sertifikat/sertifikat-terbit,30544/SDPPI/2013,26 Agu 2013,2484,"MEGAYASA TEKNOLOGI INDONESIA, PT.",TWO WAY RADIO,CODAN,NGT VR/2011,,Australia
1782485437-5,https://sertifikasi.postel.go.id/sertifikat/sertifikat-terbit,04951/II/SDPPI/2013,29 Jul 2013,1758,"MOTOROLA  SOLUTIONS INDONESIA, PT.",Two Way Radio,Motorola,Radio Portable/GP3188 Freq 146-174MHz,,Malaysia
1782485437-6,https://sertifikasi.postel.go.id/sertifikat/sertifikat-terbit,15706/I/SDPPI/2013,29 Jul 2013,1758,"MOTOROLA  SOLUTIONS INDONESIA, PT.",Two Way Radio,Motorola,CP1300 FREQ. 350-390 MHz,,China
1782485437-7,https://sertifikasi.postel.go.id/sertifikat/sertifikat-terbit,15707/I/SDPPI/2013,29 Jul 2013,1758,"MOTOROLA  SOLUTIONS INDONESIA, PT.",Two Way Radio,Motorola,CP1300 FREQ. 136-174MHz,,China
1782485437-8,https://sertifikasi.postel.go.id/sertifikat/sertifikat-terbit,14239/I/SDPPI/2013,17 Jul 2013,2484,"MEGAYASA TEKNOLOGI INDONESIA, PT.",Repeater Two Way Radio,Motorola,"CDR 500, Freq. 136-174 MHz & 350-400 MHz",,Malaysia
1782485437-9,https://sertifikasi.postel.go.id/sertifikat/sertifikat-terbit,14452/I/SDPPI/2013,08 Jul 2013,1758,"MOTOROLA  SOLUTIONS INDONESIA, PT.",Two Way Radio,Motorola,MTX960 Freq. 806-870 MHz,,Malaysia
1782485437-10,https://sertifikasi.postel.go.id/sertifikat/sertifikat-terbit,15392/I/SDPPI/2013,08 Jul 2013,1798,"CAKRAWALA MULTI KOMUNIKASI PUSAT JAKARTA, PT.",Two Way Radio,FIRSTCOM,Professional Portable Radio / FC-08 FREQ. 135-174MHz),,China
1782485437-11,https://sertifikasi.postel.go.id/sertifikat/sertifikat-terbit,15390/I/SDPPI/2013,28 Jun 2013,1798,"CAKRAWALA MULTI KOMUNIKASI PUSAT JAKARTA, PT.",Two Way Radio,Alinco,Dual Band Transceiver / DR-635 (VHF 144-147 MHz dan UHF 400 - 430 MHz),,Japan
1782485437-12,https://sertifikasi.postel.go.id/sertifikat/sertifikat-terbit,14728/I/SDPPI/2013,19 Jun 2013,1739,"WAHGO INTERNATIONAL, PT.",TWO WAY RADIO,BARRET,PRC-2090,,Australia
1782485437-13,https://sertifikasi.postel.go.id/sertifikat/sertifikat-terbit,14448/I/SDPPI/2013,22 Mei 2013,1818,"VERSAKOM INDONESIA, PT.",Two Way Radio,Yaesu,FT-2900R/E,,Japan
1782485437-14,https://sertifikasi.postel.go.id/sertifikat/sertifikat-terbit,14447/I/SDPPI/2013,22 Mei 2013,1818,"VERSAKOM INDONESIA, PT.",Two Way Radio,Yaesu,FT-7900R/E,,Japan
1782485437-15,https://sertifikasi.postel.go.id/sertifikat/sertifikat-terbit,14462/I/SDPPI/2013,14 Mei 2013,1889,"CITRADATA PURNAKHARISMA, PT.",Repeater Two Way Radio,Motorola,"CDR500, Freq. 300-400 MHz",,China
1782485437-16,https://sertifikasi.postel.go.id/sertifikat/sertifikat-terbit,14659/I/SDPPI/2013,30 Apr 2013,1798,"CAKRAWALA MULTI KOMUNIKASI PUSAT JAKARTA, PT.",Two Way Radio,Alinco,DR-135 Freq 136-174 MHz,,Japan
1782485437-17,https://sertifikasi.postel.go.id/sertifikat/sertifikat-terbit,04529/II/SDPPI/2013,23 Apr 2013,1758,"MOTOROLA  SOLUTIONS INDONESIA, PT.",Two Way Radio,Motorola,GM 3688 Frek. 350-380 Mhz,,Malaysia
1782485437-18,https://sertifikasi.postel.go.id/sertifikat/sertifikat-terbit,04675/II/SDPPI/2013,23 Apr 2013,1758,"MOTOROLA  SOLUTIONS INDONESIA, PT.",Two Way Radio,Motorola,GP 3188  (frek. 136-162 MHz),,Malaysia
1782485437-19,https://sertifikasi.postel.go.id/sertifikat/sertifikat-terbit,04360/II/SDPPI/2013,18 Mar 2013,1758,"MOTOROLA  SOLUTIONS INDONESIA, PT.",Two Way Radio,Motorola,XTL 2500 Freq. 764-870-MHz,,United States
1782485437-20,https://sertifikasi.postel.go.id/sertifikat/sertifikat-terbit,03858/II/SDPPI/2013,25 Feb 2013,1758,"MOTOROLA  SOLUTIONS INDONESIA, PT.",Two Way Radio,Motorola,GM 3188 VHF 146-174 MHz,,Malaysia
1782485437-21,https://sertifikasi.postel.go.id/sertifikat/sertifikat-terbit,28207/SDPPI/2013,22 Feb 2013,4249,"Vektor InfoTek, PT",Repeater Two Way Radio,Motorola,CDR 700 Freq 350-380 MHz,,Malaysia
1782485437-22,https://sertifikasi.postel.go.id/sertifikat/sertifikat-terbit,13895/I/SDPPI/2013,25 Jan 2013,1758,"MOTOROLA  SOLUTIONS INDONESIA, PT.",Two Way Radio,Motorola,MTP850Ex  ATEX TETRA terminal 380-430 MHz,,Malaysia
1782485437-23,https://sertifikasi.postel.go.id/sertifikat/sertifikat-terbit,27031/SDPPI/2012,29 Nov 2012,4190,MEINDO ELANG INDAH PT,Two Way Radio,Motorola,"GM 3688, Freq. 350-380 MHz",,Malaysia
1782485437-24,https://sertifikasi.postel.go.id/sertifikat/sertifikat-terbit,04006/II/SDPPI/2012,20 Nov 2012,1758,"MOTOROLA  SOLUTIONS INDONESIA, PT.",Two Way Radio,Motorola,MagOne A8 VHF 150-174 MHz,,China
1782485437-25,https://sertifikasi.postel.go.id/sertifikat/sertifikat-terbit,01758/III/SDPPI/2012,07 Nov 2012,1758,"MOTOROLA  SOLUTIONS INDONESIA, PT.",Repeater Two Way Radio,Motorola,CDR 700 Freq 136-174 MHz,,Malaysia
1782485437-26,https://sertifikasi.postel.go.id/sertifikat/sertifikat-terbit,01757/III/SDPPI/2012,07 Nov 2012,1758,"MOTOROLA  SOLUTIONS INDONESIA, PT.",Repeater Two Way Radio,Motorola,CDR 500 Freq 136-174 MHz,,Malaysia
1782485437-27,https://sertifikasi.postel.go.id/sertifikat/sertifikat-terbit,26782/SDPPI/2012,07 Nov 2012,4079,INTI BUANA EKSPORINDO PT,PORTABLE TWO WAY RADIO,SMP,SMP 818 Frequency : UHF: 330-400 MHz,,China
1782485437-28,https://sertifikasi.postel.go.id/sertifikat/sertifikat-terbit,26781/SDPPI/2012,07 Nov 2012,4079,INTI BUANA EKSPORINDO PT,PORTABLE TWO WAY RADIO,SMP,SMP 418 Frequency : UHF: 330-400 MHz,,China
1782485437-29,https://sertifikasi.postel.go.id/sertifikat/sertifikat-terbit,26042/SDPPI/2012,13 Sep 2012,4079,INTI BUANA EKSPORINDO PT,Portable Two Way Radio,SMP,SMP818 UHF 400 - 438 Mhz,,China
1782485437-30,https://sertifikasi.postel.go.id/sertifikat/sertifikat-terbit,26045/SDPPI/2012,13 Sep 2012,4079,INTI BUANA EKSPORINDO PT,Portable Two Way Radio,SMP,SMP818 VHF 136 - 174 Mhz,,China
1782485437-31,https://sertifikasi.postel.go.id/sertifikat/sertifikat-terbit,26033/SDPPI/2012,13 Sep 2012,2276,"GAJAH MANDALA JAYA, PT.",Two Way Radio,TAIT,TM8255 (136-174 MHz),,New Zealand
1782485437-32,https://sertifikasi.postel.go.id/sertifikat/sertifikat-terbit,26041/SDPPI/2012,13 Sep 2012,4079,INTI BUANA EKSPORINDO PT,Portable Two Way Radio,SMP,SMP418 UHF : 400-438 MHz,,China
1782485437-33,https://sertifikasi.postel.go.id/sertifikat/sertifikat-terbit,26032/SDPPI/2012,13 Sep 2012,2276,"GAJAH MANDALA JAYA, PT.",Two Way Radio,TAIT,TP8140 IS (136-174 MHz),,New Zealand
1782485437-34,https://sertifikasi.postel.go.id/sertifikat/sertifikat-terbit,26034/SDPPI/2012,13 Sep 2012,2276,"GAJAH MANDALA JAYA, PT.",Two Way Radio,TAIT,TB8200 Base Station / Repeater (148-174 MHz),,New Zealand
1782485437-35,https://sertifikasi.postel.go.id/sertifikat/sertifikat-terbit,25947/SDPPI/2012,10 Sep 2012,4079,INTI BUANA EKSPORINDO PT,Portable Two Way Radio,SMP,SMP418 VHF : 136-174 MHz,,China
1782485437-36,https://sertifikasi.postel.go.id/sertifikat/sertifikat-terbit,25095/SDPPI/2012,05 Jul 2012,2549,"ARTHA SURYA KOMMUNIKA, PT.",Two Way Radio,VEV,VEV-789Plus,,China
1782485437-37,https://sertifikasi.postel.go.id/sertifikat/sertifikat-terbit,24044/SDPPI/2012,03 Mei 2012,1798,"CAKRAWALA MULTI KOMUNIKASI PUSAT JAKARTA, PT.",Two Way Radio,FIRSTCOM,FC-128 ( VHF : 134-176 MHz ),,China
1782485437-38,https://sertifikasi.postel.go.id/sertifikat/sertifikat-terbit,24032/SDPPI/2012,03 Mei 2012,1798,"CAKRAWALA MULTI KOMUNIKASI PUSAT JAKARTA, PT.",Two Way Radio,FIRSTCOM,FC-428 ( UHF : 400 - 438 MHz ),,China
1782485437-39,https://sertifikasi.postel.go.id/sertifikat/sertifikat-terbit,23983/SDPPI/2012,30 Apr 2012,2484,"MEGAYASA TEKNOLOGI INDONESIA, PT.",Two Way Radio,Motorola,"GM 3688, Freq. 350-380 MHz",,Malaysia
1782485437-40,https://sertifikasi.postel.go.id/sertifikat/sertifikat-terbit,20603/SDPPI/2011,22 Agu 2011,2236,"SURYA CITRA NATA BUANA, PT.",Two Way Radio,ICOM,UHF Transceiver / UHF Mobile IC-F6123D,,Japan
1782485437-41,https://sertifikasi.postel.go.id/sertifikat/sertifikat-terbit,20602/SDPPI/2011,22 Agu 2011,3744,"TRADAYA INDONESIA, PT.",Two Way Radio,LDT,800 (VHF Frek. 135-174 MHz),,China
1782485437-42,https://sertifikasi.postel.go.id/sertifikat/sertifikat-terbit,19957/SDPPI/2011,06 Jul 2011,2276,"GAJAH MANDALA JAYA, PT.",Two Way Radio,TAIT,TM8235 (400-430 MHz),,New Zealand
1782485437-43,https://sertifikasi.postel.go.id/sertifikat/sertifikat-terbit,19191/SDPPI/2011,10 Mei 2011,3354,"MANTAP JAYA ELEKTRONIK, PT.",Two Way Radio,HY-E,SH-835 Freq. 136-174 MHz,,China
1782485437-44,https://sertifikasi.postel.go.id/sertifikat/sertifikat-terbit,18897/SDPPI/2011,11 Apr 2011,2579,"SOJO POWERINDO PERKASA, PT.",Two Way Radio,Motorola,CP1660 Freq. VHF 350-390 MHz,,China
1782485437-45,https://sertifikasi.postel.go.id/sertifikat/sertifikat-terbit,18374/SDPPI/2011,24 Feb 2011,2276,"GAJAH MANDALA JAYA, PT.",Two Way Radio,TAIT,TP8140 IS (400-430 MHz),,New Zealand
1782485437-46,https://sertifikasi.postel.go.id/sertifikat/sertifikat-terbit,18061/SDPPI/2011,26 Jan 2011,1770,"MIRUSA GRAHA, PT.",Two Way Radio,ICOM,VHF Marine Transceiver / IC-M36 (Freq. 156.025 - 163.275 MHz),,Japan
1782485437-47,https://sertifikasi.postel.go.id/sertifikat/sertifikat-terbit,17415/SDPPI/2010,29 Nov 2010,3466,"BORMINDO NUSANTARA, PT.",TWO WAY RADIO,ICOM,144 MHz FM Transceiver IC-2100H,,Japan
1782485437-48,https://sertifikasi.postel.go.id/sertifikat/sertifikat-terbit,16539/SDPPI/2010,24 Sep 2010,1798,"CAKRAWALA MULTI KOMUNIKASI PUSAT JAKARTA, PT.",Two Way Radio,FIRSTCOM,"Mobile Radio Transceiver / FR-188, Freq. 136-174 MHz",,China
1782485437-49,https://sertifikasi.postel.go.id/sertifikat/sertifikat-terbit,16180/SDPPI/2010,16 Agu 2010,3253,"CENTURY DINAMIK DRILLING, PT.",Two Way Radio,Motorola,XiR P8200  VHF Freq. 136-174 MHz,,Malaysia
1782485437-50,https://sertifikasi.postel.go.id/sertifikat/sertifikat-terbit,16136/SDPPI/2010,12 Agu 2010,2020,"MAESA NUSATAMA, PT.",Repeater Two Way Radio,Motorola,Mototrbo Repeater / XiR™ R8200,,Malaysia
1782485464-1,https://sertifikasi.postel.go.id/sertifikat/sertifikat-terbit,16097/SDPPI/2010,10 Agu 2010,1770,"MIRUSA GRAHA, PT.",TWO WAY RADIO,ICOM,IC-F4003 (FREQ.350-370 MHz),,Japan
1782485464-2,https://sertifikasi.postel.go.id/sertifikat/sertifikat-terbit,16095/SDPPI/2010,10 Agu 2010,1770,"MIRUSA GRAHA, PT.",TWO WAY RADIO,ICOM,IC-F44GT (FREQ.400-430MHz),,Japan
1782485464-3,https://sertifikasi.postel.go.id/sertifikat/sertifikat-terbit,15999/SDPPI/2010,03 Agu 2010,2236,"SURYA CITRA NATA BUANA, PT.",Two Way Radio Mobile,Motorola,MOTOTRBO XiR™ M8268,,Malaysia
1782485464-4,https://sertifikasi.postel.go.id/sertifikat/sertifikat-terbit,16000/SDPPI/2010,03 Agu 2010,2236,"SURYA CITRA NATA BUANA, PT.",Two Way Radio Portable,Motorola,MOTOTRBO XiR™ P8268,,Malaysia
1782485464-5,https://sertifikasi.postel.go.id/sertifikat/sertifikat-terbit,15733/SDPPI/2010,14 Jul 2010,1889,"CITRADATA PURNAKHARISMA, PT.",Two Way Radio,Motorola,GM3188 Freq. UHF 403-438 MHz,,Malaysia
1782485464-6,https://sertifikasi.postel.go.id/sertifikat/sertifikat-terbit,15732/SDPPI/2010,14 Jul 2010,1889,"CITRADATA PURNAKHARISMA, PT.",Two Way Radio,Motorola,GM3688 Freq. UHF 403-438 MHz,,Malaysia
1782485464-7,https://sertifikasi.postel.go.id/sertifikat/sertifikat-terbit,15735/SDPPI/2010,14 Jul 2010,1889,"CITRADATA PURNAKHARISMA, PT.",Two Way Radio,Motorola,GP2000 Freq. UHF 403-438 MHz,,Malaysia
1782485464-8,https://sertifikasi.postel.go.id/sertifikat/sertifikat-terbit,15667/SDPPI/2010,12 Jul 2010,3268,"DOK DAN PERKAPALAN SURABAYA (PERSERO), PT.",Two Way Radio,Motorola,"GP328, UHF 136-174 MHz",,United Kingdom
1782485464-9,https://sertifikasi.postel.go.id/sertifikat/sertifikat-terbit,15657/SDPPI/2010,12 Jul 2010,3268,"DOK DAN PERKAPALAN SURABAYA (PERSERO), PT.",Two Way Radio Maritim,MCMURDO,Mc Murdo R2 GMDSS VHF Radio,,United Kingdom
1782485464-10,https://sertifikasi.postel.go.id/sertifikat/sertifikat-terbit,15705/SDPPI/2010,12 Jul 2010,1904,"MOTOROLA INDONESIA, PT.",TWO WAY RADIO,Motorola,CM5000 FREQ. 380-430MHz,,United Kingdom
1782485464-11,https://sertifikasi.postel.go.id/sertifikat/sertifikat-terbit,15707/SDPPI/2010,12 Jul 2010,1904,"MOTOROLA INDONESIA, PT.",TWO WAY RADIO,Motorola,CP1300 FREQ. 136-174MHz,,China
1782485464-12,https://sertifikasi.postel.go.id/sertifikat/sertifikat-terbit,15675/SDPPI/2010,12 Jul 2010,3354,"MANTAP JAYA ELEKTRONIK, PT.",Two Way Radio,HY-E,SH-135 Enhanced  ( VHF: 136 - 174 MHz),,China
1782485464-13,https://sertifikasi.postel.go.id/sertifikat/sertifikat-terbit,15549/SDPPI/2010,28 Jun 2010,1770,"MIRUSA GRAHA, PT.",Two Way Radio,ICOM,VHF Marine Transceiver / IC-M422,,Japan
1782485464-14,https://sertifikasi.postel.go.id/sertifikat/sertifikat-terbit,15548/SDPPI/2010,28 Jun 2010,1770,"MIRUSA GRAHA, PT.",Two Way Radio,ICOM,VHF Air Band Transceiver / IC-A210,,Japan
1782485464-15,https://sertifikasi.postel.go.id/sertifikat/sertifikat-terbit,15487/SDPPI/2010,25 Jun 2010,1889,"CITRADATA PURNAKHARISMA, PT.",Repeater Two Way Radio,Motorola,"MTR 2000, Freq. 350 MHz (Compentional)",,United States
1782485464-16,https://sertifikasi.postel.go.id/sertifikat/sertifikat-terbit,15485/SDPPI/2010,25 Jun 2010,1889,"CITRADATA PURNAKHARISMA, PT.",Two Way Radio,Motorola,"Portable Radio UHF / GP 338 Plus, Freq. 330-400 MHz",,Malaysia
1782485464-17,https://sertifikasi.postel.go.id/sertifikat/sertifikat-terbit,15391/SDPPI/2010,15 Jun 2010,1798,"CAKRAWALA MULTI KOMUNIKASI PUSAT JAKARTA, PT.",Two Way Radio,FIRSTCOM,Professional Handy Transceiver / FC-U08 Freq. 400-430MHz,,China
1782485464-18,https://sertifikasi.postel.go.id/sertifikat/sertifikat-terbit,15175/SDPPI/2010,24 Mei 2010,1770,"MIRUSA GRAHA, PT.",Two Way Radio,ICOM,VHF Transceiver / IC-F3003 (136 - 174 MHz),,Japan
1782485464-19,https://sertifikasi.postel.go.id/sertifikat/sertifikat-terbit,15104/SDPPI/2010,18 Mei 2010,1291,"PANORAMA TIMUR JAYA, PT.",Two Way Radio,Sapura Thales Electronics,VHF Handheld Radio / TRC 5102,,Malaysia
1782485464-20,https://sertifikasi.postel.go.id/sertifikat/sertifikat-terbit,14833/SDPPI/2010,21 Apr 2010,2493,"ARTHA KREASI ABADI, PT.",Two Way Radio,ICOM,IC-V80 LM Version (Freq. 136-174 MHz),,Japan
1782485464-21,https://sertifikasi.postel.go.id/sertifikat/sertifikat-terbit,14797/SDPPI/2010,16 Apr 2010,2058,"ROHDE & SCHWARZ INDONESIA, PT.",Two Way Radio,SEPURA,TETRA Hand-Portable Radio / STP8080 Frekuensi 806-870 MHz,,United Kingdom
1782485464-22,https://sertifikasi.postel.go.id/sertifikat/sertifikat-terbit,14690/SDPPI/2010,07 Apr 2010,2091,"SCHLUMBERGER GEOPHYSICS NUSANTARA, PT.",Two Way Radio,Motorola,"GM338, VHF 136 - 174 MHz",,Malaysia
1782485464-23,https://sertifikasi.postel.go.id/sertifikat/sertifikat-terbit,14519/SDPPI/2010,23 Mar 2010,2773,"HITECH YAKSA TELEKOMUNIKASI, PT.",Two Way Radio,Daimitsu,"DM 100, Freq. 135-174 MHz",,China
1782485464-24,https://sertifikasi.postel.go.id/sertifikat/sertifikat-terbit,14449/SDPPI/2010,15 Mar 2010,1818,"VERSAKOM INDONESIA, PT.",Two Way Radio,Yaesu,FT-1900R/E,,Japan
1782485464-25,https://sertifikasi.postel.go.id/sertifikat/sertifikat-terbit,14154/SDPPI/2010,12 Feb 2010,1758,"MOTOROLA INDONESIA, PT.",Repeater Two Way Radio,Motorola,MTR2000 UHF (410-430 MHz),,United States
1782485464-26,https://sertifikasi.postel.go.id/sertifikat/sertifikat-terbit,14096/SDPPI/2010,04 Feb 2010,2276,"GAJAH MANDALA JAYA, PT.",Two Way Radio,TAIT,TM 9155 (762-870 MHz),,New Zealand
1782485464-27,https://sertifikasi.postel.go.id/sertifikat/sertifikat-terbit,14076/SDPPI/2010,03 Feb 2010,1798,"CAKRAWALA MULTI KOMUNIKASI PUSAT JAKARTA, PT.",Two Way Radio,Motorola,"GP 3188, Freq. 146-174 MHz",,Malaysia
1782485464-28,https://sertifikasi.postel.go.id/sertifikat/sertifikat-terbit,14077/SDPPI/2010,03 Feb 2010,1798,"CAKRAWALA MULTI KOMUNIKASI PUSAT JAKARTA, PT.",Two Way Radio,Motorola,"GP 338, Freq. 136-174 MHz",,Malaysia
1782485464-29,https://sertifikasi.postel.go.id/sertifikat/sertifikat-terbit,13876/SDPPI/2010,19 Jan 2010,1798,"CAKRAWALA MULTI KOMUNIKASI PUSAT JAKARTA, PT.",Two Way Radio,Motorola,"GM 3688, Freq. 146-174 MHz",,Malaysia
1782485464-30,https://sertifikasi.postel.go.id/sertifikat/sertifikat-terbit,13878/SDPPI/2010,19 Jan 2010,1798,"CAKRAWALA MULTI KOMUNIKASI PUSAT JAKARTA, PT.",Two Way Radio,Motorola,"GP 3188, Freq. 136-162 MHz",,Malaysia
1782485464-31,https://sertifikasi.postel.go.id/sertifikat/sertifikat-terbit,13877/SDPPI/2010,19 Jan 2010,1798,"CAKRAWALA MULTI KOMUNIKASI PUSAT JAKARTA, PT.",Two Way Radio,Motorola,"GM 3688, Freq. 350-380 MHz",,Malaysia
1782485464-32,https://sertifikasi.postel.go.id/sertifikat/sertifikat-terbit,13704/POSTEL/2009,29 Des 2009,1798,"CAKRAWALA MULTI KOMUNIKASI PUSAT JAKARTA, PT.",Two Way Radio,Motorola,"GM3188, VHF 136-162 MHz",,Malaysia
1782485464-33,https://sertifikasi.postel.go.id/sertifikat/sertifikat-terbit,13708/POSTEL/2009,29 Des 2009,1798,"CAKRAWALA MULTI KOMUNIKASI PUSAT JAKARTA, PT.",Two Way Radio,Motorola,"GM338, VHF 136 - 174 MHz",,Malaysia
1782485464-34,https://sertifikasi.postel.go.id/sertifikat/sertifikat-terbit,13710/POSTEL/2009,29 Des 2009,1798,"CAKRAWALA MULTI KOMUNIKASI PUSAT JAKARTA, PT.",Two Way Radio,Motorola,"GP3188, UHF 330-400 MHz",,Malaysia
1782485464-35,https://sertifikasi.postel.go.id/sertifikat/sertifikat-terbit,13709/POSTEL/2009,29 Des 2009,1798,"CAKRAWALA MULTI KOMUNIKASI PUSAT JAKARTA, PT.",Two Way Radio,Motorola,"GP338, UHF 330-400 MHz",,Malaysia
1782485464-36,https://sertifikasi.postel.go.id/sertifikat/sertifikat-terbit,13707/POSTEL/2009,29 Des 2009,1798,"CAKRAWALA MULTI KOMUNIKASI PUSAT JAKARTA, PT.",Two Way Radio,Motorola,GP2000 (VHF 136-174 MHz),,Malaysia
1782485464-37,https://sertifikasi.postel.go.id/sertifikat/sertifikat-terbit,13706/POSTEL/2009,29 Des 2009,1798,"CAKRAWALA MULTI KOMUNIKASI PUSAT JAKARTA, PT.",Two Way Radio,Motorola,"GP328, VHF 136 - 174 MHz",,Malaysia
1782485464-38,https://sertifikasi.postel.go.id/sertifikat/sertifikat-terbit,13705/POSTEL/2009,29 Des 2009,1798,"CAKRAWALA MULTI KOMUNIKASI PUSAT JAKARTA, PT.",Two Way Radio,Motorola,"GP328, UHF 330-400 MHz",,Malaysia
1782485464-39,https://sertifikasi.postel.go.id/sertifikat/sertifikat-terbit,13620/POSTEL/2009,21 Des 2009,3141,"MINOKA SISKOM SEJAHTERA, PT.",Two Way Radio,HQT,"TH-2000 (U5), Freq. 350-390 MHz",,China
1782485464-40,https://sertifikasi.postel.go.id/sertifikat/sertifikat-terbit,13611/POSTEL/2009,21 Des 2009,3205,"GUNANUSA UTAMA FABRICATORS, PT.",Two Way Radio,Motorola,"GM 3688, Freq. 350-380 MHz",,Malaysia
1782485464-41,https://sertifikasi.postel.go.id/sertifikat/sertifikat-terbit,13096/POSTEL/2009,05 Nov 2009,1858,"TEKINDO PASIFIK MITRATAMA, PT.",Two Way Radio,CODAN,NGT VR / 2011,,Australia
1782485464-42,https://sertifikasi.postel.go.id/sertifikat/sertifikat-terbit,11380/POSTEL/2009,22 Mei 2009,2374,"INDONESIA HYT SCIENCE & TECHNOLOGY, PT.",Two Way Radio,HYT,"TC-600U (5), Freq. 350-370 MHz",,China
1782485464-43,https://sertifikasi.postel.go.id/sertifikat/sertifikat-terbit,10200/POSTEL/2009,18 Feb 2009,2374,"INDONESIA HYT SCIENCE & TECHNOLOGY, PT.",Two Way Radio,HYT,TC 518V Frekuensi 136-174 MHz,,China
1782485464-44,https://sertifikasi.postel.go.id/sertifikat/sertifikat-terbit,09053/POSTEL/2008,03 Des 2008,2374,"INDONESIA HYT SCIENCE & TECHNOLOGY, PT.",Two Way Radio,HYT,TM 610U (Frek. 350-400 MHz),,China
1782486131-1,https://sertifikasi.postel.go.id/sertifikat/sertifikat-terbit,121466/DJID/2026,04 Mei 2026,1758,PT  MOTOROLA SOLUTIONS INDONESIA,Portable Radio,Motorola,APX N30,H15UCF9PW6AN  Band 800 : 806 - 870 MHz  MODEL 2 PORTABLE,Malaysia
1782486131-2,https://sertifikasi.postel.go.id/sertifikat/sertifikat-terbit,120397/DJID/2026,08 Apr 2026,4773,PT  HARRISMA INFORMATIKA JAYA,Portable Radio,Motorola,R5 UHF,R5 UHF,Malaysia
1782486131-3,https://sertifikasi.postel.go.id/sertifikat/sertifikat-terbit,119985/DJID/2026,26 Mar 2026,4773,PT  HARRISMA INFORMATIKA JAYA,Portable Radio,Motorola,R5 VHF,R5 VHF,Malaysia
1782486131-4,https://sertifikasi.postel.go.id/sertifikat/sertifikat-terbit,117267/DJID/2026,06 Jan 2026,2276,PT  GAJAH MANDALA JAYA,Portable Radio,Tait,TP9660,Portable Radio,New Zealand
1782486131-5,https://sertifikasi.postel.go.id/sertifikat/sertifikat-terbit,116978/DJID/2025,23 Des 2025,3402,PT  FOCUS TELESINDO UTAMA,FIRE-FIGHTER’S PORTABLE RADIO TELEPHONE,NSR,ZXF-N2000,NSR ZXF-N2000,China
1782486131-6,https://sertifikasi.postel.go.id/sertifikat/sertifikat-terbit,116849/DJID/2025,19 Des 2025,1758,PT  MOTOROLA SOLUTIONS INDONESIA,Portable Radio,Motorola,XiR C2660,AZH87YDF9JA2AN  UHF 403 - 470 MHz 4 W FKP,Malaysia
1782486131-7,https://sertifikasi.postel.go.id/sertifikat/sertifikat-terbit,116671/DJID/2025,12 Des 2025,4773,PT  HARRISMA INFORMATIKA JAYA,Portable Radio,Motorola,XIR P8608,XIR P8608,Malaysia
1782486131-8,https://sertifikasi.postel.go.id/sertifikat/sertifikat-terbit,115962/DJID/2025,17 Nov 2025,7325,PT  HYTERA COMMUNICATIONS INDONESIA,DMR Portable Radio,Hytera,HP568,Hytera HP568,China
1782486131-9,https://sertifikasi.postel.go.id/sertifikat/sertifikat-terbit,115483/DJID/2025,03 Nov 2025,7325,PT  HYTERA COMMUNICATIONS INDONESIA,Digital Portable Radio,Hytera,HP688,Hytera HP688,China
1782486131-10,https://sertifikasi.postel.go.id/sertifikat/sertifikat-terbit,114631/DJID/2025,29 Sep 2025,7325,PT  HYTERA COMMUNICATIONS INDONESIA,Digital Portable Radio,Hytera,HP788,Hytera HP788,China
1782486131-11,https://sertifikasi.postel.go.id/sertifikat/sertifikat-terbit,113704/DJID/2025,28 Agu 2025,16651,PT  PINE BRILLIANT INDONESIA,Digital Portable Radio,Hytera,BD508,Hytera BD508,China
1782486131-12,https://sertifikasi.postel.go.id/sertifikat/sertifikat-terbit,113686/DJID/2025,27 Agu 2025,9266,PT  WARNINDO DIGITAL INDONESIA,Handportable Radio,Hytera,PTC680,Hytera PTC680,China
1782486131-13,https://sertifikasi.postel.go.id/sertifikat/sertifikat-terbit,113515/DJID/2025,21 Agu 2025,2276,PT  GAJAH MANDALA JAYA,Portable Radio,Tait,TP9361 IS,Portable Radio,New Zealand
1782486131-14,https://sertifikasi.postel.go.id/sertifikat/sertifikat-terbit,113438/DJID/2025,19 Agu 2025,16651,PT  PINE BRILLIANT INDONESIA,Digital Portable Radio,Hytera,BD508,Hytera BD508,China
1782486131-15,https://sertifikasi.postel.go.id/sertifikat/sertifikat-terbit,113202/DJID/2025,11 Agu 2025,2276,PT  GAJAH MANDALA JAYA,Portable Radio,Tait,TP9361 IS,Portable Radio,New Zealand
1782486131-16,https://sertifikasi.postel.go.id/sertifikat/sertifikat-terbit,113146/DJID/2025,07 Agu 2025,1758,PT  MOTOROLA SOLUTIONS INDONESIA,Portable Radio,Motorola,MTP8550Ex,MTP8550Ex  UHF,Malaysia
1782486131-17,https://sertifikasi.postel.go.id/sertifikat/sertifikat-terbit,112765/DJID/2025,25 Jul 2025,3850,PT  NEXCOM INDONESIA,Portable Radio,Motorola,R7,Radio Motorola,Malaysia
1782486131-18,https://sertifikasi.postel.go.id/sertifikat/sertifikat-terbit,112010/DJID/2025,04 Jul 2025,2276,PT  GAJAH MANDALA JAYA,Portable Radio,Tait,TP9560,Portable Radio,New Zealand
1782486131-19,https://sertifikasi.postel.go.id/sertifikat/sertifikat-terbit,111638/DJID/2025,24 Jun 2025,7325,PT  HYTERA COMMUNICATIONS INDONESIA,Digital Portable Radio,Hytera,HP788,Hytera HP788,China
1782486131-20,https://sertifikasi.postel.go.id/sertifikat/sertifikat-terbit,111151/DJID/2025,11 Jun 2025,2276,PT  GAJAH MANDALA JAYA,Portable Radio,Tait,TP9560,Portable Radio,New Zealand
1782486131-21,https://sertifikasi.postel.go.id/sertifikat/sertifikat-terbit,110534/DJID/2025,23 Mei 2025,2276,PT  GAJAH MANDALA JAYA,Portable Radio,Tait,TP9361,Portable Radio,New Zealand
1782486131-22,https://sertifikasi.postel.go.id/sertifikat/sertifikat-terbit,110099/DJID/2025,09 Mei 2025,4773,PT  HARRISMA INFORMATIKA JAYA,Portable Radio,Motorola,XIR P6600i,"MOTOROLA XIR P6600I, 136-174",Malaysia
1782486131-23,https://sertifikasi.postel.go.id/sertifikat/sertifikat-terbit,109779/DJID/2025,30 Apr 2025,2276,PT  GAJAH MANDALA JAYA,Portable Radio,Tait,TP9360,Portable Radio,New Zealand
1782486131-24,https://sertifikasi.postel.go.id/sertifikat/sertifikat-terbit,107922/DJID/2025,24 Feb 2025,2638,PT  SOG INDONESIA,POC Portable Radio,SOG,SOG320,SOG320,China
1782486131-25,https://sertifikasi.postel.go.id/sertifikat/sertifikat-terbit,107527/DJID/2025,04 Feb 2025,2276,PT  GAJAH MANDALA JAYA,Portable Radio,Tait,TP9361,Portable Radio,New Zealand
1782486131-26,https://sertifikasi.postel.go.id/sertifikat/sertifikat-terbit,106575/SDPPI/2024,23 Des 2024,1758,PT  MOTOROLA SOLUTIONS INDONESIA,Portable Radio,Motorola,MTP8550Ex,AZH17UCH6TZ5AN  Band 800 :  806-870 MHz,Malaysia
1782486131-27,https://sertifikasi.postel.go.id/sertifikat/sertifikat-terbit,106554/SDPPI/2024,23 Des 2024,7325,PT  HYTERA COMMUNICATIONS INDONESIA,Portable Radio / Radio Dua Arah,Hytera,HP79XEx,Hytera HP79XEx,China
1782486131-28,https://sertifikasi.postel.go.id/sertifikat/sertifikat-terbit,106171/SDPPI/2024,11 Des 2024,4773,PT  HARRISMA INFORMATIKA JAYA,PORTABLE RADIO,MOTOROLA,XIR C2660,"MOTOROLA XiR C2660 UHF (350,027 MHz — 400,000 MHz FKP)",Malaysia
1782486131-29,https://sertifikasi.postel.go.id/sertifikat/sertifikat-terbit,104959/SDPPI/2024,04 Nov 2024,2638,PT  SOG INDONESIA,POC Portable Radio,TeloSystems,TE590,TeloSystems TE590,China
1782486131-30,https://sertifikasi.postel.go.id/sertifikat/sertifikat-terbit,103597/SDPPI/2024,20 Sep 2024,4773,PT  HARRISMA INFORMATIKA JAYA,PORTABLE RADIO,MOTOROLA,XiR C2660,MOTOROLA XiR C2660 UHF ( 403 - 470 MHz ),Malaysia
1782486131-31,https://sertifikasi.postel.go.id/sertifikat/sertifikat-terbit,103336/SDPPI/2024,11 Sep 2024,1758,PT  MOTOROLA SOLUTIONS INDONESIA,Portable Radio,Motorola,XiR P6620i,AZH02JDH9VA1AN-TIA,Malaysia
1782486131-32,https://sertifikasi.postel.go.id/sertifikat/sertifikat-terbit,102997/SDPPI/2024,03 Sep 2024,4773,PT  HARRISMA INFORMATIKA JAYA,PORTABLE RADIO,MOTOROLA,R7,MOTOROLA R7 ( 350 - 400 MHz ),Malaysia
1782486131-33,https://sertifikasi.postel.go.id/sertifikat/sertifikat-terbit,102498/SDPPI/2024,19 Agu 2024,1758,PT  MOTOROLA SOLUTIONS INDONESIA,Portable Radio,Motorola,XiR P6600i,AZH02JDC9VA1AN-TIA,Malaysia
1782486131-34,https://sertifikasi.postel.go.id/sertifikat/sertifikat-terbit,102298/SDPPI/2024,13 Agu 2024,1758,PT  MOTOROLA SOLUTIONS INDONESIA,Portable Radio,Motorola,XiR P6620i,AZH02RDH9VA1AN-TIA,Malaysia
1782486131-35,https://sertifikasi.postel.go.id/sertifikat/sertifikat-terbit,102113/SDPPI/2024,08 Agu 2024,4773,PT  HARRISMA INFORMATIKA JAYA,PORTABLE RADIO,MOTOROLA,XiR C2660,MOTOROLA XiR C2660 VHF ( 136 - 174 MHz ),Malaysia
1782486131-36,https://sertifikasi.postel.go.id/sertifikat/sertifikat-terbit,101279/SDPPI/2024,19 Jul 2024,14635,PT  TEKNOLOGI TIMUR INDONESIA,Digital Portable Radio,Hytera,MD628,Hytera MD628 VHF ( 136 - 174 MHz ),China
1782486131-37,https://sertifikasi.postel.go.id/sertifikat/sertifikat-terbit,99510/SDPPI/2024,27 Mei 2024,4773,PT  HARRISMA INFORMATIKA JAYA,PORTABLE RADIO,MOTOROLA,XiR P3688,MOTOROLA XiR P3688,Malaysia
1782486131-38,https://sertifikasi.postel.go.id/sertifikat/sertifikat-terbit,99200/SDPPI/2024,08 Mei 2024,15393,PT  RAS DIGITAL MEDIA,Portable Radio,tait,TP9600-SG,tait,New Zealand
1782486131-39,https://sertifikasi.postel.go.id/sertifikat/sertifikat-terbit,98936/SDPPI/2024,29 Apr 2024,15270,PT  TOTAL COMMUNICATION SYSTEM,Tetra Hand-Portable Radio SC20,SEPURA,SC2020,SEPURA SC2020,United Kingdom
1782486131-40,https://sertifikasi.postel.go.id/sertifikat/sertifikat-terbit,98214/SDPPI/2024,22 Mar 2024,1758,PT  MOTOROLA SOLUTIONS INDONESIA,Portable Radio,Motorola,XiR P8668 Ex,AZH56QCN9PA3AN  UHF 403 - 470 MHz,Malaysia
1782486131-41,https://sertifikasi.postel.go.id/sertifikat/sertifikat-terbit,98152/SDPPI/2024,21 Mar 2024,4773,PT  HARRISMA INFORMATIKA JAYA,Portable Radio,Motorola,R2 VHF,Motorola R2 VHF ( 136 - 174 MHz ),Malaysia
1782486131-42,https://sertifikasi.postel.go.id/sertifikat/sertifikat-terbit,98067/SDPPI/2024,19 Mar 2024,1774,PT  MOBILKOM TELEKOMINDO,DIGITAL PORTABLE RADIO,Hytera,HP788,Hytera,China
1782486131-43,https://sertifikasi.postel.go.id/sertifikat/sertifikat-terbit,97962/SDPPI/2024,14 Mar 2024,4773,PT  HARRISMA INFORMATIKA JAYA,PORTABLE RADIO,MOTOROLA,R2 UHF,MOTOROLA R2 UHF (403 - 470 MHz),Malaysia
1782486131-44,https://sertifikasi.postel.go.id/sertifikat/sertifikat-terbit,97961/SDPPI/2024,14 Mar 2024,4773,PT  HARRISMA INFORMATIKA JAYA,Portable Radio,Motorola,R7 VHF,Motorola R7 VHF ( 136 - 174 MHz ),Malaysia
1782486131-45,https://sertifikasi.postel.go.id/sertifikat/sertifikat-terbit,97803/SDPPI/2024,06 Mar 2024,4773,PT  HARRISMA INFORMATIKA JAYA,PORTABLE RADIO,MOTOROLA,SL1M,MOTOROLA SL1M UHF (403-440MHz),Malaysia
1782486131-46,https://sertifikasi.postel.go.id/sertifikat/sertifikat-terbit,97061/SDPPI/2024,31 Jan 2024,4773,PT  HARRISMA INFORMATIKA JAYA,PORTABLE RADIO,MOTOROLA,XiR  P8668i,MOTOROLA XiR P8668i 136 – 174 MHz,Malaysia
1782486131-47,https://sertifikasi.postel.go.id/sertifikat/sertifikat-terbit,97046/SDPPI/2024,30 Jan 2024,1758,PT  MOTOROLA SOLUTIONS INDONESIA,Portable Radio,Motorola,SL1M,AZH88JCP9JA2AN  VHF 136 - 174 MHz,Malaysia
1782486131-48,https://sertifikasi.postel.go.id/sertifikat/sertifikat-terbit,96967/SDPPI/2024,26 Jan 2024,1774,PT  MOBILKOM TELEKOMINDO,PORTABLE RADIO,MOTOROLA,APX2000,MOTOROLA,Malaysia
1782486131-49,https://sertifikasi.postel.go.id/sertifikat/sertifikat-terbit,96965/SDPPI/2024,26 Jan 2024,1774,PT  MOBILKOM TELEKOMINDO,PORTABLE RADIO,MOTOROLA,XIR P8668i,MOTOROLA,Malaysia
1782486131-50,https://sertifikasi.postel.go.id/sertifikat/sertifikat-terbit,96765/SDPPI/2024,17 Jan 2024,4773,PT  HARRISMA INFORMATIKA JAYA,PORTABLE RADIO,MOTOROLA,XiR P6620i,"MOTOROLA XiR P6620i, 136-174M",Malaysia
1782486160-1,https://sertifikasi.postel.go.id/sertifikat/sertifikat-terbit,96700/SDPPI/2024,15 Jan 2024,4773,PT  HARRISMA INFORMATIKA JAYA,PORTABLE RADIO,MOTOROLA,XiR P6620i,MOTOROLA XiR P6620i 403-438 MHz,Malaysia
1782486160-2,https://sertifikasi.postel.go.id/sertifikat/sertifikat-terbit,96699/SDPPI/2024,15 Jan 2024,4773,PT  HARRISMA INFORMATIKA JAYA,PORTABLE RADIO,MOTOROLA,XiR P6620i,"MOTOROLA XiR P6620i, 350 - 400 MHz",Malaysia
1782486160-3,https://sertifikasi.postel.go.id/sertifikat/sertifikat-terbit,96698/SDPPI/2024,15 Jan 2024,4773,PT  HARRISMA INFORMATIKA JAYA,PORTABLE RADIO,MOTOROLA,XiR P3688,"MOTOROLA XiR P3688, 350-400M",Malaysia
1782486160-4,https://sertifikasi.postel.go.id/sertifikat/sertifikat-terbit,95993/SDPPI/2023,14 Des 2023,4773,PT  HARRISMA INFORMATIKA JAYA,PORTABLE RADIO,MOTOROLA,SL1M,MOTOROLA SL1M 136-174M,Malaysia
1782486160-5,https://sertifikasi.postel.go.id/sertifikat/sertifikat-terbit,95992/SDPPI/2023,14 Des 2023,4773,PT  HARRISMA INFORMATIKA JAYA,PORTABLE RADIO,MOTOROLA,XiR P8668i,MOTOROLA XiR P8668i 403-438 MHz,Malaysia
1782486160-6,https://sertifikasi.postel.go.id/sertifikat/sertifikat-terbit,95883/SDPPI/2023,11 Des 2023,1889,PT  CITRADATA PURNAKHARISMA,Portable Radio,MOTOROLA,XiR C2620,Motorola,Malaysia
1782486160-7,https://sertifikasi.postel.go.id/sertifikat/sertifikat-terbit,95848/SDPPI/2023,08 Des 2023,1774,PT  MOBILKOM TELEKOMINDO,PORTABLE RADIO,MOTOROLA,MTP3500,MOTOROLA,Malaysia
1782486160-8,https://sertifikasi.postel.go.id/sertifikat/sertifikat-terbit,95801/SDPPI/2023,07 Des 2023,3797,PT  INTAN KOMUNIKASI INDONESIA,Portable Radio,SME-com,SME-com 338 VHF,Portable Radio,China
1782486160-9,https://sertifikasi.postel.go.id/sertifikat/sertifikat-terbit,95796/SDPPI/2023,07 Des 2023,14635,PT  TEKNOLOGI TIMUR INDONESIA,DIGITAL PORTABLE RADIO,HYTERA,HM688,HYTERA HM 688 UHF ( 403 - 437 MHz ),China
1782486160-10,https://sertifikasi.postel.go.id/sertifikat/sertifikat-terbit,95751/SDPPI/2023,04 Des 2023,1758,PT  MOTOROLA SOLUTIONS INDONESIA,Portable Radio,Motorola,XiR C2660,AZH87JDF9JA2AN  VHF 136-174 MHz,Malaysia
1782486160-11,https://sertifikasi.postel.go.id/sertifikat/sertifikat-terbit,95710/SDPPI/2023,04 Des 2023,3797,PT  INTAN KOMUNIKASI INDONESIA,Portable Radio,SME-Com,SME-Com 338 UHF,Portable Radio,China
1782486160-12,https://sertifikasi.postel.go.id/sertifikat/sertifikat-terbit,95636/SDPPI/2023,30 Nov 2023,2276,PT  GAJAH MANDALA JAYA,Portable Radio,Tait,TP9360,Portable Radio,New Zealand
1782486160-13,https://sertifikasi.postel.go.id/sertifikat/sertifikat-terbit,95594/SDPPI/2023,29 Nov 2023,1758,PT  MOTOROLA SOLUTIONS INDONESIA,Portable Radio,Motorola,MTP3500,"AZH62UCF6TZ8AN  Band 800 : 806-825 MHz, 851-870 MHz",Malaysia
1782486160-14,https://sertifikasi.postel.go.id/sertifikat/sertifikat-terbit,95584/SDPPI/2023,28 Nov 2023,1758,PT  MOTOROLA SOLUTIONS INDONESIA,Portable Radio,Motorola,SL2M,AZH88YCD9SA2AN  UHF 403 - 470 MHz,Malaysia
1782486160-15,https://sertifikasi.postel.go.id/sertifikat/sertifikat-terbit,95481/SDPPI/2023,23 Nov 2023,1758,PT  MOTOROLA SOLUTIONS INDONESIA,Portable Radio,Motorola,XiR C2620,AZH87JDH9JA2AN  VHF 136 - 174 MHz,Malaysia
1782486160-16,https://sertifikasi.postel.go.id/sertifikat/sertifikat-terbit,95370/SDPPI/2023,17 Nov 2023,1758,PT  MOTOROLA SOLUTIONS INDONESIA,Portable Radio,Motorola,MTP3500,"AZH62UCF6TZ8BN  Band 800 : 806-825 MHz, 851-870 MHz",Malaysia
1782486160-17,https://sertifikasi.postel.go.id/sertifikat/sertifikat-terbit,94864/SDPPI/2023,03 Nov 2023,4773,PT  HARRISMA INFORMATIKA JAYA,Digital Portable Radio,MAG ONE,VZ28,MAG ONE VZ28,China
1782486160-18,https://sertifikasi.postel.go.id/sertifikat/sertifikat-terbit,94639/SDPPI/2023,30 Okt 2023,1774,PT  MOBILKOM TELEKOMINDO,PORTABLE RADIO,MOTOROLA,MTP3100,MOTOROLA,Malaysia
1782486160-19,https://sertifikasi.postel.go.id/sertifikat/sertifikat-terbit,94338/SDPPI/2023,19 Okt 2023,14635,PT  TEKNOLOGI TIMUR INDONESIA,Digital Portable Radio,Hytera,HP508,Hytera HP508 VHF ( 136 - 174 MHz ),China
1782486160-20,https://sertifikasi.postel.go.id/sertifikat/sertifikat-terbit,94131/SDPPI/2023,12 Okt 2023,14635,PT  TEKNOLOGI TIMUR INDONESIA,Digital Portable Radio,Hytera,HM688,Hytera HM688 VHF ( 136 - 174 MHz ),China
1782486160-21,https://sertifikasi.postel.go.id/sertifikat/sertifikat-terbit,93863/SDPPI/2023,05 Okt 2023,4773,PT  HARRISMA INFORMATIKA JAYA,PORTABLE RADIO,MOTOROLA,XiR P3688,MOTOROLA XiR P3688,Malaysia
1782486160-22,https://sertifikasi.postel.go.id/sertifikat/sertifikat-terbit,93814/SDPPI/2023,03 Okt 2023,14635,PT  TEKNOLOGI TIMUR INDONESIA,Digital Portable Radio,Hytera,HP568,Hytera HP568 UHF  ( 400 - 438  ),China
1782486160-23,https://sertifikasi.postel.go.id/sertifikat/sertifikat-terbit,93142/SDPPI/2023,30 Agu 2023,1758,PT  MOTOROLA SOLUTIONS INDONESIA,Portable Radio,Motorola,XiR C2620,AZH87NDH9JA2AN  350 - 400 MHz,Malaysia
1782486160-24,https://sertifikasi.postel.go.id/sertifikat/sertifikat-terbit,92825/SDPPI/2023,18 Agu 2023,1758,PT  MOTOROLA SOLUTIONS INDONESIA,Portable Radio,Motorola,XiR C2660,AZH87NDF9JA2AN,Malaysia
1782486160-25,https://sertifikasi.postel.go.id/sertifikat/sertifikat-terbit,92816/SDPPI/2023,18 Agu 2023,2276,PT  GAJAH MANDALA JAYA,Portable Radio,Tait,TP2210,Portable Radio,New Zealand
1782486160-26,https://sertifikasi.postel.go.id/sertifikat/sertifikat-terbit,92585/SDPPI/2023,08 Agu 2023,14635,PT  TEKNOLOGI TIMUR INDONESIA,Digital Portable Radio,Hytera,BD508,Hytera BD508,China
1782486160-27,https://sertifikasi.postel.go.id/sertifikat/sertifikat-terbit,92574/SDPPI/2023,08 Agu 2023,1758,PT  MOTOROLA SOLUTIONS INDONESIA,Portable Radio,Motorola,XiR P6600i,AZH02RDC9VA1AN,Malaysia
1782486160-28,https://sertifikasi.postel.go.id/sertifikat/sertifikat-terbit,92573/SDPPI/2023,08 Agu 2023,1758,PT  MOTOROLA SOLUTIONS INDONESIA,Portable Radio,Motorola,XiR P6620i,AZH02RDH9VA1AN,Malaysia
1782486160-29,https://sertifikasi.postel.go.id/sertifikat/sertifikat-terbit,92461/SDPPI/2023,03 Agu 2023,1758,PT  MOTOROLA SOLUTIONS INDONESIA,Portable Radio,Motorola,XiR P6620i,AZH02JDH9VA1AN,Malaysia
1782486160-30,https://sertifikasi.postel.go.id/sertifikat/sertifikat-terbit,92110/SDPPI/2023,21 Jul 2023,7126,PT  MITRATAMA BERKAT SEJAHTERA,Portable Radio,Hytera,PD688,Hytera,China
1782486160-31,https://sertifikasi.postel.go.id/sertifikat/sertifikat-terbit,91821/SDPPI/2023,11 Jul 2023,1758,PT  MOTOROLA SOLUTIONS INDONESIA,Portable Radio,Motorola,APX N30,H15UCF9PW6AN-H,Malaysia
1782486160-32,https://sertifikasi.postel.go.id/sertifikat/sertifikat-terbit,91706/SDPPI/2023,06 Jul 2023,1758,PT  MOTOROLA SOLUTIONS INDONESIA,Portable Radio,Motorola,APX N50,H25UCF9PW6AN,Malaysia
1782486160-33,https://sertifikasi.postel.go.id/sertifikat/sertifikat-terbit,89309/SDPPI/2023,21 Mar 2023,1889,PT  CITRADATA PURNAKHARISMA,Portable Radio/Two Way Radio,Motorola,XiR P8668i,Motorola,Malaysia
1782486160-34,https://sertifikasi.postel.go.id/sertifikat/sertifikat-terbit,88199/SDPPI/2023,02 Feb 2023,1758,"MOTOROLA  SOLUTIONS INDONESIA, PT.",Portable Radio,Motorola,APX N50,H25UCF9PW6AN-H,Malaysia
1782486160-35,https://sertifikasi.postel.go.id/sertifikat/sertifikat-terbit,88147/SDPPI/2023,02 Feb 2023,1758,"MOTOROLA  SOLUTIONS INDONESIA, PT.",Portable Radio,Motorola,APX N30,H15UCF9PW6AN,Malaysia
1782486160-36,https://sertifikasi.postel.go.id/sertifikat/sertifikat-terbit,87796/SDPPI/2023,25 Jan 2023,7325,PT.HYTERA COMMUNICATIONS INDONESIA,DIGITAL PORTABLE RADIO,HYTERA,BP518 U3,BP518 U3,China
1782486160-37,https://sertifikasi.postel.go.id/sertifikat/sertifikat-terbit,86180/SDPPI/2022,09 Nov 2022,1758,"MOTOROLA  SOLUTIONS INDONESIA, PT.",Portable Radio,Motorola,MTP3500,Motorola,Malaysia
1782486160-38,https://sertifikasi.postel.go.id/sertifikat/sertifikat-terbit,86181/SDPPI/2022,09 Nov 2022,1758,"MOTOROLA  SOLUTIONS INDONESIA, PT.",Portable Radio,Motorola,MTP3550,Motorola,Malaysia
1782486160-39,https://sertifikasi.postel.go.id/sertifikat/sertifikat-terbit,86063/SDPPI/2022,03 Nov 2022,2276,"GAJAH MANDALA JAYA, PT.",Portable Radio,Tait,TP9660,Portable Radio,New Zealand
1782486160-40,https://sertifikasi.postel.go.id/sertifikat/sertifikat-terbit,85156/SDPPI/2022,27 Sep 2022,1774,"MOBILKOM TELEKOMINDO, PT.",TETRA Portable Radio,MOTOROLA,MTP6650,"MOTOROLA SOLUTION, inc",Malaysia
1782486160-41,https://sertifikasi.postel.go.id/sertifikat/sertifikat-terbit,84843/SDPPI/2022,15 Sep 2022,1758,"MOTOROLA  SOLUTIONS INDONESIA, PT.",Portable Radio,Motorola,MXP600 AZH77PCN6TZ5AN,Motorola,Malaysia
1782486160-42,https://sertifikasi.postel.go.id/sertifikat/sertifikat-terbit,84723/SDPPI/2022,12 Sep 2022,13666,PT. SENTRA ADVIS SOLUSINDO,PORTABLE RADIO,KIRISUN,T65,KIRISUN T65,China
1782486160-43,https://sertifikasi.postel.go.id/sertifikat/sertifikat-terbit,84680/SDPPI/2022,09 Sep 2022,2027,"SIMOCO INDONESIA, PT.",DMR Portable Radio,Simoco,SimocoXd/SDP760 (136-174 MHz,Simoco EMEA,United Kingdom
1782486160-44,https://sertifikasi.postel.go.id/sertifikat/sertifikat-terbit,84380/SDPPI/2022,29 Agu 2022,13666,PT. SENTRA ADVIS SOLUSINDO,PORTABLE RADIO,KIRISUN,T350,KIRISUN T350,China
1782486160-45,https://sertifikasi.postel.go.id/sertifikat/sertifikat-terbit,83876/SDPPI/2022,09 Agu 2022,7126,"Mitratama Berkat Sejahtera, PT.",DIGITAL PORTABLE RADIO,HYTERA,HP788,DIGITAL PORTABLE RADIO,China
1782486160-46,https://sertifikasi.postel.go.id/sertifikat/sertifikat-terbit,83369/SDPPI/2022,18 Jul 2022,12517,PT. GINTUNG LINTAS BUANA,Portable Radio,Motorola,MTP3500  (350-470 MHz),Motorola,Malaysia
1782486160-47,https://sertifikasi.postel.go.id/sertifikat/sertifikat-terbit,83175/SDPPI/2022,11 Jul 2022,1758,"MOTOROLA  SOLUTIONS INDONESIA, PT.",Portable Radio,Motorola,XiR P8600i AZH56RDC9VA1AN-TIA,Motorola,Malaysia
1782486160-48,https://sertifikasi.postel.go.id/sertifikat/sertifikat-terbit,82883/SDPPI/2022,27 Jun 2022,1889,"CITRADATA PURNAKHARISMA, PT.",Portable Radio/Two Way Radio,Motorola,XiR P8660i VHF 136-174MHz,Motorola,Malaysia
1782486160-49,https://sertifikasi.postel.go.id/sertifikat/sertifikat-terbit,82884/SDPPI/2022,27 Jun 2022,1889,"CITRADATA PURNAKHARISMA, PT.",Portable Radio/Two Way Radio,Motorola,XiR P8660i UHF 403-470MHz,Motorola,Malaysia
1782486160-50,https://sertifikasi.postel.go.id/sertifikat/sertifikat-terbit,82882/SDPPI/2022,27 Jun 2022,1758,"MOTOROLA  SOLUTIONS INDONESIA, PT.",Portable Radio,Motorola,XiR P8608i AZH56RDC9RA1AN-TIA,Motorola,Malaysia
1782486185-1,https://sertifikasi.postel.go.id/sertifikat/sertifikat-terbit,82881/SDPPI/2022,27 Jun 2022,1758,"MOTOROLA  SOLUTIONS INDONESIA, PT.",Portable Radio,Motorola,XiR P8660i AZH56RDN9VA1AN-TIA,Motorola,Malaysia
1782486185-2,https://sertifikasi.postel.go.id/sertifikat/sertifikat-terbit,82564/SDPPI/2022,10 Jun 2022,7325,PT.HYTERA COMMUNICATIONS INDONESIA,DIGITAL PORTABLE RADIO,HYTERA,HP688,HP688,China
1782486185-3,https://sertifikasi.postel.go.id/sertifikat/sertifikat-terbit,82367/SDPPI/2022,02 Jun 2022,7325,PT.HYTERA COMMUNICATIONS INDONESIA,DIGITAL PORTABLE RADIO,HYTERA,BP518,BP518,China
1782486185-4,https://sertifikasi.postel.go.id/sertifikat/sertifikat-terbit,82366/SDPPI/2022,02 Jun 2022,7325,PT.HYTERA COMMUNICATIONS INDONESIA,DIGITAL PORTABLE RADIO,HYTERA,BP568,BP568,China
1782486185-5,https://sertifikasi.postel.go.id/sertifikat/sertifikat-terbit,82154/SDPPI/2022,23 Mei 2022,2276,"GAJAH MANDALA JAYA, PT.",Portable Radio,Tait,TP9560 ( 380-430 MHz ),Portable Radio,New Zealand
1782486185-6,https://sertifikasi.postel.go.id/sertifikat/sertifikat-terbit,82038/SDPPI/2022,18 Mei 2022,2276,"GAJAH MANDALA JAYA, PT.",Portable Radio,Tait,TP9560 ( 136-174 MHz ),Portable Radio,New Zealand
1782486185-7,https://sertifikasi.postel.go.id/sertifikat/sertifikat-terbit,82027/SDPPI/2022,17 Mei 2022,12517,PT. GINTUNG LINTAS BUANA,Portable Radio,Motorola,Mototrbo XiR P8668i (806-870 MHz),Motorola,Malaysia
1782486185-8,https://sertifikasi.postel.go.id/sertifikat/sertifikat-terbit,81755/SDPPI/2022,20 Apr 2022,13666,PT. SENTRA ADVIS SOLUSINDO,Portable Radio,KIRISUN,DP480,KIRISUN DP480,China
1782486185-9,https://sertifikasi.postel.go.id/sertifikat/sertifikat-terbit,81676/SDPPI/2022,18 Apr 2022,7325,PT.HYTERA COMMUNICATIONS INDONESIA,DIGITAL PORTABLE RADIO,HYTERA,HP788,HP788,China
1782486185-10,https://sertifikasi.postel.go.id/sertifikat/sertifikat-terbit,81579/SDPPI/2022,13 Apr 2022,3850,"NEXCOM INDONESIA, PT.",PORTABLE RADIO,KIRISUN,DP990 (400-470 MHz),KIRISUN,China
1782486185-11,https://sertifikasi.postel.go.id/sertifikat/sertifikat-terbit,81460/SDPPI/2022,08 Apr 2022,1758,"MOTOROLA  SOLUTIONS INDONESIA, PT.",Portable Radio,Motorola,SL1M AZH88QCP9JA2AN,Motorola,Malaysia
1782486185-12,https://sertifikasi.postel.go.id/sertifikat/sertifikat-terbit,81279/SDPPI/2022,31 Mar 2022,1758,"MOTOROLA  SOLUTIONS INDONESIA, PT.",Portable Radio,Motorola,APX1000i H92UCH9PW7ANi,Motorola,Malaysia
1782486185-13,https://sertifikasi.postel.go.id/sertifikat/sertifikat-terbit,81121/SDPPI/2022,25 Mar 2022,1998,"DHARMA DWITUNGGAL UTAMA, PT.",DMR Portable Radio,Excera,EP8100 U3,Excera EP8100 U3,China
1782486185-14,https://sertifikasi.postel.go.id/sertifikat/sertifikat-terbit,80893/SDPPI/2022,17 Mar 2022,1758,"MOTOROLA  SOLUTIONS INDONESIA, PT.",Portable Radio,Motorola,APX1000i H92QDH9PW7ANi,Motorola,Malaysia
1782486185-15,https://sertifikasi.postel.go.id/sertifikat/sertifikat-terbit,80342/SDPPI/2022,11 Feb 2022,1889,"CITRADATA PURNAKHARISMA, PT.",Portable Radio/Two Way Radio,Motorola,XiR P8660i UHF 350-400 MHz,Motorola,Malaysia
1782486185-16,https://sertifikasi.postel.go.id/sertifikat/sertifikat-terbit,79987/SDPPI/2022,26 Jan 2022,7796,Oase Teknologi Asia PT.,Wireless Portable Radio,OLIKE,OBS-600,OLIKE WIRELESS PORTABLE RADIO OBS-600,China
1782486185-17,https://sertifikasi.postel.go.id/sertifikat/sertifikat-terbit,79953/SDPPI/2022,25 Jan 2022,7796,Oase Teknologi Asia PT.,Wireless Portable Radio,OLIKE,OBS-200,OLIKE WIRELESS PORTABLE RADIO OBS-200,China
1782486185-18,https://sertifikasi.postel.go.id/sertifikat/sertifikat-terbit,79926/SDPPI/2022,24 Jan 2022,3850,"NEXCOM INDONESIA, PT.",Portable Radio,Motorola,XiR P6620i (403 - 438 MHz),Motorola,Malaysia
1782486185-19,https://sertifikasi.postel.go.id/sertifikat/sertifikat-terbit,79854/SDPPI/2022,19 Jan 2022,3850,"NEXCOM INDONESIA, PT.",Portable Radio,Motorola,XiR P6620i (136 - 174 MHz),Motorola,Malaysia
1782486185-20,https://sertifikasi.postel.go.id/sertifikat/sertifikat-terbit,79812/SDPPI/2022,17 Jan 2022,3850,"NEXCOM INDONESIA, PT.",PORTABLE RADIO,Motorola,Mototrbo XiR P6600i ( 136-174 MHz ),Motorola,Malaysia
1782486185-21,https://sertifikasi.postel.go.id/sertifikat/sertifikat-terbit,79811/SDPPI/2022,17 Jan 2022,3850,"NEXCOM INDONESIA, PT.",PORTABLE RADIO,Motorola,XiR P6600i (403-438 MHz),Motorola,Malaysia
1782486185-22,https://sertifikasi.postel.go.id/sertifikat/sertifikat-terbit,79557/SDPPI/2021,31 Des 2021,2276,"GAJAH MANDALA JAYA, PT.",Portable Radio,Tait,TP9361 ( 806-870 MHz ),Portable Radio,New Zealand
1782486185-23,https://sertifikasi.postel.go.id/sertifikat/sertifikat-terbit,79214/SDPPI/2021,13 Des 2021,7796,Oase Teknologi Asia PT.,Wireless Portable Radio,OLIKE,OBS-110,Wireless Portable Radio OLIKE OBS-110,China
1782486185-24,https://sertifikasi.postel.go.id/sertifikat/sertifikat-terbit,78156/SDPPI/2021,15 Okt 2021,3850,"NEXCOM INDONESIA, PT.",PORTABLE RADIO,Motorola,Mototrbo XiR P8608i ( 410-430 MHz ),Motorola,Malaysia
1782486185-25,https://sertifikasi.postel.go.id/sertifikat/sertifikat-terbit,77957/SDPPI/2021,07 Okt 2021,1889,"CITRADATA PURNAKHARISMA, PT.",Portable Radio,Motorola,XiR C2620,Motorola,Malaysia
1782486185-26,https://sertifikasi.postel.go.id/sertifikat/sertifikat-terbit,77915/SDPPI/2021,05 Okt 2021,7796,Oase Teknologi Asia PT.,Wireless Portable Radio,OASE,OBS-100,Oase Wireless Portable Radio OBS-100,China
1782486185-27,https://sertifikasi.postel.go.id/sertifikat/sertifikat-terbit,77530/SDPPI/2021,16 Sep 2021,1758,"MOTOROLA  SOLUTIONS INDONESIA, PT.",Portable Radio,Motorola,XiR P8668i  AZH56UCN9RB1AN-TIA,Motorola,Malaysia
1782486185-28,https://sertifikasi.postel.go.id/sertifikat/sertifikat-terbit,76869/SDPPI/2021,12 Agu 2021,3850,"NEXCOM INDONESIA, PT.",PORTABLE RADIO,Motorola,Mototrbo XiR P8668i ( 410-430 MHz ),Motorola,Malaysia
1782486185-29,https://sertifikasi.postel.go.id/sertifikat/sertifikat-terbit,76649/SDPPI/2021,02 Agu 2021,1758,"MOTOROLA  SOLUTIONS INDONESIA, PT.",Portable Radio,Motorola,XiR P8600i  AZH56JDC9VA1AN-TIA,Motorola,Malaysia
1782486185-30,https://sertifikasi.postel.go.id/sertifikat/sertifikat-terbit,76620/SDPPI/2021,30 Jul 2021,1758,"MOTOROLA  SOLUTIONS INDONESIA, PT.",Portable Radio,Motorola,XiR P6620i  AZH02JDH9VA1AN-TIA,Motorola,Malaysia
1782486185-31,https://sertifikasi.postel.go.id/sertifikat/sertifikat-terbit,76619/SDPPI/2021,30 Jul 2021,1758,"MOTOROLA  SOLUTIONS INDONESIA, PT.",Portable Radio,Motorola,XiR P8628i  AZH56JDQ9RA1AN-TIA,Motorola,Malaysia
1782486185-32,https://sertifikasi.postel.go.id/sertifikat/sertifikat-terbit,76618/SDPPI/2021,30 Jul 2021,1758,"MOTOROLA  SOLUTIONS INDONESIA, PT.",Portable Radio,Motorola,XiR P6600i  AZH02JDC9VA1AN-TIA,Motorola,Malaysia
1782486185-33,https://sertifikasi.postel.go.id/sertifikat/sertifikat-terbit,76616/SDPPI/2021,30 Jul 2021,1758,"MOTOROLA  SOLUTIONS INDONESIA, PT.",Portable Radio,Motorola,XiR P8660i  AZH56JDN9VA1AN-TIA,Motorola,Malaysia
1782486185-34,https://sertifikasi.postel.go.id/sertifikat/sertifikat-terbit,76579/SDPPI/2021,29 Jul 2021,1758,"MOTOROLA  SOLUTIONS INDONESIA, PT.",Portable Radio,Motorola,XiR P8668i AZH56JDN9RA1AN-TIA,Motorola,Malaysia
1782486185-35,https://sertifikasi.postel.go.id/sertifikat/sertifikat-terbit,76546/SDPPI/2021,28 Jul 2021,1758,"MOTOROLA  SOLUTIONS INDONESIA, PT.",Portable Radio,Motorola,XiR P8608i  AZH56JDC9RA1AN-TIA,Motorola,Malaysia
1782486185-36,https://sertifikasi.postel.go.id/sertifikat/sertifikat-terbit,76516/SDPPI/2021,27 Jul 2021,1758,"MOTOROLA  SOLUTIONS INDONESIA, PT.",Portable Radio,Motorola,XiR P6620i AZH02RDH9VA1AN-TIA,Motorola,Malaysia
1782486185-37,https://sertifikasi.postel.go.id/sertifikat/sertifikat-terbit,76368/SDPPI/2021,19 Jul 2021,1774,"MOBILKOM TELEKOMINDO, PT.",PORTABLE RADIO,HYTERA,PD788G U(1),HYTERA,China
1782486185-38,https://sertifikasi.postel.go.id/sertifikat/sertifikat-terbit,76045/SDPPI/2021,28 Jun 2021,1758,"MOTOROLA  SOLUTIONS INDONESIA, PT.",Portable Radio,Motorola,XiR P8628i AZH56RDQ9RA1AN-TIA,Motorola,Malaysia
1782486185-39,https://sertifikasi.postel.go.id/sertifikat/sertifikat-terbit,76039/SDPPI/2021,28 Jun 2021,1758,"MOTOROLA  SOLUTIONS INDONESIA, PT.",Portable Radio,Motorola,XiR P8668i AZH56RDN9RA1AN-TIA,Motorola,Malaysia
1782486185-40,https://sertifikasi.postel.go.id/sertifikat/sertifikat-terbit,75940/SDPPI/2021,23 Jun 2021,4773,"HARRISMA INFORMATIKA JAYA, PT.",PORTABLE RADIO,MOTOROLA,XiR C2660 136 – 174M 5W FKP,MOTOROLA XiR C2660 136 – 174M 5W FKP,Malaysia
1782486185-41,https://sertifikasi.postel.go.id/sertifikat/sertifikat-terbit,75921/SDPPI/2021,22 Jun 2021,4773,"HARRISMA INFORMATIKA JAYA, PT.",PORTABLE RADIO,MOTOROLA,XiR C2660 350 - 400M FKP,MOTOROLA XiR C2660 350 - 400M FKP,Malaysia
1782486185-42,https://sertifikasi.postel.go.id/sertifikat/sertifikat-terbit,75920/SDPPI/2021,22 Jun 2021,4773,"HARRISMA INFORMATIKA JAYA, PT.",PORTABLE RADIO,MOTOROLA,XiR C2660 403 – 480M 4W FKP,MOTOROLA XiR C2660 403 – 480M 4W FKP,Malaysia
1782486185-43,https://sertifikasi.postel.go.id/sertifikat/sertifikat-terbit,75680/SDPPI/2021,10 Jun 2021,1758,"MOTOROLA  SOLUTIONS INDONESIA, PT.",Portable Radio,Motorola,APX6000,Motorola,Malaysia
1782486185-44,https://sertifikasi.postel.go.id/sertifikat/sertifikat-terbit,75687/SDPPI/2021,10 Jun 2021,1998,"DHARMA DWITUNGGAL UTAMA, PT.",DMR Portable Radio,Excera,EP8100 U1,Excera EP8100 U1,China
1782486185-45,https://sertifikasi.postel.go.id/sertifikat/sertifikat-terbit,75016/SDPPI/2021,11 Mei 2021,7796,"Oase Teknologi Asia, PT.",Portable Radio,OASE,VS-B5,OASE PORTABLE RADIO VS-B5,China
1782486185-46,https://sertifikasi.postel.go.id/sertifikat/sertifikat-terbit,75003/SDPPI/2021,10 Mei 2021,7796,"Oase Teknologi Asia, PT.",Portable Radio,OASE,VS-B4,RENO WIRELESS MINI HOME THEATER VS-B4,China
1782486185-47,https://sertifikasi.postel.go.id/sertifikat/sertifikat-terbit,74524/SDPPI/2021,21 Apr 2021,4773,"HARRISMA INFORMATIKA JAYA, PT.",PORTABLE RADIO,MOTOROLA,SL2K ( 403 - 438 MHz ),MOTOROLA SL2K ( 403 - 438 MHz ),Malaysia
1782486185-48,https://sertifikasi.postel.go.id/sertifikat/sertifikat-terbit,73998/SDPPI/2021,24 Mar 2021,1758,"MOTOROLA  SOLUTIONS INDONESIA, PT.",Portable Radio,Motorola,XiR P8668 EX (AZH56QCN9PA3AN),Motorola,Malaysia
1782486185-49,https://sertifikasi.postel.go.id/sertifikat/sertifikat-terbit,73599/SDPPI/2021,05 Mar 2021,7796,"Oase Teknologi Asia, PT.",Cade Portable Radio,CADE,CA-SB01,CADE,China
1782486185-50,https://sertifikasi.postel.go.id/sertifikat/sertifikat-terbit,73399/SDPPI/2021,23 Feb 2021,1889,"CITRADATA PURNAKHARISMA, PT.",Portable Radio,Motorola,XiR C2620 VHF 136-174 MHz,Motorola,Malaysia
1782486209-1,https://sertifikasi.postel.go.id/sertifikat/sertifikat-terbit,73179/SDPPI/2021,10 Feb 2021,1758,"MOTOROLA  SOLUTIONS INDONESIA, PT.",Portable Radio,Motorola,SL1M AZH88JCP9JA2AN (136-174 MHz),Motorola,Malaysia
1782486209-2,https://sertifikasi.postel.go.id/sertifikat/sertifikat-terbit,72669/SDPPI/2021,20 Jan 2021,1758,"MOTOROLA  SOLUTIONS INDONESIA, PT.",Portable Radio,Motorola,XiR P8608i AZH56JDC9RA1AN (136-174 MHz),Motorola,Malaysia
1782486209-3,https://sertifikasi.postel.go.id/sertifikat/sertifikat-terbit,72634/SDPPI/2021,18 Jan 2021,1758,"MOTOROLA  SOLUTIONS INDONESIA, PT.",Portable Radio,Motorola,XiR P8628i AZH56JDQ9RA1AN (136-174 MHz),Motorola,Malaysia
1782486209-4,https://sertifikasi.postel.go.id/sertifikat/sertifikat-terbit,72227/SDPPI/2020,22 Des 2020,7126,"Mitratama Berkat Sejahtera, PT.",Portable Radio,HYT By Hytera,TC 580 VHF (136-174 MHz),HYT By Hytera,China
1782486209-5,https://sertifikasi.postel.go.id/sertifikat/sertifikat-terbit,72176/SDPPI/2020,21 Des 2020,7126,"Mitratama Berkat Sejahtera, PT.",Portable Radio,HYT By Hytera,TC 518 UHF (350-390 MHz),HYT By Hytera,China
1782486209-6,https://sertifikasi.postel.go.id/sertifikat/sertifikat-terbit,72175/SDPPI/2020,21 Des 2020,7126,"Mitratama Berkat Sejahtera, PT.",Portable Radio,HYT By Hytera,TC 508 VHF (136-174 MHz),HYT By Hytera,China
1782486209-7,https://sertifikasi.postel.go.id/sertifikat/sertifikat-terbit,71996/SDPPI/2020,11 Des 2020,7796,"Oase Teknologi Asia, PT.",Portable Radio,OASE,VS-B1,Oase Portable Radio VS-B1,China
1782486209-8,https://sertifikasi.postel.go.id/sertifikat/sertifikat-terbit,71830/SDPPI/2020,03 Des 2020,1889,"CITRADATA PURNAKHARISMA, PT.",Portable Radio,Motorola,XiR C2620,Motorola,Malaysia
1782486209-9,https://sertifikasi.postel.go.id/sertifikat/sertifikat-terbit,71829/SDPPI/2020,03 Des 2020,1889,"CITRADATA PURNAKHARISMA, PT.",Portable Radio,Motorola,XiR C2660,Motorola,Malaysia
1782486209-10,https://sertifikasi.postel.go.id/sertifikat/sertifikat-terbit,71828/SDPPI/2020,03 Des 2020,1889,"CITRADATA PURNAKHARISMA, PT.",Portable Radio,Motorola,SL2K,Motorola,Malaysia
1782486209-11,https://sertifikasi.postel.go.id/sertifikat/sertifikat-terbit,71798/SDPPI/2020,02 Des 2020,1889,"CITRADATA PURNAKHARISMA, PT.",Portable Radio,Motorola,XiR P3688 UHF (350-400 MHz),Motorola,Malaysia
1782486209-12,https://sertifikasi.postel.go.id/sertifikat/sertifikat-terbit,71546/SDPPI/2020,20 Nov 2020,1889,"CITRADATA PURNAKHARISMA, PT.",Portable Radio,Mag One,VZ-28-G6-4 (403-438 MHz),Mag One,China
1782486209-13,https://sertifikasi.postel.go.id/sertifikat/sertifikat-terbit,71516/SDPPI/2020,19 Nov 2020,4773,"HARRISMA INFORMATIKA JAYA, PT.",PORTABLE RADIO,MOTOROLA,XiR P8668i 403-438 MHz,MOTOROLA XiR P8668i 403-438 MHz,Malaysia
1782486209-14,https://sertifikasi.postel.go.id/sertifikat/sertifikat-terbit,71441/SDPPI/2020,16 Nov 2020,4773,"HARRISMA INFORMATIKA JAYA, PT.",PORTABLE RADIO,MOTOROLA,XiR P8668i 350 – 400 MHz,MOTOROLA XiR P8668i 350 – 400 MHz,Malaysia
1782486209-15,https://sertifikasi.postel.go.id/sertifikat/sertifikat-terbit,71408/SDPPI/2020,13 Nov 2020,4773,"HARRISMA INFORMATIKA JAYA, PT.",PORTABLE RADIO,MOTOROLA,SL1M 136-174 Mhz,MOTOROLA  SL1M 136-174 Mhz,Malaysia
1782486209-16,https://sertifikasi.postel.go.id/sertifikat/sertifikat-terbit,71407/SDPPI/2020,13 Nov 2020,4773,"HARRISMA INFORMATIKA JAYA, PT.",PORTABLE RADIO,MOTOROLA,XiR P8668i 136 – 174 MHz,MOTOROLA XiR P8668i 136 – 174 MHz,Malaysia
1782486209-17,https://sertifikasi.postel.go.id/sertifikat/sertifikat-terbit,71402/SDPPI/2020,13 Nov 2020,4773,"HARRISMA INFORMATIKA JAYA, PT.",PORTABLE RADIO,MOTOROLA,XiR P3688 403-438 MHz,MOTOROLA XiR P3688 403-438 MHz,Malaysia
1782486209-18,https://sertifikasi.postel.go.id/sertifikat/sertifikat-terbit,71406/SDPPI/2020,13 Nov 2020,4773,"HARRISMA INFORMATIKA JAYA, PT.",PORTABLE RADIO,MOTOROLA,XiR P6620i 403-438 MHz,MOTOROLA XiR P6620i 403-438 MHz,Malaysia
1782486209-19,https://sertifikasi.postel.go.id/sertifikat/sertifikat-terbit,71090/SDPPI/2020,27 Okt 2020,2276,"GAJAH MANDALA JAYA, PT.",Portable Radio,Tait,TP9360,Portable Radio,New Zealand
1782486209-20,https://sertifikasi.postel.go.id/sertifikat/sertifikat-terbit,70624/SDPPI/2020,05 Okt 2020,4773,"HARRISMA INFORMATIKA JAYA, PT.",PORTABLE RADIO,MOTOROLA,"XiR P6620i, 350 - 400 MHz","MOTOROLA XiR P6620i, 350 - 400 MHz",Malaysia
1782486209-21,https://sertifikasi.postel.go.id/sertifikat/sertifikat-terbit,70585/SDPPI/2020,02 Okt 2020,4773,"HARRISMA INFORMATIKA JAYA, PT.",PORTABLE RADIO,MOTOROLA,"XiR P3688, 350 - 400 MHz","MOTOROLA XiR P3688, 350 - 400 MHz",Malaysia
1782486209-22,https://sertifikasi.postel.go.id/sertifikat/sertifikat-terbit,70533/SDPPI/2020,30 Sep 2020,4773,"HARRISMA INFORMATIKA JAYA, PT.",PORTABLE RADIO,MOTOROLA,"XiR P3688, 136 - 174 MHz","MOTOROLA XiR P3688, 136 - 174 MHz",Malaysia
1782486209-23,https://sertifikasi.postel.go.id/sertifikat/sertifikat-terbit,70534/SDPPI/2020,30 Sep 2020,4773,"HARRISMA INFORMATIKA JAYA, PT.",PORTABLE RADIO,MOTOROLA,"XiR P6620i, 136 - 174 MHZ","MOTOROLA XiR P6620i, 136 - 174 MHZ",Malaysia
1782486209-24,https://sertifikasi.postel.go.id/sertifikat/sertifikat-terbit,70253/SDPPI/2020,16 Sep 2020,1889,"CITRADATA PURNAKHARISMA, PT.",Portable Radio,Motorola,XiR C2660,Motorola,Malaysia
1782486209-25,https://sertifikasi.postel.go.id/sertifikat/sertifikat-terbit,70241/SDPPI/2020,15 Sep 2020,1758,"MOTOROLA  SOLUTIONS INDONESIA, PT.",Portable Radio,Motorola,APX1000 (H84UCH9PW7AN) 800 MHz,Motorola,Malaysia
1782486209-26,https://sertifikasi.postel.go.id/sertifikat/sertifikat-terbit,70242/SDPPI/2020,15 Sep 2020,1889,"CITRADATA PURNAKHARISMA, PT.",Portable Radio,Motorola,XiR C2660,Motorola,Malaysia
1782486209-27,https://sertifikasi.postel.go.id/sertifikat/sertifikat-terbit,68756/SDPPI/2020,22 Jun 2020,1889,"CITRADATA PURNAKHARISMA, PT.",Portable Radio,Mag One,VZ-28-F6-4 (350-390 MHz),Mag One,China
1782486209-28,https://sertifikasi.postel.go.id/sertifikat/sertifikat-terbit,68716/SDPPI/2020,18 Jun 2020,1889,"CITRADATA PURNAKHARISMA, PT.",Portable Radio,Mag One,VZ-28-DO-5 (136-174 MHz),Mag One,China
1782486209-29,https://sertifikasi.postel.go.id/sertifikat/sertifikat-terbit,68698/SDPPI/2020,17 Jun 2020,1889,"CITRADATA PURNAKHARISMA, PT.",Portable Radio,Motorola,XiR P8668i (403-438 MHz),Motorola,Malaysia
1782486209-30,https://sertifikasi.postel.go.id/sertifikat/sertifikat-terbit,68699/SDPPI/2020,17 Jun 2020,1889,"CITRADATA PURNAKHARISMA, PT.",Portable Radio,Motorola,XiR P6600i (403-438 MHz),Motorola,Malaysia
1782486209-31,https://sertifikasi.postel.go.id/sertifikat/sertifikat-terbit,68678/SDPPI/2020,16 Jun 2020,1758,"MOTOROLA  SOLUTIONS INDONESIA, PT.",Portable Radio,Motorola,CP1300 (AZH03EDH8AA7) 350-390 MHz,Motorola,Malaysia
1782486209-32,https://sertifikasi.postel.go.id/sertifikat/sertifikat-terbit,68679/SDPPI/2020,16 Jun 2020,1758,"MOTOROLA  SOLUTIONS INDONESIA, PT.",Portable Radio,Motorola,XiR P8608i (AZH56NDC9RA1AN) 350-400 MHz,Motorola,Malaysia
1782486209-33,https://sertifikasi.postel.go.id/sertifikat/sertifikat-terbit,68613/SDPPI/2020,11 Jun 2020,1758,"MOTOROLA  SOLUTIONS INDONESIA, PT.",Portable Radio,Motorola,CP1660 (AZH03EDK8AA9) 350-390 MHz,Motorola,Malaysia
1782486209-34,https://sertifikasi.postel.go.id/sertifikat/sertifikat-terbit,68529/SDPPI/2020,04 Jun 2020,1758,"MOTOROLA  SOLUTIONS INDONESIA, PT.",Portable Radio,Motorola,SRX2200 / H99QDH9PW7BN (380-470 MHz),Motorola,Malaysia
1782486209-35,https://sertifikasi.postel.go.id/sertifikat/sertifikat-terbit,68520/SDPPI/2020,04 Jun 2020,1758,"MOTOROLA  SOLUTIONS INDONESIA, PT.",Portable Radio,Motorola,XiR E8608i (AZH69NDC9RA1AN) 350-400 MHz,Motorola,Malaysia
1782486209-36,https://sertifikasi.postel.go.id/sertifikat/sertifikat-terbit,68441/SDPPI/2020,28 Mei 2020,1889,"CITRADATA PURNAKHARISMA, PT.",Portable Radio,Motorola,XiR P8668i (136-174 MHz),Motorola,Malaysia
1782486209-37,https://sertifikasi.postel.go.id/sertifikat/sertifikat-terbit,68335/SDPPI/2020,18 Mei 2020,1758,"MOTOROLA  SOLUTIONS INDONESIA, PT.",Portable Radio,Motorola,XiR P8660i / AZH56JDN9VA1AN (136-174 Mhz),Motorola,Malaysia
1782486209-38,https://sertifikasi.postel.go.id/sertifikat/sertifikat-terbit,68305/SDPPI/2020,15 Mei 2020,1758,"MOTOROLA  SOLUTIONS INDONESIA, PT.",Portable Radio,Motorola,MTP8550 EX / AZH17PCH6TZ5AN  (350-470 MHz),Motorola,Malaysia
1782486209-39,https://sertifikasi.postel.go.id/sertifikat/sertifikat-terbit,68247/SDPPI/2020,11 Mei 2020,1758,"MOTOROLA  SOLUTIONS INDONESIA, PT.",Portable Radio,Motorola,XiR C1200/ AZH87JDC9JA2AN (136-174 MHz),Motorola,Malaysia
1782486209-40,https://sertifikasi.postel.go.id/sertifikat/sertifikat-terbit,68248/SDPPI/2020,11 Mei 2020,1758,"MOTOROLA  SOLUTIONS INDONESIA, PT.",Portable Radio,Motorola,XiR C2660/ AZH87JDF9JA2AN (136-174 MHz),Motorola,Malaysia
1782486209-41,https://sertifikasi.postel.go.id/sertifikat/sertifikat-terbit,68223/SDPPI/2020,08 Mei 2020,1758,"MOTOROLA  SOLUTIONS INDONESIA, PT.",Portable Radio,Motorola,XiR C2620/ AZH87JDH9JA2AN (136-174 MHz),Motorola,Malaysia
1782486209-42,https://sertifikasi.postel.go.id/sertifikat/sertifikat-terbit,68172/SDPPI/2020,04 Mei 2020,1758,"MOTOROLA  SOLUTIONS INDONESIA, PT.",Portable Radio,Motorola,XiR C2660/AZH87NDF9JA2AN (350-400 MHz),Motorola,Malaysia
1782486209-43,https://sertifikasi.postel.go.id/sertifikat/sertifikat-terbit,68173/SDPPI/2020,04 Mei 2020,1758,"MOTOROLA  SOLUTIONS INDONESIA, PT.",Portable Radio,Motorola,XiR C1200/AZH87NDC9JA2AN (350-400 MHz),Motorola,Malaysia
1782486209-44,https://sertifikasi.postel.go.id/sertifikat/sertifikat-terbit,68174/SDPPI/2020,04 Mei 2020,1758,"MOTOROLA  SOLUTIONS INDONESIA, PT.",Portable Radio,Motorola,XiR C2620/AZH87NDH9JA2AN (350-400 MHz),Motorola,Malaysia
1782486209-45,https://sertifikasi.postel.go.id/sertifikat/sertifikat-terbit,67920/SDPPI/2020,17 Apr 2020,1758,"MOTOROLA  SOLUTIONS INDONESIA, PT.",Portable Radio,Motorola,"XiR E8600i, 350-400 MHz",Motorola,Malaysia
1782486209-46,https://sertifikasi.postel.go.id/sertifikat/sertifikat-terbit,67910/SDPPI/2020,17 Apr 2020,1758,"MOTOROLA  SOLUTIONS INDONESIA, PT.",Portable Radio,Motorola,"XiR P3688, 350-400 MHz",Motorola,Malaysia
1782486209-47,https://sertifikasi.postel.go.id/sertifikat/sertifikat-terbit,67803/SDPPI/2020,09 Apr 2020,1758,"MOTOROLA  SOLUTIONS INDONESIA, PT.",Portable Radio,Motorola,"APX2000, 380-440 MHz (Model 3)",Motorola,Malaysia
1782486209-48,https://sertifikasi.postel.go.id/sertifikat/sertifikat-terbit,67704/SDPPI/2020,06 Apr 2020,7126,"Mitratama Berkat Sejahtera, PT.",Portable Radio,HYT By Hytera,TC-580 UHF (350-390 MHz),HYT By Hytera,China
1782486209-49,https://sertifikasi.postel.go.id/sertifikat/sertifikat-terbit,67706/SDPPI/2020,06 Apr 2020,7126,"Mitratama Berkat Sejahtera, PT.",Portable Radio,HYT By Hytera,TC-700 UHF (350-390 MHz),HYT By Hytera,China
1782486209-50,https://sertifikasi.postel.go.id/sertifikat/sertifikat-terbit,66929/SDPPI/2020,03 Mar 2020,1758,"MOTOROLA  SOLUTIONS INDONESIA, PT.",Portable Radio,Motorola,XiR C2660 (403-438 MHz),Motorola,Malaysia
1782486247-1,https://sertifikasi.postel.go.id/sertifikat/sertifikat-terbit,66845/SDPPI/2020,27 Feb 2020,1758,"MOTOROLA  SOLUTIONS INDONESIA, PT.",Portable Radio,Motorola,MTP6650 (350-470 MHz),Motorola,Malaysia
1782486247-2,https://sertifikasi.postel.go.id/sertifikat/sertifikat-terbit,66755/SDPPI/2020,24 Feb 2020,1758,"MOTOROLA  SOLUTIONS INDONESIA, PT.",Portable Radio,Motorola,XiR P8660i (350-400 Mhz),Motorola,Malaysia
1782486247-3,https://sertifikasi.postel.go.id/sertifikat/sertifikat-terbit,66091/SDPPI/2020,27 Jan 2020,2410,"ALSSA CORPORINDO, PT.",Portable Radio Trunking,Tait,TP8140,Tait,New Zealand
1782486247-4,https://sertifikasi.postel.go.id/sertifikat/sertifikat-terbit,66092/SDPPI/2020,27 Jan 2020,2410,"ALSSA CORPORINDO, PT.",Portable Radio Trunking,Tait,TP8135,Tait,New Zealand
1782486247-5,https://sertifikasi.postel.go.id/sertifikat/sertifikat-terbit,66036/SDPPI/2020,24 Jan 2020,1758,"MOTOROLA  SOLUTIONS INDONESIA, PT.",Portable Radio,Motorola,CP1300 (136-174 Mhz),Motorola,Malaysia
1782486247-6,https://sertifikasi.postel.go.id/sertifikat/sertifikat-terbit,65906/SDPPI/2020,21 Jan 2020,1758,"MOTOROLA  SOLUTIONS INDONESIA, PT.",Portable Radio,Motorola,XiR P8668i (800 MHz),Motorola,Malaysia
1782486247-7,https://sertifikasi.postel.go.id/sertifikat/sertifikat-terbit,65868/SDPPI/2020,20 Jan 2020,1758,"MOTOROLA  SOLUTIONS INDONESIA, PT.",Portable Radio,Motorola,XiR P8600i  (350-400 Mhz),Motorola,Malaysia
1782486247-8,https://sertifikasi.postel.go.id/sertifikat/sertifikat-terbit,65813/SDPPI/2020,16 Jan 2020,1758,"MOTOROLA  SOLUTIONS INDONESIA, PT.",Portable Radio,Motorola,XiR P8668i (136-174 Mhz),Motorola,Malaysia
1782486247-9,https://sertifikasi.postel.go.id/sertifikat/sertifikat-terbit,65802/SDPPI/2020,16 Jan 2020,1758,"MOTOROLA  SOLUTIONS INDONESIA, PT.",Portable Radio,Motorola,XiR P8600i (136-174 Mhz),Motorola,Malaysia
1782486247-10,https://sertifikasi.postel.go.id/sertifikat/sertifikat-terbit,65698/SDPPI/2020,13 Jan 2020,1758,"MOTOROLA  SOLUTIONS INDONESIA, PT.",Portable Radio,Motorola,MTP 8550Ex (800 MHz),Motorola,Malaysia
1782486247-11,https://sertifikasi.postel.go.id/sertifikat/sertifikat-terbit,65657/SDPPI/2020,12 Jan 2020,1758,"MOTOROLA  SOLUTIONS INDONESIA, PT.",Portable Radio,Motorola,MTP 8500Ex (800 MHz),Motorola,Malaysia
1782486247-12,https://sertifikasi.postel.go.id/sertifikat/sertifikat-terbit,65651/SDPPI/2020,11 Jan 2020,1758,"MOTOROLA  SOLUTIONS INDONESIA, PT.",Portable Radio,Motorola,XiR P6600i (403-438 MHz),motorola,Malaysia
1782486247-13,https://sertifikasi.postel.go.id/sertifikat/sertifikat-terbit,65293/SDPPI/2019,26 Des 2019,2638,"SOG INDONESIA, PT.",POC Portable Radio,TeloSystems,TE580,TeloSystems TE580,China
1782486247-14,https://sertifikasi.postel.go.id/sertifikat/sertifikat-terbit,65225/SDPPI/2019,20 Des 2019,1758,"MOTOROLA  SOLUTIONS INDONESIA, PT.",Portable Radio,Motorola,MTP 3500 (350-470 Mhz),Motorola,Malaysia
1782486247-15,https://sertifikasi.postel.go.id/sertifikat/sertifikat-terbit,65169/SDPPI/2019,17 Des 2019,1758,"MOTOROLA  SOLUTIONS INDONESIA, PT.",Portable Radio,Motorola,SL2M (403 - 438 Mhz),Motorola,Malaysia
1782486247-16,https://sertifikasi.postel.go.id/sertifikat/sertifikat-terbit,65155/SDPPI/2019,16 Des 2019,2638,"SOG INDONESIA, PT.",POC Portable Radio,Hytera,PNC380,Hytera PNC380,China
1782486247-17,https://sertifikasi.postel.go.id/sertifikat/sertifikat-terbit,65049/SDPPI/2019,12 Des 2019,1758,"MOTOROLA  SOLUTIONS INDONESIA, PT.",Portable Radio,Motorola,SL2K (403-438 Mhz),Motorola,Malaysia
1782486247-18,https://sertifikasi.postel.go.id/sertifikat/sertifikat-terbit,64822/SDPPI/2019,29 Nov 2019,1758,"MOTOROLA  SOLUTIONS INDONESIA, PT.",Portable Radio,Motorola,XiR P8668i (350-400 Mhz),Motorola,Malaysia
1782486247-19,https://sertifikasi.postel.go.id/sertifikat/sertifikat-terbit,64202/SDPPI/2019,31 Okt 2019,1758,"MOTOROLA  SOLUTIONS INDONESIA, PT.",Portable Radio,Motorola,SRX 2200 (800 MHz),Motorola,United States
1782486247-20,https://sertifikasi.postel.go.id/sertifikat/sertifikat-terbit,63826/SDPPI/2019,10 Okt 2019,1758,"MOTOROLA  SOLUTIONS INDONESIA, PT.",Portable Radio,Motorola,XiR P3688 (403 - 470 MHz),Motorola,Malaysia
1782486247-21,https://sertifikasi.postel.go.id/sertifikat/sertifikat-terbit,63800/SDPPI/2019,10 Okt 2019,1758,"MOTOROLA  SOLUTIONS INDONESIA, PT.",Portable Radio,Motorola,XiR P3688 (136 - 174 MHz),Motorola,Malaysia
1782486247-22,https://sertifikasi.postel.go.id/sertifikat/sertifikat-terbit,63243/SDPPI/2019,17 Sep 2019,1758,"MOTOROLA  SOLUTIONS INDONESIA, PT.",Portable Radio,Motorola,XiR P6620i (403 - 438 MHz),Motorola,Malaysia
1782486247-23,https://sertifikasi.postel.go.id/sertifikat/sertifikat-terbit,63143/SDPPI/2019,11 Sep 2019,1758,"MOTOROLA  SOLUTIONS INDONESIA, PT.",Portable Radio,Motorola,XiR P6620i (136 - 174 MHz),Motorola,Malaysia
1782486247-24,https://sertifikasi.postel.go.id/sertifikat/sertifikat-terbit,62993/SDPPI/2019,04 Sep 2019,1758,"MOTOROLA  SOLUTIONS INDONESIA, PT.",Portable Radio,Motorola,MTP3150 (800 MHz),Motorola,Malaysia
1782486247-25,https://sertifikasi.postel.go.id/sertifikat/sertifikat-terbit,62822/SDPPI/2019,26 Agu 2019,1998,"DHARMA DWITUNGGAL UTAMA, PT.",DIGITAL PORTABLE RADIO,EXCERA,EP5500 U3,EXCERA EP5500 U3,China
1782486247-26,https://sertifikasi.postel.go.id/sertifikat/sertifikat-terbit,62821/SDPPI/2019,26 Agu 2019,1758,"MOTOROLA  SOLUTIONS INDONESIA, PT.",Portable Radio,Motorola,APX 2000 (800 MHz),Motorola,Malaysia
1782486247-27,https://sertifikasi.postel.go.id/sertifikat/sertifikat-terbit,62756/SDPPI/2019,22 Agu 2019,1758,"MOTOROLA  SOLUTIONS INDONESIA, PT.",Portable Radio,Motorola,XiR P6600i (136-174 MHz),Motorola,Malaysia
1782486247-28,https://sertifikasi.postel.go.id/sertifikat/sertifikat-terbit,62622/SDPPI/2019,15 Agu 2019,2638,"SOG INDONESIA, PT.",POC Portable Radio,Kirisun,W65,POC,China
1782486247-29,https://sertifikasi.postel.go.id/sertifikat/sertifikat-terbit,62460/SDPPI/2019,07 Agu 2019,2638,"SOG INDONESIA, PT.",POC Portable Radio,Kirisun,W60,POC,China
1782486247-30,https://sertifikasi.postel.go.id/sertifikat/sertifikat-terbit,62235/SDPPI/2019,27 Jul 2019,1758,"MOTOROLA  SOLUTIONS INDONESIA, PT.",Portable Radio,Motorola,APX 3000 (380 - 440 MHz),Motorola,United States
1782486247-31,https://sertifikasi.postel.go.id/sertifikat/sertifikat-terbit,62163/SDPPI/2019,24 Jul 2019,1758,"MOTOROLA  SOLUTIONS INDONESIA, PT.",Portable Radio,Motorola,XiR P6620i (350 - 400 MHz),motorola,Malaysia
1782486247-32,https://sertifikasi.postel.go.id/sertifikat/sertifikat-terbit,62139/SDPPI/2019,23 Jul 2019,1758,"MOTOROLA  SOLUTIONS INDONESIA, PT.",Portable Radio,Motorola,XiR P6600i (350 - 400 MHz),Motorola,Malaysia
1782486247-33,https://sertifikasi.postel.go.id/sertifikat/sertifikat-terbit,61896/SDPPI/2019,28 Jun 2019,1758,"MOTOROLA  SOLUTIONS INDONESIA, PT.",Portable Radio,Motorola,XiR P8600i (403 - 438 MHz),Motorola,Malaysia
1782486247-34,https://sertifikasi.postel.go.id/sertifikat/sertifikat-terbit,61879/SDPPI/2019,26 Jun 2019,1774,"MOBILKOM TELEKOMINDO, PT.",Portable Radio,MOTOROLA,APX 2000 ( 806-870 Mhz ),motorola.inc,Malaysia
1782486247-35,https://sertifikasi.postel.go.id/sertifikat/sertifikat-terbit,61878/SDPPI/2019,26 Jun 2019,1774,"MOBILKOM TELEKOMINDO, PT.",Portable Radio,MOTOROLA,MTP 8550 EX ( 800 Mhz ),motorola.inc,Malaysia
1782486247-36,https://sertifikasi.postel.go.id/sertifikat/sertifikat-terbit,61804/SDPPI/2019,13 Jun 2019,1758,"MOTOROLA  SOLUTIONS INDONESIA, PT.",Portable Radio,Motorola,XiR P8660i (403-438 MHz),Motorola,Malaysia
1782486247-37,https://sertifikasi.postel.go.id/sertifikat/sertifikat-terbit,61090/SDPPI/2019,02 Apr 2019,1758,"MOTOROLA  SOLUTIONS INDONESIA, PT.",Portable Radio,Motorola,MTP 3100 (350-430 MHz),Motorola,Malaysia
1782486247-38,https://sertifikasi.postel.go.id/sertifikat/sertifikat-terbit,60341/SDPPI/2019,20 Feb 2019,4773,"HARRISMA INFORMATIKA JAYA, PT.",PORTABLE RADIO,MOTOROLA,SL1M (403-440MHz),Motorola,Malaysia
1782486247-39,https://sertifikasi.postel.go.id/sertifikat/sertifikat-terbit,60203/SDPPI/2019,12 Feb 2019,1758,"MOTOROLA  SOLUTIONS INDONESIA, PT.",Portable Radio,Motorola,SL2K (800 MHz),Motorola,Malaysia
1782486247-40,https://sertifikasi.postel.go.id/sertifikat/sertifikat-terbit,60142/SDPPI/2019,08 Feb 2019,1758,"MOTOROLA  SOLUTIONS INDONESIA, PT.",Portable Radio,Motorola,CP1660 (136 - 174 MHz),Motorola,China
1782486247-41,https://sertifikasi.postel.go.id/sertifikat/sertifikat-terbit,60110/SDPPI/2019,05 Feb 2019,1758,"MOTOROLA  SOLUTIONS INDONESIA, PT.",Portable Radio,Motorola,XiR P8608i (403-438 mhZ),Motorola,Malaysia
1782486247-42,https://sertifikasi.postel.go.id/sertifikat/sertifikat-terbit,60015/SDPPI/2019,30 Jan 2019,1758,"MOTOROLA  SOLUTIONS INDONESIA, PT.",Portable Radio,Motorola,XiR P8668i (403 - 438 Mhz),Motorola,Malaysia
1782486247-43,https://sertifikasi.postel.go.id/sertifikat/sertifikat-terbit,59805/SDPPI/2019,17 Jan 2019,7860,"KARYA SOLUSI PRIMA SEJAHTERA, PT.",Digital Portable Radio,Hytera,PD788G U(1),Hytera,China
1782486247-44,https://sertifikasi.postel.go.id/sertifikat/sertifikat-terbit,58972/SDPPI/2018,29 Nov 2018,2027,"SIMOCO INDONESIA, PT.",Digital Portable Radio,Simoco EMEA,SDP760 T1,Simoco EMEA,China
1782486247-45,https://sertifikasi.postel.go.id/sertifikat/sertifikat-terbit,58872/SDPPI/2018,23 Nov 2018,7647,PT. TATA NIAGA RAYA,Portable Radio Bluetooth,SOUNESS,SNI-1577UT,SOUNESS,China
1782486247-46,https://sertifikasi.postel.go.id/sertifikat/sertifikat-terbit,58868/SDPPI/2018,23 Nov 2018,7647,PT. TATA NIAGA RAYA,Portable Radio Bluetooth,SOUNESS,SNI-1575UT,SOUNESS,China
1782486247-47,https://sertifikasi.postel.go.id/sertifikat/sertifikat-terbit,58536/SDPPI/2018,01 Nov 2018,1758,"MOTOROLA  SOLUTIONS INDONESIA, PT.",Portable Radio,Motorola,SL1M  (403 - 440 MHz),Motorola,Malaysia
1782486247-48,https://sertifikasi.postel.go.id/sertifikat/sertifikat-terbit,58335/SDPPI/2018,19 Okt 2018,1758,"MOTOROLA  SOLUTIONS INDONESIA, PT.",Portable Radio,Motorola,ATS 2500p (800 MHz),Motorola,Malaysia
1782486247-49,https://sertifikasi.postel.go.id/sertifikat/sertifikat-terbit,58333/SDPPI/2018,19 Okt 2018,1758,"MOTOROLA  SOLUTIONS INDONESIA, PT.",Portable Radio,Motorola,ATS 2500p (380 - 440 MHz),Motorola,Malaysia
1782486247-50,https://sertifikasi.postel.go.id/sertifikat/sertifikat-terbit,58216/SDPPI/2018,09 Okt 2018,1758,"MOTOROLA  SOLUTIONS INDONESIA, PT.",Portable Radio,Motorola,CP1660 (403 - 440 MHz),Motorola,China
1782486273-1,https://sertifikasi.postel.go.id/sertifikat/sertifikat-terbit,58084/SDPPI/2018,02 Okt 2018,1758,"MOTOROLA  SOLUTIONS INDONESIA, PT.",Portable Radio,Motorola,APX 1000i (800 MHz),Motorola,Malaysia
1782486273-2,https://sertifikasi.postel.go.id/sertifikat/sertifikat-terbit,58087/SDPPI/2018,02 Okt 2018,1758,"MOTOROLA  SOLUTIONS INDONESIA, PT.",Portable Radio,Motorola,APX 1000i (380-440 MHz),Motorola,Malaysia
1782486273-3,https://sertifikasi.postel.go.id/sertifikat/sertifikat-terbit,57784/SDPPI/2018,04 Sep 2018,1998,"DHARMA DWITUNGGAL UTAMA, PT.",DIGITAL PORTABLE RADIO,EXCERA,EP8100 U3,EXCERA EP8100 U3 DIGITAL PORTABLE RADIO,China
1782486273-4,https://sertifikasi.postel.go.id/sertifikat/sertifikat-terbit,57629/SDPPI/2018,09 Agu 2018,7877,PT MULTITECH TRANS NUSANTARA,Portable Radio Trunking,Motorola,"APX 1000,800 Mhz (TX 806-824,851-870Mhz,RX 851-870Mhz)",Motorola,Malaysia
1782486273-5,https://sertifikasi.postel.go.id/sertifikat/sertifikat-terbit,57612/SDPPI/2018,08 Agu 2018,1998,"DHARMA DWITUNGGAL UTAMA, PT.",Portable Radio,EXCERA,EP5800,,China
1782486273-6,https://sertifikasi.postel.go.id/sertifikat/sertifikat-terbit,57415/SDPPI/2018,27 Jul 2018,1758,"MOTOROLA  SOLUTIONS INDONESIA, PT.",Portable Radio,Mag One,VZ-28-G6-4 (403-438 MHz),,China
1782486273-7,https://sertifikasi.postel.go.id/sertifikat/sertifikat-terbit,57414/SDPPI/2018,27 Jul 2018,1758,"MOTOROLA  SOLUTIONS INDONESIA, PT.",Portable Radio,Mag One,VZ-20-G6-4 (403-438 MHz),,China
1782486273-8,https://sertifikasi.postel.go.id/sertifikat/sertifikat-terbit,57186/SDPPI/2018,13 Jul 2018,4773,"HARRISMA INFORMATIKA JAYA, PT.",Portable Radio,Motorola,SL2K (403-438 Mhz),Motorola,Malaysia
1782486273-9,https://sertifikasi.postel.go.id/sertifikat/sertifikat-terbit,56924/SDPPI/2018,22 Jun 2018,1758,"MOTOROLA  SOLUTIONS INDONESIA, PT.",Portable Radio,Motorola,XiR P8628i (403-438 MHz),,Malaysia
1782486273-10,https://sertifikasi.postel.go.id/sertifikat/sertifikat-terbit,40032/I/SDPPI/2018,25 Mei 2018,1758,"MOTOROLA  SOLUTIONS INDONESIA, PT.",Portable Radio,Motorola,ATS 2500i 350-400Mhz,,Malaysia
1782486273-11,https://sertifikasi.postel.go.id/sertifikat/sertifikat-terbit,56533/SDPPI/2018,18 Mei 2018,7325,PT.HYTERA COMMUNICATIONS INDONESIA,Portable Radio,Hytera,PD 488 U(v)  (350-400Mhz),,China
1782486273-12,https://sertifikasi.postel.go.id/sertifikat/sertifikat-terbit,56318/SDPPI/2018,02 Mei 2018,1758,"MOTOROLA  SOLUTIONS INDONESIA, PT.",Portable Radio,Mag One,VZ 20 (350-390 MHz),,China
1782486273-13,https://sertifikasi.postel.go.id/sertifikat/sertifikat-terbit,39792/I/SDPPI/2018,02 Mei 2018,1758,"MOTOROLA  SOLUTIONS INDONESIA, PT.",Portable Radio,Motorola,"XiR P8608 Ex, 136-174Mhz",,Malaysia
1782486273-14,https://sertifikasi.postel.go.id/sertifikat/sertifikat-terbit,39793/I/SDPPI/2018,02 Mei 2018,1758,"MOTOROLA  SOLUTIONS INDONESIA, PT.",Portable Radio,Motorola,"XiR P8668 Ex, 136-174Mhz",,Malaysia
1782486273-15,https://sertifikasi.postel.go.id/sertifikat/sertifikat-terbit,56265/SDPPI/2018,27 Apr 2018,1758,"MOTOROLA  SOLUTIONS INDONESIA, PT.",Portable Radio,Mag One,VZ28 (136-174 MHz),,China
1782486273-16,https://sertifikasi.postel.go.id/sertifikat/sertifikat-terbit,56264/SDPPI/2018,27 Apr 2018,1758,"MOTOROLA  SOLUTIONS INDONESIA, PT.",Portable Radio,Mag One,VZ28 (350-390 MHz),,China
1782486273-17,https://sertifikasi.postel.go.id/sertifikat/sertifikat-terbit,39794/I/SDPPI/2018,27 Apr 2018,1758,"MOTOROLA  SOLUTIONS INDONESIA, PT.",Portable Radio,Motorola,ATS 2500i 800Mhz,,Malaysia
1782486273-18,https://sertifikasi.postel.go.id/sertifikat/sertifikat-terbit,56266/SDPPI/2018,27 Apr 2018,1758,"MOTOROLA  SOLUTIONS INDONESIA, PT.",Portable Radio,Mag One,VZ20 (136-174 MHz),,China
1782486273-19,https://sertifikasi.postel.go.id/sertifikat/sertifikat-terbit,56219/SDPPI/2018,25 Apr 2018,4773,"HARRISMA INFORMATIKA JAYA, PT.",Portable Radio,Motorola,XiR P8660i (350-400 Mhz),,Malaysia
1782486273-20,https://sertifikasi.postel.go.id/sertifikat/sertifikat-terbit,56055/SDPPI/2018,16 Apr 2018,1889,"CITRADATA PURNAKHARISMA, PT.",Portable Radio,Motorola,XiR P8660i (350-400 Mhz),,Malaysia
1782486273-21,https://sertifikasi.postel.go.id/sertifikat/sertifikat-terbit,54920/SDPPI/2018,09 Feb 2018,7250,CV.MARVIN AGUNG,Portable Radio,Hytera,PD 788 G VHF,,China
1782486273-22,https://sertifikasi.postel.go.id/sertifikat/sertifikat-terbit,54857/SDPPI/2018,06 Feb 2018,1758,"MOTOROLA  SOLUTIONS INDONESIA, PT.",Portable Radio,Motorola,MTP3100 (800 Mhz),Motorola,Malaysia
1782486273-23,https://sertifikasi.postel.go.id/sertifikat/sertifikat-terbit,38390/I/SDPPI/2018,06 Feb 2018,1758,"MOTOROLA  SOLUTIONS INDONESIA, PT.",Portable Radio,Motorola,"APX 1000, 136-174 Mhz",,Malaysia
1782486273-24,https://sertifikasi.postel.go.id/sertifikat/sertifikat-terbit,38374/I/SDPPI/2018,06 Feb 2018,1739,"WAHGO INTERNATIONAL, PT.",Digital & Analog Portable Radio,KENWOOD,NX-428 (Freq. 806-870 MHz),,Singapore
1782486273-25,https://sertifikasi.postel.go.id/sertifikat/sertifikat-terbit,38073/I/SDPPI/2018,24 Jan 2018,1758,"MOTOROLA  SOLUTIONS INDONESIA, PT.",Portable Radio,Motorola,"SL1M, 136-174 Mhz",,Malaysia
1782486273-26,https://sertifikasi.postel.go.id/sertifikat/sertifikat-terbit,54625/SDPPI/2018,24 Jan 2018,1758,"MOTOROLA  SOLUTIONS INDONESIA, PT.",Portable Radio,Motorola,ST7000 (800 Mhz),Motorola,Malaysia
1782486273-27,https://sertifikasi.postel.go.id/sertifikat/sertifikat-terbit,54181/SDPPI/2017,29 Des 2017,1758,"MOTOROLA  SOLUTIONS INDONESIA, PT.",Portable Radio,Motorola,XiR P8628i (136-174 Mhz),,Malaysia
1782486273-28,https://sertifikasi.postel.go.id/sertifikat/sertifikat-terbit,53760/SDPPI/2017,05 Des 2017,1758,"MOTOROLA  SOLUTIONS INDONESIA, PT.",Portable Radio,Motorola,APX900 (800 Mhz),Motorola,Malaysia
1782486273-29,https://sertifikasi.postel.go.id/sertifikat/sertifikat-terbit,53761/SDPPI/2017,05 Des 2017,1758,"MOTOROLA  SOLUTIONS INDONESIA, PT.",Portable Radio,Motorola,APX900 (380 - 440 Mhz),Motorola,Malaysia
1782486273-30,https://sertifikasi.postel.go.id/sertifikat/sertifikat-terbit,53762/SDPPI/2017,05 Des 2017,1758,"MOTOROLA  SOLUTIONS INDONESIA, PT.",Portable Radio,Vertex Standard,VZ-20-G6-4 (403-438 Mhz),Vertex Standard,China
1782486273-31,https://sertifikasi.postel.go.id/sertifikat/sertifikat-terbit,53603/SDPPI/2017,27 Nov 2017,7238,PT.KAR POWERSHIP INDONESIA,DIGITAL PORTABLE RADIO,HYTERA,BD555,,China
1782486273-32,https://sertifikasi.postel.go.id/sertifikat/sertifikat-terbit,53483/SDPPI/2017,22 Nov 2017,4773,"HARRISMA INFORMATIKA JAYA, PT.",Portable Radio,Motorola,XiR P8668i (136-174 Mhz),,Malaysia
1782486273-33,https://sertifikasi.postel.go.id/sertifikat/sertifikat-terbit,53481/SDPPI/2017,22 Nov 2017,4773,"HARRISMA INFORMATIKA JAYA, PT.",Portable Radio,Motorola,XiR P8668i (350-400 Mhz),,Malaysia
1782486273-34,https://sertifikasi.postel.go.id/sertifikat/sertifikat-terbit,53364/SDPPI/2017,17 Nov 2017,4773,"HARRISMA INFORMATIKA JAYA, PT.",Portable Radio,Motorola,XiR P8668i (403-438Mhz),,Malaysia
1782486273-35,https://sertifikasi.postel.go.id/sertifikat/sertifikat-terbit,53363/SDPPI/2017,17 Nov 2017,4773,"HARRISMA INFORMATIKA JAYA, PT.",Portable Radio,Motorola,XiR P6620i (403-438 Mhz),,Malaysia
1782486273-36,https://sertifikasi.postel.go.id/sertifikat/sertifikat-terbit,53362/SDPPI/2017,17 Nov 2017,4773,"HARRISMA INFORMATIKA JAYA, PT.",Portable Radio,Motorola,XiR P3688/403-438 Mhz,,Malaysia
1782486273-37,https://sertifikasi.postel.go.id/sertifikat/sertifikat-terbit,53360/SDPPI/2017,17 Nov 2017,4773,"HARRISMA INFORMATIKA JAYA, PT.",Portable Radio,Motorola,"SL1M, 136-174 Mhz",,Malaysia
1782486273-38,https://sertifikasi.postel.go.id/sertifikat/sertifikat-terbit,37121/I/SDPPI/2017,09 Nov 2017,1758,"MOTOROLA  SOLUTIONS INDONESIA, PT.",Portable Radio,Motorola,"XiR P8660, 800 Mhz",,Malaysia
1782486273-39,https://sertifikasi.postel.go.id/sertifikat/sertifikat-terbit,52718/SDPPI/2017,27 Okt 2017,1774,"MOBILKOM TELEKOMINDO, PT.",Portable Radio,MOTOROLA,MTP 3100 ( 800 MHz ),,Malaysia
1782486273-40,https://sertifikasi.postel.go.id/sertifikat/sertifikat-terbit,36789/I/SDPPI/2017,24 Okt 2017,1739,"WAHGO INTERNATIONAL, PT.",Handy Talkie VHF Digital & Portable Radios,KENWOOD,NX-220 (136-174 MHz),,Singapore
1782486273-41,https://sertifikasi.postel.go.id/sertifikat/sertifikat-terbit,52631/SDPPI/2017,24 Okt 2017,2027,"SIMOCO INDONESIA, PT.",DMR Portable Radio,Simoco,SimocoXd/SDP760 ( 136-174 MHz ),,United Kingdom
1782486273-42,https://sertifikasi.postel.go.id/sertifikat/sertifikat-terbit,52487/SDPPI/2017,17 Okt 2017,1758,"MOTOROLA  SOLUTIONS INDONESIA, PT.",Portable Radio,Motorola,XiR P8608i (136-174 Mhz),,Malaysia
1782486273-43,https://sertifikasi.postel.go.id/sertifikat/sertifikat-terbit,52338/SDPPI/2017,10 Okt 2017,4773,"HARRISMA INFORMATIKA JAYA, PT.",Portable Radio,Motorola,"XiR P3688, 350-400 Mhz",,Malaysia
1782486273-44,https://sertifikasi.postel.go.id/sertifikat/sertifikat-terbit,52337/SDPPI/2017,10 Okt 2017,4773,"HARRISMA INFORMATIKA JAYA, PT.",Portable Radio,Motorola,XiR P6620i (350-400 Mhz),,Malaysia
1782486273-45,https://sertifikasi.postel.go.id/sertifikat/sertifikat-terbit,52336/SDPPI/2017,10 Okt 2017,4773,"HARRISMA INFORMATIKA JAYA, PT.",Portable Radio,Motorola,XiR P3688/136-174 Mhz,,Malaysia
1782486273-46,https://sertifikasi.postel.go.id/sertifikat/sertifikat-terbit,52322/SDPPI/2017,09 Okt 2017,1774,"MOBILKOM TELEKOMINDO, PT.",Portable Radio Trunking,Motorola,"APX 1000,800 Mhz (TX 806-824,851-870Mhz,RX 851-870Mhz)",,Malaysia
1782486273-47,https://sertifikasi.postel.go.id/sertifikat/sertifikat-terbit,52274/SDPPI/2017,05 Okt 2017,4773,"HARRISMA INFORMATIKA JAYA, PT.",Portable Radio,Motorola,CP1300 (136-174 Mhz),,China
1782486273-48,https://sertifikasi.postel.go.id/sertifikat/sertifikat-terbit,52272/SDPPI/2017,05 Okt 2017,4773,"HARRISMA INFORMATIKA JAYA, PT.",Portable Radio,Motorola,CP1660 (136-174 Mhz),,China
1782486273-49,https://sertifikasi.postel.go.id/sertifikat/sertifikat-terbit,52271/SDPPI/2017,05 Okt 2017,4773,"HARRISMA INFORMATIKA JAYA, PT.",Portable Radio,Motorola,CP1660 (350-390 Mhz),,China
1782486273-50,https://sertifikasi.postel.go.id/sertifikat/sertifikat-terbit,52267/SDPPI/2017,05 Okt 2017,4773,"HARRISMA INFORMATIKA JAYA, PT.",Portable Radio,Motorola,GP338 (136-174 Mhz),,Malaysia
1782486297-1,https://sertifikasi.postel.go.id/sertifikat/sertifikat-terbit,52267/SDPPI/2017,05 Okt 2017,4773,"HARRISMA INFORMATIKA JAYA, PT.",Portable Radio,Motorola,GP338 (136-174 Mhz),,Malaysia
1782486297-2,https://sertifikasi.postel.go.id/sertifikat/sertifikat-terbit,52129/SDPPI/2017,29 Sep 2017,1774,"MOBILKOM TELEKOMINDO, PT.",Portable Radio,Motorola,MTP3150 (800 Mhz),,Malaysia
1782486297-3,https://sertifikasi.postel.go.id/sertifikat/sertifikat-terbit,36328/I/SDPPI/2017,29 Sep 2017,1774,"MOBILKOM TELEKOMINDO, PT.",Portable Radio,Hytera,PD788G U(1),,China
1782486297-4,https://sertifikasi.postel.go.id/sertifikat/sertifikat-terbit,37069/I/SDPPI/2017,29 Sep 2017,1774,"MOBILKOM TELEKOMINDO, PT.",Portable Radio,Hytera,PD708 VHF,,China
1782486297-5,https://sertifikasi.postel.go.id/sertifikat/sertifikat-terbit,37071/I/SDPPI/2017,29 Sep 2017,1774,"MOBILKOM TELEKOMINDO, PT.",Portable Radio,Hytera,PD788G VHF,,China
1782486297-6,https://sertifikasi.postel.go.id/sertifikat/sertifikat-terbit,52001/SDPPI/2017,18 Sep 2017,7166,PT. ESPERINDO,Portable Radio,Motorola,XiR P8668i (800 Mhz),,Malaysia
1782486297-7,https://sertifikasi.postel.go.id/sertifikat/sertifikat-terbit,36573/I/SDPPI/2017,18 Sep 2017,1758,"MOTOROLA  SOLUTIONS INDONESIA, PT.",Portable Radio,Motorola,"XiR P8668, 800 Mhz (TX 806-824Mhz, RX 851-870Mhz)",,Malaysia
1782486297-8,https://sertifikasi.postel.go.id/sertifikat/sertifikat-terbit,36169/I/SDPPI/2017,14 Sep 2017,1758,"MOTOROLA  SOLUTIONS INDONESIA, PT.",Portable Radio Trunking,Motorola,"APX 1000,800 Mhz (TX 806-824,851-870Mhz,RX 851-870Mhz)",,Malaysia
1782486297-9,https://sertifikasi.postel.go.id/sertifikat/sertifikat-terbit,45291/R/SDPPI/2017,31 Agu 2017,7126,"Mitratama Berkat Sejahtera, PT.",Portable Radio,HYT By Hytera,TC 700 UHF (350-390 MHz),,China
1782486297-10,https://sertifikasi.postel.go.id/sertifikat/sertifikat-terbit,45292/R/SDPPI/2017,31 Agu 2017,7126,"Mitratama Berkat Sejahtera, PT.",Portable Radio,HYT By Hytera,TC 518 UHF (350-390 MHz),,China
1782486297-11,https://sertifikasi.postel.go.id/sertifikat/sertifikat-terbit,45289/R/SDPPI/2017,31 Agu 2017,7126,"Mitratama Berkat Sejahtera, PT.",Portable Radio,HYT By Hytera,TC 580 UHF (350-390 MHz),,China
1782486297-12,https://sertifikasi.postel.go.id/sertifikat/sertifikat-terbit,36167/I/SDPPI/2017,14 Agu 2017,1758,"MOTOROLA  SOLUTIONS INDONESIA, PT.",Portable Radio,Motorola,"XiR E8600, 136-174 Mhz",,Malaysia
1782486297-13,https://sertifikasi.postel.go.id/sertifikat/sertifikat-terbit,36168/I/SDPPI/2017,14 Agu 2017,1758,"MOTOROLA  SOLUTIONS INDONESIA, PT.",Portable Radio,Motorola,"XiR E8608, 136-174 Mhz",,Malaysia
1782486297-14,https://sertifikasi.postel.go.id/sertifikat/sertifikat-terbit,51495/SDPPI/2017,11 Agu 2017,6836,"SUBUR SAKTI PUTERA, PT.",Portable Radio,Motorola,"XiR P8668, 350-400 Mhz",,Malaysia
1782486297-15,https://sertifikasi.postel.go.id/sertifikat/sertifikat-terbit,35537/I/SDPPI/2017,08 Agu 2017,1758,"MOTOROLA  SOLUTIONS INDONESIA, PT.",Portable Radio,Motorola,SRX 2200 (403.500-437.851 Mhz),,Mexico
1782486297-16,https://sertifikasi.postel.go.id/sertifikat/sertifikat-terbit,51345/SDPPI/2017,31 Jul 2017,1998,"DHARMA DWITUNGGAL UTAMA, PT.",DMR PORTABLE RADIO,EXCERA,EP8000 U1,,China
1782486297-17,https://sertifikasi.postel.go.id/sertifikat/sertifikat-terbit,51301/SDPPI/2017,28 Jul 2017,1998,"DHARMA DWITUNGGAL UTAMA, PT.",DMR PORTABLE RADIO,EXCERA,EP8100 U1,,China
1782486297-18,https://sertifikasi.postel.go.id/sertifikat/sertifikat-terbit,35638/I/SDPPI/2017,21 Jul 2017,4482,"SWARNA ADIJAYA, PT.",Portable Radio,BK Radio - RELM,KNG P-400,,United States
1782486297-19,https://sertifikasi.postel.go.id/sertifikat/sertifikat-terbit,35429/I/SDPPI/2017,18 Jul 2017,1758,"MOTOROLA  SOLUTIONS INDONESIA, PT.",Portable Radio,Motorola,"XiR P8668, 403-438 Mhz",,Malaysia
1782486297-20,https://sertifikasi.postel.go.id/sertifikat/sertifikat-terbit,50805/SDPPI/2017,15 Jun 2017,1758,"MOTOROLA  SOLUTIONS INDONESIA, PT.",Portable Radio,Vertex Standard,VZ-20 (136-174 Mhz),,China
1782486297-21,https://sertifikasi.postel.go.id/sertifikat/sertifikat-terbit,50807/SDPPI/2017,15 Jun 2017,1758,"MOTOROLA  SOLUTIONS INDONESIA, PT.",Portable Radio,Motorola,XiR E8608i (350-400 Mhz),,Malaysia
1782486297-22,https://sertifikasi.postel.go.id/sertifikat/sertifikat-terbit,50806/SDPPI/2017,15 Jun 2017,1758,"MOTOROLA  SOLUTIONS INDONESIA, PT.",Portable Radio,Motorola,XiR P8608i (350-400 Mhz),,Malaysia
1782486297-23,https://sertifikasi.postel.go.id/sertifikat/sertifikat-terbit,34761/I/SDPPI/2017,02 Jun 2017,1758,"MOTOROLA  SOLUTIONS INDONESIA, PT.",Portable Radio,Motorola,"XiR P3688, 350-400 Mhz",,Malaysia
1782486297-24,https://sertifikasi.postel.go.id/sertifikat/sertifikat-terbit,50593/SDPPI/2017,29 Mei 2017,1758,"MOTOROLA  SOLUTIONS INDONESIA, PT.",Portable Radio,Motorola,XiR E8600i (350-400 Mhz),,Malaysia
1782486297-25,https://sertifikasi.postel.go.id/sertifikat/sertifikat-terbit,50504/SDPPI/2017,23 Mei 2017,1758,"MOTOROLA  SOLUTIONS INDONESIA, PT.",Portable Radio,Motorola,XiR P8660i (136-174 Mhz),,Malaysia
1782486297-26,https://sertifikasi.postel.go.id/sertifikat/sertifikat-terbit,34612/I/SDPPI/2017,16 Mei 2017,4482,"SWARNA ADIJAYA, PT.",Portable Radio,BK Radio - RELM,KNG-P150-S,,United States
1782486297-27,https://sertifikasi.postel.go.id/sertifikat/sertifikat-terbit,34298/I/SDPPI/2017,04 Apr 2017,1758,"MOTOROLA  SOLUTIONS INDONESIA, PT.",Portable Radio,Motorola,"APX2000, 380-440Mhz (Model 3)",,Malaysia
1782486297-28,https://sertifikasi.postel.go.id/sertifikat/sertifikat-terbit,34410/I/SDPPI/2017,04 Apr 2017,1758,"MOTOROLA  SOLUTIONS INDONESIA, PT.",Portable Radio,Motorola,"XTS2500, 380-440Mhz Model III",,Malaysia
1782486297-29,https://sertifikasi.postel.go.id/sertifikat/sertifikat-terbit,49729/SDPPI/2017,08 Mar 2017,1758,"MOTOROLA  SOLUTIONS INDONESIA, PT.",Portable Radio,Motorola,XiR P8600i (350-400 Mhz),,Malaysia
1782486297-30,https://sertifikasi.postel.go.id/sertifikat/sertifikat-terbit,49728/SDPPI/2017,08 Mar 2017,1758,"MOTOROLA  SOLUTIONS INDONESIA, PT.",Portable Radio,Motorola,XiR P8600i (136-174 Mhz),,Malaysia
1782486297-31,https://sertifikasi.postel.go.id/sertifikat/sertifikat-terbit,49730/SDPPI/2017,08 Mar 2017,1758,"MOTOROLA  SOLUTIONS INDONESIA, PT.",Portable Radio,Motorola,XiR P8660i (350-400 Mhz),,Malaysia
1782486297-32,https://sertifikasi.postel.go.id/sertifikat/sertifikat-terbit,49731/SDPPI/2017,08 Mar 2017,1758,"MOTOROLA  SOLUTIONS INDONESIA, PT.",Portable Radio,Motorola,XiR P8668i (800 Mhz),,Malaysia
1782486297-33,https://sertifikasi.postel.go.id/sertifikat/sertifikat-terbit,49650/SDPPI/2017,02 Mar 2017,1758,"MOTOROLA  SOLUTIONS INDONESIA, PT.",Portable Radio,Motorola,XiR P8668i (136-174 Mhz),,Malaysia
1782486297-34,https://sertifikasi.postel.go.id/sertifikat/sertifikat-terbit,49420/SDPPI/2017,16 Feb 2017,1758,"MOTOROLA  SOLUTIONS INDONESIA, PT.",Portable Radio,Vertex Standard,EVX-539-G6-5 (403-440 Mhz),,China
1782486297-35,https://sertifikasi.postel.go.id/sertifikat/sertifikat-terbit,49421/SDPPI/2017,16 Feb 2017,1758,"MOTOROLA  SOLUTIONS INDONESIA, PT.",Portable Radio,Motorola,MTP8550Ex (800 Mhz),,Malaysia
1782486297-36,https://sertifikasi.postel.go.id/sertifikat/sertifikat-terbit,48863/SDPPI/2017,10 Jan 2017,1758,"MOTOROLA  SOLUTIONS INDONESIA, PT.",Portable Radio,Vertex Standard,VZ-28-G6-4 (403-438 Mhz),,China
1782486297-37,https://sertifikasi.postel.go.id/sertifikat/sertifikat-terbit,48864/SDPPI/2017,10 Jan 2017,1758,"MOTOROLA  SOLUTIONS INDONESIA, PT.",Portable Radio,Motorola,CP1300 (136-174 Mhz),,China
1782486297-38,https://sertifikasi.postel.go.id/sertifikat/sertifikat-terbit,48866/SDPPI/2017,10 Jan 2017,1758,"MOTOROLA  SOLUTIONS INDONESIA, PT.",Portable Radio,Motorola,MTP8500Ex (800Mhz),,Malaysia
1782486297-39,https://sertifikasi.postel.go.id/sertifikat/sertifikat-terbit,48663/SDPPI/2016,22 Des 2016,1758,"MOTOROLA  SOLUTIONS INDONESIA, PT.",Portable Radio,Motorola,SL2K (403-438 Mhz),,Malaysia
1782486297-40,https://sertifikasi.postel.go.id/sertifikat/sertifikat-terbit,48619/SDPPI/2016,20 Des 2016,1758,"MOTOROLA  SOLUTIONS INDONESIA, PT.",Portable Radio,Motorola,GP338 (136-174 Mhz),,Malaysia
1782486297-41,https://sertifikasi.postel.go.id/sertifikat/sertifikat-terbit,48620/SDPPI/2016,20 Des 2016,1758,"MOTOROLA  SOLUTIONS INDONESIA, PT.",Portable Radio,Motorola,GP338 (403-438 Mhz),,Malaysia
1782486297-42,https://sertifikasi.postel.go.id/sertifikat/sertifikat-terbit,48567/SDPPI/2016,15 Des 2016,4482,"SWARNA ADIJAYA, PT.",Portable Radio,BK Radio -RELM,KNG2-P150,,United States
1782486297-43,https://sertifikasi.postel.go.id/sertifikat/sertifikat-terbit,48456/SDPPI/2016,09 Des 2016,1758,"MOTOROLA  SOLUTIONS INDONESIA, PT.",Portable Radio,Motorola,GP328 (403-438 Mhz),,Malaysia
1782486297-44,https://sertifikasi.postel.go.id/sertifikat/sertifikat-terbit,48455/SDPPI/2016,09 Des 2016,1758,"MOTOROLA  SOLUTIONS INDONESIA, PT.",Portable Radio,Motorola,GP328 (136-174 Mhz),,Malaysia
1782486297-45,https://sertifikasi.postel.go.id/sertifikat/sertifikat-terbit,48454/SDPPI/2016,09 Des 2016,1758,"MOTOROLA  SOLUTIONS INDONESIA, PT.",Portable Radio,Motorola,XiR P8668i (350-400 Mhz),,Malaysia
1782486297-46,https://sertifikasi.postel.go.id/sertifikat/sertifikat-terbit,31901/I/SDPPI/2016,17 Nov 2016,1758,"MOTOROLA  SOLUTIONS INDONESIA, PT.",Portable Radio,Motorola,"XiR P6620, 350-400 Mhz",,Malaysia
1782486297-47,https://sertifikasi.postel.go.id/sertifikat/sertifikat-terbit,48078/SDPPI/2016,11 Nov 2016,2484,"MEGAYASA TEKNOLOGI INDONESIA, PT.",Portable Radio,Motorola,XiR P8668 136-174 MHz,,Malaysia
1782486297-48,https://sertifikasi.postel.go.id/sertifikat/sertifikat-terbit,32474/I/SDPPI/2016,02 Nov 2016,4482,"SWARNA ADIJAYA, PT.",Portable Radio,BK Radio - RELM,KNG-P150,,United States
1782486297-49,https://sertifikasi.postel.go.id/sertifikat/sertifikat-terbit,47935/SDPPI/2016,31 Okt 2016,1758,"MOTOROLA  SOLUTIONS INDONESIA, PT.",Portable Radio,Motorola,XiR P6600i (403-438 Mhz),,Malaysia
1782486297-50,https://sertifikasi.postel.go.id/sertifikat/sertifikat-terbit,47803/SDPPI/2016,21 Okt 2016,1758,"MOTOROLA  SOLUTIONS INDONESIA, PT.",Portable Radio,Motorola,SRX 2200 (800 Mhz),,United States
1782486315-1,https://sertifikasi.postel.go.id/sertifikat/sertifikat-terbit,47803/SDPPI/2016,21 Okt 2016,1758,"MOTOROLA  SOLUTIONS INDONESIA, PT.",Portable Radio,Motorola,SRX 2200 (800 Mhz),,United States
1782486315-2,https://sertifikasi.postel.go.id/sertifikat/sertifikat-terbit,47708/SDPPI/2016,13 Okt 2016,1758,"MOTOROLA  SOLUTIONS INDONESIA, PT.",Portable Radio,Vertex Standard,VZ-28 (350-390 Mhz),,China
1782486315-3,https://sertifikasi.postel.go.id/sertifikat/sertifikat-terbit,47709/SDPPI/2016,13 Okt 2016,1758,"MOTOROLA  SOLUTIONS INDONESIA, PT.",Portable Radio,Motorola,XiR P6620i (136-174 Mhz),,Malaysia
1782486315-4,https://sertifikasi.postel.go.id/sertifikat/sertifikat-terbit,31176/I/SDPPI/2016,10 Okt 2016,1758,"MOTOROLA  SOLUTIONS INDONESIA, PT.",Portable Radio,Motorola,XiR P3688/403-438 Mhz,,Malaysia
1782486315-5,https://sertifikasi.postel.go.id/sertifikat/sertifikat-terbit,31180/I/SDPPI/2016,10 Okt 2016,1758,"MOTOROLA  SOLUTIONS INDONESIA, PT.",Portable Radio,Motorola,XiR P3688/136-174 Mhz,,Malaysia
1782486315-6,https://sertifikasi.postel.go.id/sertifikat/sertifikat-terbit,46949/SDPPI/2016,18 Agu 2016,1758,"MOTOROLA  SOLUTIONS INDONESIA, PT.",Portable Radio,Motorola,MTP3150 (800 Mhz),,Malaysia
1782486315-7,https://sertifikasi.postel.go.id/sertifikat/sertifikat-terbit,46948/SDPPI/2016,18 Agu 2016,1758,"MOTOROLA  SOLUTIONS INDONESIA, PT.",Portable Radio,Vertex Standard,VZ-28 (136-174 Mhz),,China
1782486315-8,https://sertifikasi.postel.go.id/sertifikat/sertifikat-terbit,46828/SDPPI/2016,08 Agu 2016,1758,"MOTOROLA  SOLUTIONS INDONESIA, PT.",Portable Radio,Vertex Standard,VX-264-G6-5 (403-440 Mhz),,China
1782486315-9,https://sertifikasi.postel.go.id/sertifikat/sertifikat-terbit,46827/SDPPI/2016,08 Agu 2016,1758,"MOTOROLA  SOLUTIONS INDONESIA, PT.",Portable Radio,Vertex Standard,VX-459-G6-5 (403-440 Mhz),,China
1782486315-10,https://sertifikasi.postel.go.id/sertifikat/sertifikat-terbit,46826/SDPPI/2016,08 Agu 2016,1758,"MOTOROLA  SOLUTIONS INDONESIA, PT.",Portable Radio,Vertex Standard,VX-264-D0-5 (136-174 Mhz),,China
1782486315-11,https://sertifikasi.postel.go.id/sertifikat/sertifikat-terbit,46832/SDPPI/2016,08 Agu 2016,1758,"MOTOROLA  SOLUTIONS INDONESIA, PT.",Portable Radio,Motorola,XiR P6600i (136-174 Mhz),,Malaysia
1782486315-12,https://sertifikasi.postel.go.id/sertifikat/sertifikat-terbit,46831/SDPPI/2016,08 Agu 2016,1758,"MOTOROLA  SOLUTIONS INDONESIA, PT.",Portable Radio,Motorola,XiR P6600i (350-400 Mhz),,Malaysia
1782486315-13,https://sertifikasi.postel.go.id/sertifikat/sertifikat-terbit,46830/SDPPI/2016,08 Agu 2016,1758,"MOTOROLA  SOLUTIONS INDONESIA, PT.",Portable Radio,Motorola,XiR P6620i (350-400 Mhz),,Malaysia
1782486315-14,https://sertifikasi.postel.go.id/sertifikat/sertifikat-terbit,46829/SDPPI/2016,08 Agu 2016,1758,"MOTOROLA  SOLUTIONS INDONESIA, PT.",Portable Radio,Vertex Standard,VX-459-D0-5 (136-174 Mhz),,China
1782486315-15,https://sertifikasi.postel.go.id/sertifikat/sertifikat-terbit,31466/I/SDPPI/2016,27 Jul 2016,1774,"MOBILKOM TELEKOMINDO, PT.",Portable Radio,Motorola,"MTP850, Freq. 806-870 MHz",,Malaysia
1782486315-16,https://sertifikasi.postel.go.id/sertifikat/sertifikat-terbit,45962/SDPPI/2016,13 Mei 2016,1758,"MOTOROLA  SOLUTIONS INDONESIA, PT.",Portable Radio,Vertex Standard,VZ-20 (350-390 Mhz),,China
1782486315-17,https://sertifikasi.postel.go.id/sertifikat/sertifikat-terbit,45725/SDPPI/2016,15 Apr 2016,1758,"MOTOROLA  SOLUTIONS INDONESIA, PT.",Portable Radio,Motorola,MTP850Ex (380-430 Mhz),,Malaysia
1782486315-18,https://sertifikasi.postel.go.id/sertifikat/sertifikat-terbit,45599/SDPPI/2016,04 Apr 2016,1758,"MOTOROLA  SOLUTIONS INDONESIA, PT.",Portable Radio,Motorola,A8 (403-425 Mhz),,China
1782486315-19,https://sertifikasi.postel.go.id/sertifikat/sertifikat-terbit,28385/I/SDPPI/2016,18 Mar 2016,1758,"MOTOROLA  SOLUTIONS INDONESIA, PT.",Portable Radio,Motorola,"TCR 1000, 380-430 Mhz",,Malaysia
1782486315-20,https://sertifikasi.postel.go.id/sertifikat/sertifikat-terbit,45462/SDPPI/2016,18 Mar 2016,1758,"MOTOROLA  SOLUTIONS INDONESIA, PT.",Portable Radio,Motorola,APX 3000 (380-440 Mhz),,United States
1782486315-21,https://sertifikasi.postel.go.id/sertifikat/sertifikat-terbit,45415/SDPPI/2016,14 Mar 2016,1758,"MOTOROLA  SOLUTIONS INDONESIA, PT.",Portable Radio,Motorola,A8 (150-174Mhz),,China
1782486315-22,https://sertifikasi.postel.go.id/sertifikat/sertifikat-terbit,45414/SDPPI/2016,14 Mar 2016,1758,"MOTOROLA  SOLUTIONS INDONESIA, PT.",Portable Radio,Motorola,CP1660 (350-390 Mhz),,China
1782486315-23,https://sertifikasi.postel.go.id/sertifikat/sertifikat-terbit,45107/SDPPI/2016,17 Feb 2016,3850,"NEXCOM INDONESIA, PT.",Portable Radio,Motorola,XiR P8668i (403-438Mhz),,Malaysia
1782486315-24,https://sertifikasi.postel.go.id/sertifikat/sertifikat-terbit,45106/SDPPI/2016,17 Feb 2016,3850,"NEXCOM INDONESIA, PT.",Portable Radio,Motorola,XiR P8608i (403-438Mhz),,Malaysia
1782486315-25,https://sertifikasi.postel.go.id/sertifikat/sertifikat-terbit,44788/SDPPI/2016,26 Jan 2016,2484,"MEGAYASA TEKNOLOGI INDONESIA, PT.",Portable Radio,Motorola,"XiR P8668, 350-400 Mhz",,Malaysia
1782486315-26,https://sertifikasi.postel.go.id/sertifikat/sertifikat-terbit,44596/SDPPI/2016,19 Jan 2016,1758,"MOTOROLA  SOLUTIONS INDONESIA, PT.",Portable Radio,Motorola,XTS 2500 Model III (800 Mhz),,Malaysia
1782486315-27,https://sertifikasi.postel.go.id/sertifikat/sertifikat-terbit,44594/SDPPI/2016,19 Jan 2016,1758,"MOTOROLA  SOLUTIONS INDONESIA, PT.",Portable Radio,Motorola,APX 3000 (800Mhz),,United States
1782486315-28,https://sertifikasi.postel.go.id/sertifikat/sertifikat-terbit,44598/SDPPI/2016,19 Jan 2016,1758,"MOTOROLA  SOLUTIONS INDONESIA, PT.",Portable Radio,Motorola,XiR P8600i (403-438 Mhz),,Malaysia
1782486315-29,https://sertifikasi.postel.go.id/sertifikat/sertifikat-terbit,44589/SDPPI/2016,19 Jan 2016,1758,"MOTOROLA  SOLUTIONS INDONESIA, PT.",Portable Radio,Motorola,CP1660 (136-174 Mhz),,China
1782486315-30,https://sertifikasi.postel.go.id/sertifikat/sertifikat-terbit,44595/SDPPI/2016,19 Jan 2016,1758,"MOTOROLA  SOLUTIONS INDONESIA, PT.",Portable Radio,Vertex Standard,VX-231-D0-5 (136-174 MHz),,China
1782486315-31,https://sertifikasi.postel.go.id/sertifikat/sertifikat-terbit,43702/SDPPI/2015,23 Des 2015,1758,"MOTOROLA  SOLUTIONS INDONESIA, PT.",Portable Radio,Motorola,XiR P8660i (403-438Mhz),,Malaysia
1782486315-32,https://sertifikasi.postel.go.id/sertifikat/sertifikat-terbit,27482/I/SDPPI/2015,14 Des 2015,1758,"MOTOROLA  SOLUTIONS INDONESIA, PT.",Portable Radio,Motorola,MTP3100 (350-430 MHz),,Malaysia
1782486315-33,https://sertifikasi.postel.go.id/sertifikat/sertifikat-terbit,27566/I/SDPPI/2015,14 Des 2015,1758,"MOTOROLA  SOLUTIONS INDONESIA, PT.",Portable Radio,Motorola,MTP3250 (350-430 MHz),,Malaysia
1782486315-34,https://sertifikasi.postel.go.id/sertifikat/sertifikat-terbit,43349/SDPPI/2015,11 Des 2015,2484,"MEGAYASA TEKNOLOGI INDONESIA, PT.",Hand Portable Radio,SAILOR,SP3540 Atex,,Denmark
1782486315-35,https://sertifikasi.postel.go.id/sertifikat/sertifikat-terbit,43063/SDPPI/2015,27 Nov 2015,1758,"MOTOROLA  SOLUTIONS INDONESIA, PT.",Portable Radio,Motorola,XiR P8608i (403-438Mhz),,Malaysia
1782486315-36,https://sertifikasi.postel.go.id/sertifikat/sertifikat-terbit,42742/SDPPI/2015,06 Nov 2015,1758,"MOTOROLA  SOLUTIONS INDONESIA, PT.",Portable Radio,Motorola,XiR P8668i (403-438Mhz),,Malaysia
1782486315-37,https://sertifikasi.postel.go.id/sertifikat/sertifikat-terbit,26242/I/SDPPI/2015,01 Okt 2015,1758,"MOTOROLA  SOLUTIONS INDONESIA, PT.",Portable Radio,Motorola,XiR P8268 (800 MHz),,Malaysia
1782486315-38,https://sertifikasi.postel.go.id/sertifikat/sertifikat-terbit,26241/I/SDPPI/2015,21 Sep 2015,1758,"MOTOROLA  SOLUTIONS INDONESIA, PT.",Portable Radio,Motorola,APX 2000 800 Mhz,,Malaysia
1782486315-39,https://sertifikasi.postel.go.id/sertifikat/sertifikat-terbit,26351/I/SDPPI/2015,21 Sep 2015,1758,"MOTOROLA  SOLUTIONS INDONESIA, PT.",Portable Radio,Motorola,APX 6000 800 Mhz,,Mexico
1782486315-40,https://sertifikasi.postel.go.id/sertifikat/sertifikat-terbit,42095/SDPPI/2015,21 Sep 2015,2410,"ALSSA CORPORINDO, PT.",TRUNKED PORTABLE RADIO,ENTEL,HX496T Freq. 800-870 MHz,,United Kingdom
1782486315-41,https://sertifikasi.postel.go.id/sertifikat/sertifikat-terbit,26240/I/SDPPI/2015,14 Sep 2015,1758,"MOTOROLA  SOLUTIONS INDONESIA, PT.",Portable Radio,Motorola,XiR P6600 403-438 MHz,,Malaysia
1782486315-42,https://sertifikasi.postel.go.id/sertifikat/sertifikat-terbit,26243/I/SDPPI/2015,14 Sep 2015,1758,"MOTOROLA  SOLUTIONS INDONESIA, PT.",Portable Radio,Motorola,XiR P6600 136-174 MHz,,Malaysia
1782486315-43,https://sertifikasi.postel.go.id/sertifikat/sertifikat-terbit,26166/I/SDPPI/2015,01 Sep 2015,1758,"MOTOROLA  SOLUTIONS INDONESIA, PT.",Portable Radio,Motorola,XiR P6620 136-174 MHz,,Malaysia
1782486315-44,https://sertifikasi.postel.go.id/sertifikat/sertifikat-terbit,26165/I/SDPPI/2015,01 Sep 2015,1758,"MOTOROLA  SOLUTIONS INDONESIA, PT.",Portable Radio,Motorola,XiR P6620 403-438 MHz,,Malaysia
1782486315-45,https://sertifikasi.postel.go.id/sertifikat/sertifikat-terbit,26167/I/SDPPI/2015,01 Sep 2015,1758,"MOTOROLA  SOLUTIONS INDONESIA, PT.",Portable Radio,Motorola,SL1K Freq. 403-438 MHz,,Malaysia
1782486315-46,https://sertifikasi.postel.go.id/sertifikat/sertifikat-terbit,25464/I/SDPPI/2015,15 Jul 2015,3850,"NEXCOM INDONESIA, PT.",Trunked Portable Radio,TAIT,Tait Orca 5000IS/5040 Freq. 806-870 MHz,,New Zealand
1782486315-47,https://sertifikasi.postel.go.id/sertifikat/sertifikat-terbit,40503/SDPPI/2015,05 Jun 2015,2027,"SIMOCO INDONESIA, PT.",Digital Portable Radio,SIMOCO,Simoco Xd / SDP660,,United Kingdom
1782486315-48,https://sertifikasi.postel.go.id/sertifikat/sertifikat-terbit,25128/I/SDPPI/2015,01 Jun 2015,1758,"MOTOROLA  SOLUTIONS INDONESIA, PT.",Portable Radio,Motorola,XiR P8660 136-174 MHz,,Malaysia
1782486315-49,https://sertifikasi.postel.go.id/sertifikat/sertifikat-terbit,25125/I/SDPPI/2015,01 Jun 2015,1758,"MOTOROLA  SOLUTIONS INDONESIA, PT.",Portable Radio,Motorola,XiR P8608 136-174 MHz,,Malaysia
1782486315-50,https://sertifikasi.postel.go.id/sertifikat/sertifikat-terbit,25126/I/SDPPI/2015,01 Jun 2015,1758,"MOTOROLA  SOLUTIONS INDONESIA, PT.",Portable Radio,Motorola,XiR P8600 136-174 MHz,,Malaysia
1782486338-1,https://sertifikasi.postel.go.id/sertifikat/sertifikat-terbit,25125/I/SDPPI/2015,01 Jun 2015,1758,"MOTOROLA  SOLUTIONS INDONESIA, PT.",Portable Radio,Motorola,XiR P8608 136-174 MHz,,Malaysia
1782486338-2,https://sertifikasi.postel.go.id/sertifikat/sertifikat-terbit,25129/I/SDPPI/2015,01 Jun 2015,1758,"MOTOROLA  SOLUTIONS INDONESIA, PT.",Portable Radio,Motorola,XiR P8628 136-174 MHz,,Malaysia
1782486338-3,https://sertifikasi.postel.go.id/sertifikat/sertifikat-terbit,25128/I/SDPPI/2015,01 Jun 2015,1758,"MOTOROLA  SOLUTIONS INDONESIA, PT.",Portable Radio,Motorola,XiR P8660 136-174 MHz,,Malaysia
1782486338-4,https://sertifikasi.postel.go.id/sertifikat/sertifikat-terbit,40035/SDPPI/2015,05 Mei 2015,1774,"MOBILKOM TELEKOMINDO, PT.",portable radio trunking,Motorola,MCX 760,,Malaysia
1782486338-5,https://sertifikasi.postel.go.id/sertifikat/sertifikat-terbit,38831/SDPPI/2015,17 Feb 2015,1774,"MOBILKOM TELEKOMINDO, PT.",Portable Radio,Hytera,PD508 VHF,,China
1782486338-6,https://sertifikasi.postel.go.id/sertifikat/sertifikat-terbit,37643/SDPPI/2014,08 Des 2014,1758,"MOTOROLA  SOLUTIONS INDONESIA, PT.",Portable Radio,Motorola,"SL1M, 403-438 Mhz",,Malaysia
1782486338-7,https://sertifikasi.postel.go.id/sertifikat/sertifikat-terbit,02849/III/SDPPI/2014,08 Sep 2014,1758,"MOTOROLA  SOLUTIONS INDONESIA, PT.",Portable Radio,Motorola,"GP328, UHF 330-400 MHz",,Malaysia
1782486338-8,https://sertifikasi.postel.go.id/sertifikat/sertifikat-terbit,02847/III/SDPPI/2014,08 Sep 2014,1758,"MOTOROLA  SOLUTIONS INDONESIA, PT.",Portable Radio,Motorola,"GP338, UHF 330-400 MHz",,Malaysia
1782486338-9,https://sertifikasi.postel.go.id/sertifikat/sertifikat-terbit,35428/SDPPI/2014,08 Jul 2014,1758,"MOTOROLA  SOLUTIONS INDONESIA, PT.",Portable Radio,Motorola,"XiR P8660, 403-438 Mhz",,Malaysia
1782486338-10,https://sertifikasi.postel.go.id/sertifikat/sertifikat-terbit,20476/I/SDPPI/2014,07 Jul 2014,1758,"MOTOROLA  SOLUTIONS INDONESIA, PT.",PORTABLE RADIO,Motorola,MTP 850 EX 800MHz,,Malaysia
1782486338-11,https://sertifikasi.postel.go.id/sertifikat/sertifikat-terbit,32861/SDPPI/2014,02 Jan 2014,1758,"MOTOROLA  SOLUTIONS INDONESIA, PT.",Portable Radio,Motorola,"XiR E8608, 350-400 Mhz",,Malaysia
1782486338-12,https://sertifikasi.postel.go.id/sertifikat/sertifikat-terbit,32819/SDPPI/2013,30 Des 2013,1758,"MOTOROLA  SOLUTIONS INDONESIA, PT.",Portable Radio,Motorola,"XiR P8600, 350-400 Mhz",,Malaysia
1782486338-13,https://sertifikasi.postel.go.id/sertifikat/sertifikat-terbit,32820/SDPPI/2013,30 Des 2013,1758,"MOTOROLA  SOLUTIONS INDONESIA, PT.",Portable Radio,Motorola,"XiR P8660, 350-400 Mhz",,Malaysia
1782486338-14,https://sertifikasi.postel.go.id/sertifikat/sertifikat-terbit,32818/SDPPI/2013,30 Des 2013,1758,"MOTOROLA  SOLUTIONS INDONESIA, PT.",Portable Radio,Motorola,"XiR P8608, 350-400 Mhz",,Malaysia
1782486338-15,https://sertifikasi.postel.go.id/sertifikat/sertifikat-terbit,32188/SDPPI/2013,02 Des 2013,1758,"MOTOROLA  SOLUTIONS INDONESIA, PT.",Portable Radio,Motorola,"XiR E8600, 350-400 Mhz",,Malaysia
1782486338-16,https://sertifikasi.postel.go.id/sertifikat/sertifikat-terbit,32035/SDPPI/2013,25 Nov 2013,1758,"MOTOROLA  SOLUTIONS INDONESIA, PT.",Portable Radio,Motorola,"ATS2500, 330-400 Mhz",,Malaysia
1782486338-17,https://sertifikasi.postel.go.id/sertifikat/sertifikat-terbit,31902/SDPPI/2013,18 Nov 2013,1758,"MOTOROLA  SOLUTIONS INDONESIA, PT.",Portable Radio,Motorola,"XiR P6600, 350-400 Mhz",,Malaysia
1782486338-18,https://sertifikasi.postel.go.id/sertifikat/sertifikat-terbit,31814/SDPPI/2013,12 Nov 2013,3850,"NEXCOM INDONESIA, PT.",Trunked Portable Radio,ICOM,IC - F4230DT,,Japan
1782486338-19,https://sertifikasi.postel.go.id/sertifikat/sertifikat-terbit,04983/II/SDPPI/2013,12 Agu 2013,1758,"MOTOROLA  SOLUTIONS INDONESIA, PT.",Portable Radio,Motorola,ATS 2500 VHF 136-174 MHz,,Malaysia
1782486338-20,https://sertifikasi.postel.go.id/sertifikat/sertifikat-terbit,10044/I/SDPPI/2013,14 Mei 2013,1889,"CITRADATA PURNAKHARISMA, PT.",Portable Radio UHF,Motorola,GP 328 Freq. 330-400 MHz,,Malaysia
1782486338-21,https://sertifikasi.postel.go.id/sertifikat/sertifikat-terbit,10058/I/SDPPI/2013,14 Mei 2013,1889,"CITRADATA PURNAKHARISMA, PT.",Portable Radio UHF,Motorola,GP 338 Freq. 330-400 MHz,,Malaysia
1782486338-22,https://sertifikasi.postel.go.id/sertifikat/sertifikat-terbit,04776/II/SDPPI/2013,23 Apr 2013,1758,"MOTOROLA  SOLUTIONS INDONESIA, PT.",Portable Radio,Motorola,"Tetra MTP 850, Freq. 380-430 MHz",,Malaysia
1782486338-23,https://sertifikasi.postel.go.id/sertifikat/sertifikat-terbit,27148/SDPPI/2012,05 Des 2012,4050,Minetec Pty Ltd,Digital Portable Radio,Hytera,PD702 VHF,,China
1782486338-24,https://sertifikasi.postel.go.id/sertifikat/sertifikat-terbit,27045/SDPPI/2012,29 Nov 2012,4190,MEINDO ELANG INDAH PT,Hand Portable Radio,SAILOR,SP3540 Atex,,Denmark
1782486338-25,https://sertifikasi.postel.go.id/sertifikat/sertifikat-terbit,27039/SDPPI/2012,29 Nov 2012,4190,MEINDO ELANG INDAH PT,Portable Radio,Motorola,"GP328, UHF 330 - 400 MHz",,Malaysia
1782486338-26,https://sertifikasi.postel.go.id/sertifikat/sertifikat-terbit,26778/SDPPI/2012,07 Nov 2012,1758,"MOTOROLA  SOLUTIONS INDONESIA, PT.",Portable Radio,Motorola,"XiR P8600, 403-438 Mhz",,Malaysia
1782486338-27,https://sertifikasi.postel.go.id/sertifikat/sertifikat-terbit,26648/SDPPI/2012,31 Okt 2012,1758,"MOTOROLA  SOLUTIONS INDONESIA, PT.",Portable Radio,Motorola,XiR P8608 403-438 MHz,,Malaysia
1782486338-28,https://sertifikasi.postel.go.id/sertifikat/sertifikat-terbit,12929/I/SDPPI/2012,16 Okt 2012,1758,"MOTOROLA  SOLUTIONS INDONESIA, PT.",Portable Radio,Motorola,CP 1660 136-174 MHz,,China
1782486338-29,https://sertifikasi.postel.go.id/sertifikat/sertifikat-terbit,25136/SDPPI/2012,10 Jul 2012,2484,"MEGAYASA TEKNOLOGI INDONESIA, PT.",Hand Portable Radio,SAILOR,SP3540 Atex,,Denmark
1782486338-30,https://sertifikasi.postel.go.id/sertifikat/sertifikat-terbit,24239/SDPPI/2012,16 Mei 2012,1798,"CAKRAWALA MULTI KOMUNIKASI PUSAT JAKARTA, PT.",VHF Portable Radios,Vertex Standard,VX-351-D0-5 ( VHF : 134-174 MHz ),,China
1782486338-31,https://sertifikasi.postel.go.id/sertifikat/sertifikat-terbit,24206/SDPPI/2012,15 Mei 2012,1798,"CAKRAWALA MULTI KOMUNIKASI PUSAT JAKARTA, PT.",UHF Portable Radios,Vertex Standard,VX-351-G6-5 ( UHF : 400-438 MHz ),,China
1782486338-32,https://sertifikasi.postel.go.id/sertifikat/sertifikat-terbit,23984/SDPPI/2012,30 Apr 2012,2484,"MEGAYASA TEKNOLOGI INDONESIA, PT.",Portable Radio,Motorola,"GP328, UHF 330-400 MHz",,Malaysia
1782486338-33,https://sertifikasi.postel.go.id/sertifikat/sertifikat-terbit,03158/II/SDPPI/2012,02 Apr 2012,1758,"MOTOROLA  SOLUTIONS INDONESIA, PT.",Portable Radio,Motorola,GP 328 Plus 330 - 400 MHz,,Malaysia
1782486338-34,https://sertifikasi.postel.go.id/sertifikat/sertifikat-terbit,22618/SDPPI/2012,09 Jan 2012,1758,"MOTOROLA  SOLUTIONS INDONESIA, PT.",Portable Radio,Motorola,"PRO 5350, 800 MHz",,Malaysia
1782486338-35,https://sertifikasi.postel.go.id/sertifikat/sertifikat-terbit,11883/POSTEL/2009,07 Jul 2009,1889,"CITRADATA PURNAKHARISMA, PT.",Portable Radio,Motorola,"GP 3188, Freq. 136-162 MHz",,Malaysia
1782486338-36,https://sertifikasi.postel.go.id/sertifikat/sertifikat-terbit,09641/POSTEL/2009,08 Jan 2009,1758,"MOTOROLA INDONESIA, PT.",Portable Radio,Motorola,"MTH800 TETRA , Freq. 380-430 MHz",,Malaysia
1782486338-37,https://sertifikasi.postel.go.id/sertifikat/sertifikat-terbit,09628/POSTEL/2008,31 Des 2008,1758,"MOTOROLA INDONESIA, PT.",Portable Radio,Motorola,"MTP850, Freq. 806-870 MHz",,Malaysia
1782486338-38,https://sertifikasi.postel.go.id/sertifikat/sertifikat-terbit,08800/POSTEL/2008,25 Nov 2008,2735,"WELL RACOM NUSANTARA, CV.",Portable Radio,KIRISUN,PT7200-01 (Freq. 136-174 Mhz),,China
1782486338-39,https://sertifikasi.postel.go.id/sertifikat/sertifikat-terbit,08801/POSTEL/2008,25 Nov 2008,2735,"WELL RACOM NUSANTARA, CV.",Portable Radio,KIRISUN,PT3800 (1) (Freq. 136-174 Mhz),,China
1782486338-40,https://sertifikasi.postel.go.id/sertifikat/sertifikat-terbit,08803/POSTEL/2008,25 Nov 2008,2735,"WELL RACOM NUSANTARA, CV.",Portable Radio,KIRISUN,PT6500-01 (Freq. 136-174 Mhz),,China
1782486338-41,https://sertifikasi.postel.go.id/sertifikat/sertifikat-terbit,08802/POSTEL/2008,25 Nov 2008,2735,"WELL RACOM NUSANTARA, CV.",Portable Radio,KIRISUN,PT4200-04 (Freq. 146-174 Mhz),,China
1782486466-1,https://sertifikasi.postel.go.id/sertifikat/sertifikat-terbit,121207/DJID/2026,25 Apr 2026,4773,PT  HARRISMA INFORMATIKA JAYA,Repeater,Motorola,SLR 8000,SLR 8000,Mexico
1782486466-2,https://sertifikasi.postel.go.id/sertifikat/sertifikat-terbit,117304/DJID/2026,07 Jan 2026,10325,PT  CIKAL SOLUSI INTERMEDIA,HYBE REPEATER,HYBE,HR,HYBE REPEATER,"Korea, Republic Of"
1782486466-3,https://sertifikasi.postel.go.id/sertifikat/sertifikat-terbit,117165/DJID/2026,05 Jan 2026,1739,PT  WAHGO INTERNATIONAL,UHF REPEATER,KENWOOD,NXR-1800,UHF REPEATER KENWOOD NXR-1800,Japan
1782486466-4,https://sertifikasi.postel.go.id/sertifikat/sertifikat-terbit,116546/DJID/2025,09 Des 2025,4083,PT  EKA LANCAR INTERNUSA,UHF Repeater,ICOM,IC-FR6300,ICOM,Japan
1782486466-5,https://sertifikasi.postel.go.id/sertifikat/sertifikat-terbit,115760/DJID/2025,10 Nov 2025,4955,PT  PICOTEL NUSANTARA,REPEATER,CERNTEL,T3790,CERNTEL T3790,China
1782486466-6,https://sertifikasi.postel.go.id/sertifikat/sertifikat-terbit,114063/DJID/2025,09 Sep 2025,16986,PT  WELLRACOM INDUSTRI KOMPUTINDO,Repeater Trunking System,Hytera,DS-6210,HYTERA,China
1782486466-7,https://sertifikasi.postel.go.id/sertifikat/sertifikat-terbit,114018/DJID/2025,08 Sep 2025,7250,CV  MARVIN AGUNG,Repeater Trunking System,Hytera,DS-6210,Hytera,China
1782486466-8,https://sertifikasi.postel.go.id/sertifikat/sertifikat-terbit,113690/DJID/2025,28 Agu 2025,4955,PT  PICOTEL NUSANTARA,REPEATER,CERNTEL,T1220,CERNTEL T1220,China
1782486466-9,https://sertifikasi.postel.go.id/sertifikat/sertifikat-terbit,113351/DJID/2025,14 Agu 2025,9266,PT  WARNINDO DIGITAL INDONESIA,BS Repeater,Teltronic,BSR -P 380-400 MHz,Teltronic,Spain
1782486466-10,https://sertifikasi.postel.go.id/sertifikat/sertifikat-terbit,113225/DJID/2025,11 Agu 2025,4629,PT  BENTALA SAKTI GLOBALINDO,REPEATER BAND SELECTIVE 1800MHZ/ 2100MHZ,GLOBAL WAVE,GW-1821-20W,GLOBAL WAVE GW-1821-20W,China
1782486466-11,https://sertifikasi.postel.go.id/sertifikat/sertifikat-terbit,112445/DJID/2025,16 Jul 2025,2276,PT  GAJAH MANDALA JAYA,Repeater Two Way Radio,Tait,TB9460,Repeater Two Way Radio,New Zealand
1782486466-12,https://sertifikasi.postel.go.id/sertifikat/sertifikat-terbit,112291/DJID/2025,11 Jul 2025,1774,PT  MOBILKOM TELEKOMINDO,Repeater,Hytera,HR1068 U1,Hytera,China
1782486466-13,https://sertifikasi.postel.go.id/sertifikat/sertifikat-terbit,112011/DJID/2025,04 Jul 2025,2276,PT  GAJAH MANDALA JAYA,Repeater Two Way Radio,Tait,TB9460,Repeater Two Way Radio,New Zealand
1782486466-14,https://sertifikasi.postel.go.id/sertifikat/sertifikat-terbit,111848/DJID/2025,01 Jul 2025,9266,PT  WARNINDO DIGITAL INDONESIA,Repeater Dual Band,Signalwing,J5D-GD-43,Signalwing J5D-GD-43,China
1782486466-15,https://sertifikasi.postel.go.id/sertifikat/sertifikat-terbit,111477/DJID/2025,19 Jun 2025,7325,PT  HYTERA COMMUNICATIONS INDONESIA,Repeater,Hytera,HR1068,Hytera HR1068,China
1782486466-16,https://sertifikasi.postel.go.id/sertifikat/sertifikat-terbit,110838/DJID/2025,02 Jun 2025,2276,PT  GAJAH MANDALA JAYA,Repeater Two Way Radio,Tait,TB9460,Repeater Two Way Radio,New Zealand
1782486466-17,https://sertifikasi.postel.go.id/sertifikat/sertifikat-terbit,110816/DJID/2025,30 Mei 2025,9266,PT  WARNINDO DIGITAL INDONESIA,Repeater Tripleband,Signalwing,J5D-GDW-43,Signalwing J5D-GDW-43,China
1782486466-18,https://sertifikasi.postel.go.id/sertifikat/sertifikat-terbit,110809/DJID/2025,30 Mei 2025,1885,PT  FREEPORT INDONESIA,Wireless Repeater Node,Mine Site Technologies,W-WRN-000-i-BLE,MST AXON mesh+,China
1782486466-19,https://sertifikasi.postel.go.id/sertifikat/sertifikat-terbit,110536/DJID/2025,23 Mei 2025,4629,PT  BENTALA SAKTI GLOBALINDO,REPEATER BAND SELECTIVE 900MHZ/ 1800MHZ,GLOBAL WAVE,GW-918-20W,GLOBAL WAVE GW-918-20W,China
1782486466-20,https://sertifikasi.postel.go.id/sertifikat/sertifikat-terbit,109846/DJID/2025,05 Mei 2025,7091,PT  LAKONE KOMUNIKA JAYA ABADI,Repeater,Hytera,HR1068,Hytera HR1068,China
1782486466-21,https://sertifikasi.postel.go.id/sertifikat/sertifikat-terbit,109440/DJID/2025,19 Apr 2025,7126,PT  MITRATAMA BERKAT SEJAHTERA,Repeater,Hytera,HR1068 UHF 350 - 400 MHz,HR1068 UHF 350 - 400 MHz,China
1782486466-22,https://sertifikasi.postel.go.id/sertifikat/sertifikat-terbit,109069/DJID/2025,27 Mar 2025,5598,PT  BINTANG INTERNASIONAL,Wireless-N WiFi Repeater,BINTANG,WR48S4T,Wireless-N WiFi Repeater WR48S4T,China
1782486466-23,https://sertifikasi.postel.go.id/sertifikat/sertifikat-terbit,108876/DJID/2025,24 Mar 2025,2027,PT  SIMOCO INDONESIA,DMR Base Station Repeater,Simoco,SDB680 TU,SDB680 TU,Taiwan
1782486466-24,https://sertifikasi.postel.go.id/sertifikat/sertifikat-terbit,108498/DJID/2025,13 Mar 2025,11132,PT  LIMA BINTANG TEKNOLOGI,AC1200 Wireless Dual band WiFi Repeater,HSAIRPO,WE1200A,HSAIRPO,China
1782486466-25,https://sertifikasi.postel.go.id/sertifikat/sertifikat-terbit,108115/DJID/2025,03 Mar 2025,11132,PT  LIMA BINTANG TEKNOLOGI,300Mbps Wireless N WIFI Repeater,HSAIRPO,WE300N,HSAIRPO,China
1782486466-26,https://sertifikasi.postel.go.id/sertifikat/sertifikat-terbit,107007/SDPPI/2025,15 Jan 2025,4773,PT  HARRISMA INFORMATIKA JAYA,Repeater,Motorola,SLR 8000,Motorola,Mexico
1782486466-27,https://sertifikasi.postel.go.id/sertifikat/sertifikat-terbit,106697/SDPPI/2024,31 Des 2024,15509,PT  COMTELINDO,Dual Band Digital Band Selective Repeater,COMCELL,CC1821,COMCELL,China
1782486466-28,https://sertifikasi.postel.go.id/sertifikat/sertifikat-terbit,106696/SDPPI/2024,31 Des 2024,15509,PT  COMTELINDO,Dual Band Digital Band Selective Repeater,COMCELL,CC0918,COMCELL,China
1782486466-29,https://sertifikasi.postel.go.id/sertifikat/sertifikat-terbit,105963/SDPPI/2024,05 Des 2024,1758,PT  MOTOROLA SOLUTIONS INDONESIA,Repeater,Motorola,SLR8000,T8319A VHF 136 - 174 MHz,Mexico
1782486466-30,https://sertifikasi.postel.go.id/sertifikat/sertifikat-terbit,105913/SDPPI/2024,04 Des 2024,15762,PT  MITRA AKSES GLOBALINDO,Repeater,Belfone,TR-8500,Repeater Belfone TR-8500,China
1782486466-31,https://sertifikasi.postel.go.id/sertifikat/sertifikat-terbit,105859/SDPPI/2024,03 Des 2024,2410,PT  ALSSA CORPORINDO,REPEATER,TAIT,TB9300,REPEATER,New Zealand
1782486466-32,https://sertifikasi.postel.go.id/sertifikat/sertifikat-terbit,105103/SDPPI/2024,08 Nov 2024,15452,PT  TRITUNGGAL MULIA KOMUNIKASI,REPEATER,KENWOOD,NXR-1700-E,KENWOOD,Japan
1782486466-33,https://sertifikasi.postel.go.id/sertifikat/sertifikat-terbit,102628/SDPPI/2024,22 Agu 2024,1774,PT  MOBILKOM TELEKOMINDO,REPEATER,Hytera,RD988S U(1),Hytera,China
1782486466-34,https://sertifikasi.postel.go.id/sertifikat/sertifikat-terbit,102616/SDPPI/2024,22 Agu 2024,4629,PT  BENTALA SAKTI GLOBALINDO,REPEATER BAND SELECTIVE,GLOBAL WAVE,GW-91821-20,GLOBAL WAVE GW-91821-20,China
1782486466-35,https://sertifikasi.postel.go.id/sertifikat/sertifikat-terbit,102568/SDPPI/2024,21 Agu 2024,4083,PT  EKA LANCAR INTERNUSA,VHF Repeater,ICOM,IC-FR5300,ICOM,Japan
1782486466-36,https://sertifikasi.postel.go.id/sertifikat/sertifikat-terbit,102493/SDPPI/2024,19 Agu 2024,4083,PT  EKA LANCAR INTERNUSA,UHF Repeater,ICOM,IC-FR6300,ICOM,Japan
1782486466-37,https://sertifikasi.postel.go.id/sertifikat/sertifikat-terbit,102034/SDPPI/2024,07 Agu 2024,15452,PT  TRITUNGGAL MULIA KOMUNIKASI,REPEATER,Kenwood,NXR-1800-E2,Kenwood,Japan
1782486466-38,https://sertifikasi.postel.go.id/sertifikat/sertifikat-terbit,102032/SDPPI/2024,07 Agu 2024,15452,PT  TRITUNGGAL MULIA KOMUNIKASI,REPEATER,Radio Activity,KAIROS KA-450,Radio Activity,Italy
1782486466-39,https://sertifikasi.postel.go.id/sertifikat/sertifikat-terbit,101224/SDPPI/2024,18 Jul 2024,7325,PT  HYTERA COMMUNICATIONS INDONESIA,REPEATER,HYTERA,HR658,REPEATER HR658,China
1782486466-40,https://sertifikasi.postel.go.id/sertifikat/sertifikat-terbit,99879/SDPPI/2024,10 Jun 2024,7354,PT  CAKRA SAKTI PAMUNGKAS,Transportable Mesh Digital Manpack Repeater,Hytera,MD300,Hytera MD300,China
1782486466-41,https://sertifikasi.postel.go.id/sertifikat/sertifikat-terbit,99703/SDPPI/2024,04 Jun 2024,4503,PT  DASSAGA KOMUNIKASI,Repeater,CenRF,CenRF 900MHz MCPA inline Booster 43dBm,CenRF,China
1782486466-42,https://sertifikasi.postel.go.id/sertifikat/sertifikat-terbit,99246/SDPPI/2024,14 Mei 2024,1889,PT  CITRADATA PURNAKHARISMA,Repeater,Motorola,SLR 5300,Motorola SLR 5300 UHF 400-470MHz,Mexico
1782486466-43,https://sertifikasi.postel.go.id/sertifikat/sertifikat-terbit,99235/SDPPI/2024,13 Mei 2024,1758,PT  MOTOROLA SOLUTIONS INDONESIA,Repeater,Motorola,SLR 1000,AZR11JDGANQ1AN  VHF 136 - 174 MHz,Mexico
1782486466-44,https://sertifikasi.postel.go.id/sertifikat/sertifikat-terbit,99198/SDPPI/2024,08 Mei 2024,15393,PT  RAS DIGITAL MEDIA,Repeater,tait,TB9400-SG,tait,New Zealand
1782486466-45,https://sertifikasi.postel.go.id/sertifikat/sertifikat-terbit,99064/SDPPI/2024,03 Mei 2024,1889,PT  CITRADATA PURNAKHARISMA,Repeater,Motorola,SLR 5300,Motorola SLR 5300 UHF 350-400MHz,Mexico
1782486466-46,https://sertifikasi.postel.go.id/sertifikat/sertifikat-terbit,98948/SDPPI/2024,29 Apr 2024,1889,PT  CITRADATA PURNAKHARISMA,Repeater,Motorola,SLR 5300,Motorola SLR 5300 VHF (136 - 174 MHz),Mexico
1782486466-47,https://sertifikasi.postel.go.id/sertifikat/sertifikat-terbit,98329/SDPPI/2024,27 Mar 2024,1774,PT  MOBILKOM TELEKOMINDO,REPEATER,MOTOROLA,SLR5300,MOTOROLA,Mexico
1782486466-48,https://sertifikasi.postel.go.id/sertifikat/sertifikat-terbit,97063/SDPPI/2024,31 Jan 2024,4773,PT  HARRISMA INFORMATIKA JAYA,REPEATER,MOTOROLA,SLR 5300,MOTOROLA SLR 5300 403-438 MHz,Mexico
1782486466-49,https://sertifikasi.postel.go.id/sertifikat/sertifikat-terbit,97060/SDPPI/2024,31 Jan 2024,4773,PT  HARRISMA INFORMATIKA JAYA,REPEATER,MOTOROLA,SLR 5300,"MOTOROLA SLR 5300, 350-400 M",Mexico
1782486466-50,https://sertifikasi.postel.go.id/sertifikat/sertifikat-terbit,96884/SDPPI/2024,23 Jan 2024,1758,PT  MOTOROLA SOLUTIONS INDONESIA,Repeater,Motorola,SLR8000,T8319A UHF 400 - 470 MHz,Mexico
1782486485-1,https://sertifikasi.postel.go.id/sertifikat/sertifikat-terbit,96697/SDPPI/2024,15 Jan 2024,4773,PT  HARRISMA INFORMATIKA JAYA,REPEATER,MOTOROLA,SLR 5300,"MOTOROLA SLR 5300, 136-174M",Mexico
1782486485-2,https://sertifikasi.postel.go.id/sertifikat/sertifikat-terbit,94997/SDPPI/2023,07 Nov 2023,1758,PT  MOTOROLA SOLUTIONS INDONESIA,Repeater,Motorola,SLR 5300,AZR10JCGANQ1BN 136 - 174 MHz,Mexico
1782486485-3,https://sertifikasi.postel.go.id/sertifikat/sertifikat-terbit,94912/SDPPI/2023,06 Nov 2023,14713,PT  MATA GARUDA INDONESIA,GSM-R DIGITAL FIBER OPTIC REPEATER,TICOM,TDZ-R,GSM-R DIGITAL FIBER OPTIC REPEATER,China
1782486485-4,https://sertifikasi.postel.go.id/sertifikat/sertifikat-terbit,93006/SDPPI/2023,25 Agu 2023,2276,PT  GAJAH MANDALA JAYA,Repeater Two Way Radio,Tait,TB7300,Repeater Two Way Radio,New Zealand
1782486485-5,https://sertifikasi.postel.go.id/sertifikat/sertifikat-terbit,92871/SDPPI/2023,21 Agu 2023,2410,PT  ALSSA CORPORINDO,REPEATER,TAIT,TB9400,REPEATER,New Zealand
1782486485-6,https://sertifikasi.postel.go.id/sertifikat/sertifikat-terbit,92802/SDPPI/2023,16 Agu 2023,1758,PT  MOTOROLA SOLUTIONS INDONESIA,Repeater,Motorola,SLR 5300,AZR10QCGANQ1BN,Mexico
1782486485-7,https://sertifikasi.postel.go.id/sertifikat/sertifikat-terbit,92109/SDPPI/2023,21 Jul 2023,7126,PT  MITRATAMA BERKAT SEJAHTERA,Repeater,Hytera,RD628,Hytera,China
1782486485-8,https://sertifikasi.postel.go.id/sertifikat/sertifikat-terbit,91859/SDPPI/2023,12 Jul 2023,9266,PT  WARNINDO DIGITAL INDONESIA,900&1800&2100 DIGITAL MEDIUM REPEATER,Signalwing,J5D-GDW-20,Signalwing,China
1782486485-9,https://sertifikasi.postel.go.id/sertifikat/sertifikat-terbit,91602/SDPPI/2023,04 Jul 2023,1889,PT  CITRADATA PURNAKHARISMA,Repeater Two Way Radio,Motorola,SLR1000,Motorola,Mexico
1782486485-10,https://sertifikasi.postel.go.id/sertifikat/sertifikat-terbit,91241/SDPPI/2023,16 Jun 2023,4503,PT  DASSAGA KOMUNIKASI,Repeater,CenRF,DCS WCDMA Dualband MCPA Inline Booster,DCS WCDMA Dualband MCPA Inline Booster,China
1782486485-11,https://sertifikasi.postel.go.id/sertifikat/sertifikat-terbit,90891/SDPPI/2023,31 Mei 2023,3898,PT  COMBA TELECOM,1800 MHz Digital Band Selective Repeater,Comba,RX1839,Comba RX1839,China
1782486485-12,https://sertifikasi.postel.go.id/sertifikat/sertifikat-terbit,90760/SDPPI/2023,26 Mei 2023,3898,PT  COMBA TELECOM,900 MHz Digital Band Selective Repeater,Comba,RX9139,Comba RX9139,China
1782486485-13,https://sertifikasi.postel.go.id/sertifikat/sertifikat-terbit,90694/SDPPI/2023,24 Mei 2023,3898,PT  COMBA TELECOM,Dual Band Digital Band Selective Repeater,Comba,RX-7839,Comba RX-7839,China
1782486485-14,https://sertifikasi.postel.go.id/sertifikat/sertifikat-terbit,90510/SDPPI/2023,14 Mei 2023,3898,PT  COMBA TELECOM,2100 MHz Digital Band Selective Repeater,Comba,RX2139,Comba RX2139,China
1782486485-15,https://sertifikasi.postel.go.id/sertifikat/sertifikat-terbit,90139/SDPPI/2023,26 Apr 2023,4629,PT  BENTALA SAKTI GLOBALINDO,REPEATER BAND SELECTIVE 900MHZ/ 1800MHZ/ 2100MHZ,GLOBAL WAVE,GW-91821-20W,GLOBAL WAVE GW-91821-20W,China
1782486485-16,https://sertifikasi.postel.go.id/sertifikat/sertifikat-terbit,88689/SDPPI/2023,28 Feb 2023,4831,PT  MECOINDO,Relay (Repeater),Itron,Relay 5.0,Relay 5.0,United States
1782486485-17,https://sertifikasi.postel.go.id/sertifikat/sertifikat-terbit,87882/SDPPI/2023,27 Jan 2023,14309,PT. CERAPPROVAL INTERNASIONAL MANUFAKTUR,HYBE REPEATER,HYBE,HR,HYBE,"Korea, Republic Of"
1782486485-18,https://sertifikasi.postel.go.id/sertifikat/sertifikat-terbit,87786/SDPPI/2023,25 Jan 2023,13806,PT. DISTRIBUSI MEBEL NUSANTARA,TRÅDFRI signal repeater,IKEA,E1746,TRÅDFRI signal repeater,China
1782486485-19,https://sertifikasi.postel.go.id/sertifikat/sertifikat-terbit,87644/SDPPI/2023,19 Jan 2023,14561,PT. BOB TECHNO INDONESIA,Wifi Repeater,Infinilapan,h2120,Infinilapan h2120,China
1782486485-20,https://sertifikasi.postel.go.id/sertifikat/sertifikat-terbit,86459/SDPPI/2022,24 Nov 2022,14457,PT. RUIJIE NETWORKS INDONESIA,1200M Dual band Wireless Repeater,Ruijie,RG-EW1200R,Ruijie,China
1782486485-21,https://sertifikasi.postel.go.id/sertifikat/sertifikat-terbit,86455/SDPPI/2022,24 Nov 2022,4629,"BENTALA SAKTI  GLOBALINDO, PT.",REPEATER BAND SELECTIVE 900MHZ/ 1800MHZ,GLOBAL WAVE,GW-918-20W,GW-918-20W,China
1782486485-22,https://sertifikasi.postel.go.id/sertifikat/sertifikat-terbit,86151/SDPPI/2022,08 Nov 2022,4629,"BENTALA SAKTI  GLOBALINDO, PT.",REPEATER BAND SELECTIVE 1800MHZ/ 2100MHZ,GLOBAL WAVE,GW-1821-20W,GLOBAL WAVE GW-1821-20W,China
1782486485-23,https://sertifikasi.postel.go.id/sertifikat/sertifikat-terbit,85590/SDPPI/2022,13 Okt 2022,13055,JOHNSON CONTROLS INDONESIA,Wireless Field Bus Router/Coordinator/Repeater,Johnson Controls,ZFR18,"ZFR1831, TMR2400, ZFR18",United States
1782486485-24,https://sertifikasi.postel.go.id/sertifikat/sertifikat-terbit,85053/SDPPI/2022,23 Sep 2022,12517,PT. GINTUNG LINTAS BUANA,Repeater,Motorola,SLR8000,Motorola,Mexico
1782486485-25,https://sertifikasi.postel.go.id/sertifikat/sertifikat-terbit,84815/SDPPI/2022,14 Sep 2022,1889,"CITRADATA PURNAKHARISMA, PT.",Repeater / Two Way Radio,Motorola,SLR 8000 UHF 400-470MHz,Motorola,Mexico
1782486485-26,https://sertifikasi.postel.go.id/sertifikat/sertifikat-terbit,84810/SDPPI/2022,14 Sep 2022,2027,"SIMOCO INDONESIA, PT.",DMR Base Station Repeater,Simoco,SimocoXd/SDB680 136-174 MHz 50 Watt,Simoco EMEA,United Kingdom
1782486485-27,https://sertifikasi.postel.go.id/sertifikat/sertifikat-terbit,84556/SDPPI/2022,05 Sep 2022,1889,"CITRADATA PURNAKHARISMA, PT.",Repeater / Two Way Radio,Motorola,SLR 8000 VHF 136 - 174 MHz,Motorola,Mexico
1782486485-28,https://sertifikasi.postel.go.id/sertifikat/sertifikat-terbit,83823/SDPPI/2022,08 Agu 2022,7126,"Mitratama Berkat Sejahtera, PT.",DIGITAL REPEATER,HYTERA,HR1068,DIGITAL REPEATER,China
1782486485-29,https://sertifikasi.postel.go.id/sertifikat/sertifikat-terbit,64593/R/SDPPI/2022,05 Agu 2022,13806,PT. DISTRIBUSI MEBEL NUSANTARA,TRÅDFRI signal repeater,IKEA,E1746,TRÅDFRI signal repeater,China
1782486485-30,https://sertifikasi.postel.go.id/sertifikat/sertifikat-terbit,83305/SDPPI/2022,14 Jul 2022,9266,WARNINDO DIGITAL INDONESIA,Repeater Dual Band,Signalwing,J5D-GD-43,Signalwing,China
1782486485-31,https://sertifikasi.postel.go.id/sertifikat/sertifikat-terbit,83317/SDPPI/2022,14 Jul 2022,4955,"PICOTEL NUSANTARA, PT.",REPEATER,CERNTEL,T3790,CERNTEL T3790,China
1782486485-32,https://sertifikasi.postel.go.id/sertifikat/sertifikat-terbit,83283/SDPPI/2022,14 Jul 2022,9266,WARNINDO DIGITAL INDONESIA,Repeater Tripleband,Signalwing,J5D-GDW-43,Signalwing,China
1782486485-33,https://sertifikasi.postel.go.id/sertifikat/sertifikat-terbit,83006/SDPPI/2022,04 Jul 2022,2276,"GAJAH MANDALA JAYA, PT.",Repeater Two Way Radio,Tait,TB9460 ( 380-420 MHz ),Repeater Two Way Radio,New Zealand
1782486485-34,https://sertifikasi.postel.go.id/sertifikat/sertifikat-terbit,82102/SDPPI/2022,19 Mei 2022,1758,"MOTOROLA  SOLUTIONS INDONESIA, PT.",Repeater,Motorola,SLR 5300 (400-470 MHz),Motorola,Mexico
1782486485-35,https://sertifikasi.postel.go.id/sertifikat/sertifikat-terbit,82078/SDPPI/2022,19 Mei 2022,1758,"MOTOROLA  SOLUTIONS INDONESIA, PT.",Repeater,Motorola,SLR 5300 (136-174 MHz),Motorola,Mexico
1782486485-36,https://sertifikasi.postel.go.id/sertifikat/sertifikat-terbit,82029/SDPPI/2022,17 Mei 2022,2276,"GAJAH MANDALA JAYA, PT.",Repeater Two Way Radio,Tait,TB9460,Repeater Two Way Radio,New Zealand
1782486485-37,https://sertifikasi.postel.go.id/sertifikat/sertifikat-terbit,81784/SDPPI/2022,21 Apr 2022,1889,"CITRADATA PURNAKHARISMA, PT.",Repeater Two-Way Radio,Motorola,SLR 1000 (136-174 MHz),Motorola,Mexico
1782486485-38,https://sertifikasi.postel.go.id/sertifikat/sertifikat-terbit,81678/SDPPI/2022,18 Apr 2022,7325,PT.HYTERA COMMUNICATIONS INDONESIA,DIGITAL REPEATER,HYTERA,HR1068,DIGITAL REPEATER,China
1782486485-39,https://sertifikasi.postel.go.id/sertifikat/sertifikat-terbit,81311/SDPPI/2022,04 Apr 2022,4773,"HARRISMA INFORMATIKA JAYA, PT.",REPEATER,MOTOROLA,SLR 8000 (400-438 Mhz),MOTOROLA,Mexico
1782486485-40,https://sertifikasi.postel.go.id/sertifikat/sertifikat-terbit,81230/SDPPI/2022,30 Mar 2022,1998,"DHARMA DWITUNGGAL UTAMA, PT.",DMR Base Station Repeater,Excera,ER9000 U3,Excera ER9000 U3,China
1782486485-41,https://sertifikasi.postel.go.id/sertifikat/sertifikat-terbit,80912/SDPPI/2022,17 Mar 2022,4773,"HARRISMA INFORMATIKA JAYA, PT.",-REPEATER,MOTOROLA,"SLR 1000, 400 - 527 MHz","MOTOROLA SLR 1000, 400 - 527 MHz",Mexico
1782486485-42,https://sertifikasi.postel.go.id/sertifikat/sertifikat-terbit,80894/SDPPI/2022,17 Mar 2022,1758,"MOTOROLA  SOLUTIONS INDONESIA, PT.",Repeater,Motorola,DVR-LX,DVR-LX,Canada
1782486485-43,https://sertifikasi.postel.go.id/sertifikat/sertifikat-terbit,79676/SDPPI/2022,10 Jan 2022,4503,"DASSAGA KOMUNIKASI, PT.",Repeater,CenRF,DCS WCDMA Dual Band Digital Repeater,CenRF,China
1782486485-44,https://sertifikasi.postel.go.id/sertifikat/sertifikat-terbit,79236/SDPPI/2021,14 Des 2021,4503,"DASSAGA KOMUNIKASI, PT.",Repeater,CenRF,DCS WCDMA Dual Band Digital Pico Repeater,CenRF,China
1782486485-45,https://sertifikasi.postel.go.id/sertifikat/sertifikat-terbit,77194/SDPPI/2021,31 Agu 2021,4629,"BENTALA SAKTI  GLOBALINDO, PT.",REPEATER BAND SELECTIVE,GLOBAL WAVE,GW-91821-20,GLOBAL WAVE GW-91821-20,China
1782486485-46,https://sertifikasi.postel.go.id/sertifikat/sertifikat-terbit,76731/SDPPI/2021,04 Agu 2021,1774,"MOBILKOM TELEKOMINDO, PT.",REPEATER,HYTERA,RD988S U(1),HYTERA,China
1782486485-47,https://sertifikasi.postel.go.id/sertifikat/sertifikat-terbit,76517/SDPPI/2021,27 Jul 2021,1889,"CITRADATA PURNAKHARISMA, PT.",Repeater,Motorola,SLR 5300 UHF 400-470 MHz,Motorola,Mexico
1782486485-48,https://sertifikasi.postel.go.id/sertifikat/sertifikat-terbit,76394/SDPPI/2021,21 Jul 2021,1889,"CITRADATA PURNAKHARISMA, PT.",Repeater,Motorola,SLR 5300 UHF 350-400 MHz,Motorola,Mexico
1782486485-49,https://sertifikasi.postel.go.id/sertifikat/sertifikat-terbit,76393/SDPPI/2021,21 Jul 2021,1889,"CITRADATA PURNAKHARISMA, PT.",Repeater,Motorola,SLR 5300 VHF 136-174 MHz,Motorola,Mexico
1782486485-50,https://sertifikasi.postel.go.id/sertifikat/sertifikat-terbit,76250/SDPPI/2021,12 Jul 2021,1146,"PERDANA SINAR PRESTASI, PT.",WIFI EXTENDER / REPEATER,DIGIGEAR,U711N300RE,DIGIGEAR U711N300RE,China
1782486506-1,https://sertifikasi.postel.go.id/sertifikat/sertifikat-terbit,76172/SDPPI/2021,05 Jul 2021,1889,"CITRADATA PURNAKHARISMA, PT.",Repeater,Motorola,MTR 2000,Motorola,United States
1782486506-2,https://sertifikasi.postel.go.id/sertifikat/sertifikat-terbit,76098/SDPPI/2021,30 Jun 2021,7126,"Mitratama Berkat Sejahtera, PT.",Repeater,Hytera,RD988S,Hytera,China
1782486506-3,https://sertifikasi.postel.go.id/sertifikat/sertifikat-terbit,76094/SDPPI/2021,29 Jun 2021,4955,"PICOTEL NUSANTARA, PT.",REPEATER,CERNTEL,T371821,CERNTEL T371821,China
1782486506-4,https://sertifikasi.postel.go.id/sertifikat/sertifikat-terbit,76079/SDPPI/2021,29 Jun 2021,4955,"PICOTEL NUSANTARA, PT.",REPEATER,CERNTEL,T1220,CERNTEL T1220,China
1782486506-5,https://sertifikasi.postel.go.id/sertifikat/sertifikat-terbit,76072/SDPPI/2021,29 Jun 2021,7126,"Mitratama Berkat Sejahtera, PT.",Repeater,Hytera,RD988S,Hytera,China
1782486506-6,https://sertifikasi.postel.go.id/sertifikat/sertifikat-terbit,75677/SDPPI/2021,10 Jun 2021,4503,"DASSAGA KOMUNIKASI, PT.",Repeater,CenRF,DCS WCDMA Dual Band Digital Pico Repeater,DCS WCDMA Dual Band Digital Pico Repeater,China
1782486506-7,https://sertifikasi.postel.go.id/sertifikat/sertifikat-terbit,75663/SDPPI/2021,10 Jun 2021,1998,"DHARMA DWITUNGGAL UTAMA, PT.",DMR Base Station Repeater,Excera,ER9000 U1,Excera ER9000 U1,China
1782486506-8,https://sertifikasi.postel.go.id/sertifikat/sertifikat-terbit,75386/SDPPI/2021,28 Mei 2021,4083,"EKA LANCAR INTERNUSA, PT.",UHF Repeater,ICOM,IC-F6123D,ICOM,Japan
1782486506-9,https://sertifikasi.postel.go.id/sertifikat/sertifikat-terbit,74850/SDPPI/2021,04 Mei 2021,4503,"DASSAGA KOMUNIKASI, PT.",Repeater,CenRF,DCS WCDMA Dual Band Digital Repeater,DCS WCDMA Dual Band Digital Repeater,China
1782486506-10,https://sertifikasi.postel.go.id/sertifikat/sertifikat-terbit,74119/SDPPI/2021,29 Mar 2021,1951,"JEBSEN & JESSEN TECHNOLOGY INDONESIA, PT.",myTurf Repeater,Toro,114-5144,114-5144,Hong Kong
1782486506-11,https://sertifikasi.postel.go.id/sertifikat/sertifikat-terbit,73268/SDPPI/2021,17 Feb 2021,1758,"MOTOROLA  SOLUTIONS INDONESIA, PT.",Repeater,Motorola,SLR 1000 AZR11SDGANQ1AN (400-440 MHz),Motorola,Mexico
1782486506-12,https://sertifikasi.postel.go.id/sertifikat/sertifikat-terbit,72966/SDPPI/2021,01 Feb 2021,2276,"GAJAH MANDALA JAYA, PT.",Repeater,Tait,TB8115,Repeater,New Zealand
1782486506-13,https://sertifikasi.postel.go.id/sertifikat/sertifikat-terbit,72719/SDPPI/2021,21 Jan 2021,3850,"NEXCOM INDONESIA, PT.",Repeater,Motorola,SLR 5300 (410 -430 Mhz),Motorola,Mexico
1782486506-14,https://sertifikasi.postel.go.id/sertifikat/sertifikat-terbit,72260/SDPPI/2020,23 Des 2020,4083,"EKA LANCAR INTERNUSA, PT.",UHF Repeater,ICOM,IC-FR6200H,ICOM,Japan
1782486506-15,https://sertifikasi.postel.go.id/sertifikat/sertifikat-terbit,72048/SDPPI/2020,15 Des 2020,2410,"ALSSA CORPORINDO, PT.",REPEATER,KIRISUN,DR600T,REPEATER,China
1782486506-16,https://sertifikasi.postel.go.id/sertifikat/sertifikat-terbit,72057/SDPPI/2020,15 Des 2020,2276,"GAJAH MANDALA JAYA, PT.",Repeater,Tait,TB9315,Repeater,New Zealand
1782486506-17,https://sertifikasi.postel.go.id/sertifikat/sertifikat-terbit,72038/SDPPI/2020,15 Des 2020,2276,"GAJAH MANDALA JAYA, PT.",Repeater,Tait,TB9315,Repeater,New Zealand
1782486506-18,https://sertifikasi.postel.go.id/sertifikat/sertifikat-terbit,71655/SDPPI/2020,25 Nov 2020,1885,"FREEPORT INDONESIA, PT.",Wireless Repeater Node+,MST,W-WRN-000-i-BLE,MST AXON WRN+,China
1782486506-19,https://sertifikasi.postel.go.id/sertifikat/sertifikat-terbit,71529/SDPPI/2020,19 Nov 2020,7126,"Mitratama Berkat Sejahtera, PT.",Repeater,Hytera,RD988 UHF (400-440 MHz),Hytera,China
1782486506-20,https://sertifikasi.postel.go.id/sertifikat/sertifikat-terbit,71329/SDPPI/2020,10 Nov 2020,4773,"HARRISMA INFORMATIKA JAYA, PT.",REPEATER,MOTOROLA,SLR 5300 403-438 MHz,MOTOROLA SLR 5300 403-438 MHz,Mexico
1782486506-21,https://sertifikasi.postel.go.id/sertifikat/sertifikat-terbit,71076/SDPPI/2020,26 Okt 2020,10338,"HARAPAN BARU DINAMIKA SOLUSINDO, PT.",Repeater,SUBSITE Electronics inc.,Recon Repeater,Recon Repeater,United States
1782486506-22,https://sertifikasi.postel.go.id/sertifikat/sertifikat-terbit,70646/SDPPI/2020,06 Okt 2020,5525,"MEGA ADVANS TEKNOLOGI, PT",VHF Digital Repeater,Icom,IC-FR5300,Icom FR5300,Japan
1782486506-23,https://sertifikasi.postel.go.id/sertifikat/sertifikat-terbit,70623/SDPPI/2020,05 Okt 2020,4773,"HARRISMA INFORMATIKA JAYA, PT.",REPEATER,MOTOROLA,"SLR 5300, 136 - 174 MHz","MEXICO SLR 5300, 136 - 174 MHz",Mexico
1782486506-24,https://sertifikasi.postel.go.id/sertifikat/sertifikat-terbit,70594/SDPPI/2020,02 Okt 2020,4773,"HARRISMA INFORMATIKA JAYA, PT.",REPEATER,MOTOROLA,"SLR 5300, 350 - 400 MHz","MOTOROLA SLR 5300, 350 - 400 MHz",Mexico
1782486506-25,https://sertifikasi.postel.go.id/sertifikat/sertifikat-terbit,70244/SDPPI/2020,15 Sep 2020,12336,COMMSEC SOLUTION PROVIDER,Dual band Digital Repeater,Covenant,J5D-DW-43,Repeater Dual Band,China
1782486506-26,https://sertifikasi.postel.go.id/sertifikat/sertifikat-terbit,70158/SDPPI/2020,10 Sep 2020,1889,"CITRADATA PURNAKHARISMA, PT.",Repeater Two Way Radio,Motorola,SLR 1000 (400- 440 MHz),Motorola,Mexico
1782486506-27,https://sertifikasi.postel.go.id/sertifikat/sertifikat-terbit,69766/SDPPI/2020,19 Agu 2020,8093,INDOPRATAMA BERGINA MANDIRI,SecureMesh™ Repeater,Trilliant,RPTR-4000,Trilliant,Canada
1782486506-28,https://sertifikasi.postel.go.id/sertifikat/sertifikat-terbit,69469/SDPPI/2020,29 Jul 2020,7906,Kirana Bangun Persada,REPEATER,HUAPTEC,DS43T-DW,REPEATER,China
1782486506-29,https://sertifikasi.postel.go.id/sertifikat/sertifikat-terbit,67510/SDPPI/2020,30 Mar 2020,3898,"COMBA TELECOM, PT.",900MHz Digital Band Selective Repeater,Comba,RX9139,CombaRX9139,China
1782486506-30,https://sertifikasi.postel.go.id/sertifikat/sertifikat-terbit,67467/SDPPI/2020,28 Mar 2020,3898,"COMBA TELECOM, PT.",Dual-band Digital Band Selective Repeater,Comba,RX-7839,Comba RX-7839,China
1782486506-31,https://sertifikasi.postel.go.id/sertifikat/sertifikat-terbit,67468/SDPPI/2020,28 Mar 2020,3898,"COMBA TELECOM, PT.",2100 MHz Digital Band Selective Repeater,Comba,RX2139,Comba RX2139,China
1782486506-32,https://sertifikasi.postel.go.id/sertifikat/sertifikat-terbit,67419/SDPPI/2020,26 Mar 2020,3898,"COMBA TELECOM, PT.",1800MHz Digital Band Selective Repeater,Comba,RX1839,Comba RX1839,China
1782486506-33,https://sertifikasi.postel.go.id/sertifikat/sertifikat-terbit,65922/SDPPI/2020,21 Jan 2020,5525,"MEGA ADVANS TEKNOLOGI, PT",VHF Digital Repeater,Icom,IC-FR5200H,Icom 5200H,Japan
1782486506-34,https://sertifikasi.postel.go.id/sertifikat/sertifikat-terbit,65334/SDPPI/2019,30 Des 2019,1758,"MOTOROLA  SOLUTIONS INDONESIA, PT.",Repeater,Motorola,SLR 5300 (350 - 400 MHz),Motorola,Mexico
1782486506-35,https://sertifikasi.postel.go.id/sertifikat/sertifikat-terbit,65131/SDPPI/2019,16 Des 2019,1758,"MOTOROLA  SOLUTIONS INDONESIA, PT.",Repeater,Motorola,SLR 8000 (800 Mhz),Motorola,Mexico
1782486506-36,https://sertifikasi.postel.go.id/sertifikat/sertifikat-terbit,65028/SDPPI/2019,10 Des 2019,1758,"MOTOROLA  SOLUTIONS INDONESIA, PT.",Repeater,Motorola,SLR 8000 VHF (136-174 Mhz),Motorola,Mexico
1782486506-37,https://sertifikasi.postel.go.id/sertifikat/sertifikat-terbit,64696/SDPPI/2019,22 Nov 2019,7975,Imeco Inter Sarana,Ranger Pro Wireless Condition Monitoring Repeater,BENTLY NEVADA,70M300,BENTLY NEVADA,South Africa
1782486506-38,https://sertifikasi.postel.go.id/sertifikat/sertifikat-terbit,64578/SDPPI/2019,19 Nov 2019,4955,"PICOTEL NUSANTARA, PT.",REPEATER,CERNTEL,T3790M,CERNTEL,China
1782486506-39,https://sertifikasi.postel.go.id/sertifikat/sertifikat-terbit,64093/SDPPI/2019,25 Okt 2019,1758,"MOTOROLA  SOLUTIONS INDONESIA, PT.",Repeater,Motorola,SLR 1000 (136 - 174 MHz),Motorola,Mexico
1782486506-40,https://sertifikasi.postel.go.id/sertifikat/sertifikat-terbit,63989/SDPPI/2019,18 Okt 2019,7674,CV.DCE Indonesia,Digital Repeater,KIRISUN,TR850,KIRISUN,China
1782486506-41,https://sertifikasi.postel.go.id/sertifikat/sertifikat-terbit,63675/SDPPI/2019,04 Okt 2019,2276,"GAJAH MANDALA JAYA, PT.",Repeater Two Way Radio,Tait,TB9315-B3H0,Repeater Two Way Radio,New Zealand
1782486506-42,https://sertifikasi.postel.go.id/sertifikat/sertifikat-terbit,63368/SDPPI/2019,19 Sep 2019,4955,"PICOTEL NUSANTARA, PT.",REPEATER,CERNTEL,T1017,CERNTEL,China
1782486506-43,https://sertifikasi.postel.go.id/sertifikat/sertifikat-terbit,63117/SDPPI/2019,10 Sep 2019,1997,"HUAWEI TECH INVESTMENT, PT.",Multi Mode Repeater,Huawei,hRRU5901,Huawei,China
1782486506-44,https://sertifikasi.postel.go.id/sertifikat/sertifikat-terbit,63022/SDPPI/2019,05 Sep 2019,5525,"MEGA ADVANS TEKNOLOGI, PT",VHF P25 Repeater,Icom,IC-FR9010,Icom IC-FR9010,Japan
1782486506-45,https://sertifikasi.postel.go.id/sertifikat/sertifikat-terbit,62991/SDPPI/2019,04 Sep 2019,1758,"MOTOROLA  SOLUTIONS INDONESIA, PT.",Repeater,Motorola,SLR 8000 (400 - 438 MHz),Motorola,Mexico
1782486506-46,https://sertifikasi.postel.go.id/sertifikat/sertifikat-terbit,62919/SDPPI/2019,30 Agu 2019,1889,"CITRADATA PURNAKHARISMA, PT.",REPEATER,MOTOROLA,SLR 8000,MOTOROLA,Malaysia
1782486506-47,https://sertifikasi.postel.go.id/sertifikat/sertifikat-terbit,62223/SDPPI/2019,26 Jul 2019,10040,RADITYA SETYA MANDIRI,BS Repeater,Teltronik,BSR-P 380-400 Mhz,BSR-P 380-400 Mhz Teltronik,Spain
1782486506-48,https://sertifikasi.postel.go.id/sertifikat/sertifikat-terbit,61786/SDPPI/2019,10 Jun 2019,4955,"PICOTEL NUSANTARA, PT.",REPEATER,CERNTEL,T3790,CERNTEL,China
1782486506-49,https://sertifikasi.postel.go.id/sertifikat/sertifikat-terbit,61714/SDPPI/2019,27 Mei 2019,4629,"BENTALA SAKTI  GLOBALINDO, PT.",DIGITAL REPEATER TRIPLE BAND GSM/DCS/WCDMA,GLOBAL WAVE,GW-TB-GDW-20W-(D),DIGITAL REPEATER TRIPLE BAND GSM/DCS/WCDMA,China
1782486506-50,https://sertifikasi.postel.go.id/sertifikat/sertifikat-terbit,61705/SDPPI/2019,27 Mei 2019,1774,"MOBILKOM TELEKOMINDO, PT.",Repeater,MOTOROLA,SLR 5300 ( 403-438 Mhz ),motorola.inc,Mexico
1782486520-1,https://sertifikasi.postel.go.id/sertifikat/sertifikat-terbit,61665/SDPPI/2019,21 Mei 2019,7906,Kirana Bangun Persada,Repeater,Huaptec,DS15T-DW,Repeater,China
1782486520-2,https://sertifikasi.postel.go.id/sertifikat/sertifikat-terbit,61664/SDPPI/2019,21 Mei 2019,7906,Kirana Bangun Persada,Repeater,Huaptec,DS26T-DW,Repeater,China
1782486520-3,https://sertifikasi.postel.go.id/sertifikat/sertifikat-terbit,61602/SDPPI/2019,15 Mei 2019,2410,"ALSSA CORPORINDO, PT.",BS REPEATER,TELTRONIC,BSR -P 380-400 MHz,TELTRONIC,Spain
1782486520-4,https://sertifikasi.postel.go.id/sertifikat/sertifikat-terbit,61455/SDPPI/2019,06 Mei 2019,4955,"PICOTEL NUSANTARA, PT.",REPEATER,CERNTEL,T3790s,CERNTEL,China
1782486520-5,https://sertifikasi.postel.go.id/sertifikat/sertifikat-terbit,61078/SDPPI/2019,01 Apr 2019,4772,BARINDO ANGGUN INDUSTRI PT.,Repeater 3G Untuk Meter Air,BARINDO,LD 210E,BARINDO,Indonesia
1782486520-6,https://sertifikasi.postel.go.id/sertifikat/sertifikat-terbit,60276/SDPPI/2019,15 Feb 2019,4773,"HARRISMA INFORMATIKA JAYA, PT.",REPEATER,MOTOROLA,SLR 8000 (400-438 Mhz),Motorola,Mexico
1782486520-7,https://sertifikasi.postel.go.id/sertifikat/sertifikat-terbit,60246/SDPPI/2019,14 Feb 2019,1758,"MOTOROLA  SOLUTIONS INDONESIA, PT.",Repeater,Motorola,MTR3000 (800 MHz),Motorola,Mexico
1782486520-8,https://sertifikasi.postel.go.id/sertifikat/sertifikat-terbit,59804/SDPPI/2019,17 Jan 2019,7860,"KARYA SOLUSI PRIMA SEJAHTERA, PT.",Digital Repeater,Hytera,RD988S U(1),Hytera,China
1782486520-9,https://sertifikasi.postel.go.id/sertifikat/sertifikat-terbit,59217/SDPPI/2018,14 Des 2018,3903,"PANASONIC GOBEL INDONESIA, PT.",DECT Repeater,Panasonic,VL-FKD2BX,Panasonic,Malaysia
1782486520-10,https://sertifikasi.postel.go.id/sertifikat/sertifikat-terbit,59141/SDPPI/2018,10 Des 2018,2027,"SIMOCO INDONESIA, PT.",DMR Base Station Repeater,Simoco EMEA,SDB680 TU,Simoco EMEA,Taiwan
1782486520-11,https://sertifikasi.postel.go.id/sertifikat/sertifikat-terbit,58837/SDPPI/2018,22 Nov 2018,1758,"MOTOROLA  SOLUTIONS INDONESIA, PT.",Repeater,Motorola,SLR5300 (403 - 438 MHz),Motorola,Mexico
1782486520-12,https://sertifikasi.postel.go.id/sertifikat/sertifikat-terbit,58735/SDPPI/2018,15 Nov 2018,1758,"MOTOROLA  SOLUTIONS INDONESIA, PT.",Repeater,Motorola,SLR 5300 (136 - 174 MHz),Motorola,Mexico
1782486520-13,https://sertifikasi.postel.go.id/sertifikat/sertifikat-terbit,58503/SDPPI/2018,30 Okt 2018,5525,"MEGA ADVANS TEKNOLOGI, PT",UHF Digital Repeaters,ICOM,IC-FR6200H,ICOM,Japan
1782486520-14,https://sertifikasi.postel.go.id/sertifikat/sertifikat-terbit,57558/SDPPI/2018,07 Agu 2018,2276,"GAJAH MANDALA JAYA, PT.",Repeater Two Way Radio,Tait,TB9315-H1H0 Freq : 400-440 MHz,,New Zealand
1782486520-15,https://sertifikasi.postel.go.id/sertifikat/sertifikat-terbit,56916/SDPPI/2018,22 Jun 2018,1998,"DHARMA DWITUNGGAL UTAMA, PT.",Digital Repeater,EXCERA,ER9000 U3,,China
1782486520-16,https://sertifikasi.postel.go.id/sertifikat/sertifikat-terbit,56727/SDPPI/2018,31 Mei 2018,5525,"MEGA ADVANS TEKNOLOGI, PT",Radio Repeaters,ICOM,IC-FR6000,,Japan
1782486520-17,https://sertifikasi.postel.go.id/sertifikat/sertifikat-terbit,56688/SDPPI/2018,30 Mei 2018,7126,"Mitratama Berkat Sejahtera, PT.",Repeater,Hytera,RD 988S UHF,,China
1782486520-18,https://sertifikasi.postel.go.id/sertifikat/sertifikat-terbit,56278/SDPPI/2018,27 Apr 2018,4955,"PICOTEL NUSANTARA, PT.",REPEATER,CERNTEL,T371821,,China
1782486520-19,https://sertifikasi.postel.go.id/sertifikat/sertifikat-terbit,56200/SDPPI/2018,25 Apr 2018,2804,"MITRA INFOSARANA, PT.",DIGITAL Wanet REPEATER,Hytera,E-PACK 100U(3) (350-400Mhz),,China
1782486520-20,https://sertifikasi.postel.go.id/sertifikat/sertifikat-terbit,40043/I/SDPPI/2018,13 Apr 2018,4999,PANDU BUANA PT,UHF Repeater,ICOM,IC-FR6200H,,Japan
1782486520-21,https://sertifikasi.postel.go.id/sertifikat/sertifikat-terbit,39707/I/SDPPI/2018,21 Mar 2018,4955,"PICOTEL NUSANTARA, PT.",Repeater,CERNTEL,T1220,,China
1782486520-22,https://sertifikasi.postel.go.id/sertifikat/sertifikat-terbit,55363/SDPPI/2018,09 Mar 2018,3672,"SINAR EKA SELARAS, PT.",MI Wifi Repeater 2,MI,R02,,China
1782486520-23,https://sertifikasi.postel.go.id/sertifikat/sertifikat-terbit,55220/SDPPI/2018,01 Mar 2018,7250,CV.MARVIN AGUNG,PORTABLE REPEATER,Hytera,RD 968 UHF (400-470Mhz),,China
1782486520-24,https://sertifikasi.postel.go.id/sertifikat/sertifikat-terbit,55189/SDPPI/2018,28 Feb 2018,7250,CV.MARVIN AGUNG,Repeater,Hytera,RD 988 VHF,,China
1782486520-25,https://sertifikasi.postel.go.id/sertifikat/sertifikat-terbit,38849/R/I/SDPPI/2018,19 Feb 2018,2581,"SINKO PRIMA ALLOY, PT.",REPEATER / PENGUAT SINYAL WCDMA,SYBER,SMA-889,,Indonesia
1782486520-26,https://sertifikasi.postel.go.id/sertifikat/sertifikat-terbit,54858/SDPPI/2018,06 Feb 2018,1758,"MOTOROLA  SOLUTIONS INDONESIA, PT.",Repeater Two Way Radio,Motorola,SLR 1000 (400-440 MHz.),,Mexico
1782486520-27,https://sertifikasi.postel.go.id/sertifikat/sertifikat-terbit,38373/I/SDPPI/2018,06 Feb 2018,1739,"WAHGO INTERNATIONAL, PT.",Digital & Analog Repeater,KENWOOD,NXR-918 (Freq. 806-870 MHz),,Singapore
1782486520-28,https://sertifikasi.postel.go.id/sertifikat/sertifikat-terbit,54739/SDPPI/2018,29 Jan 2018,1774,"MOBILKOM TELEKOMINDO, PT.",Repeater,MOTOROLA,"MTR3000, 800Mhz ( TX: 851-870 Mhz, RX: 806-825 Mhz )",,Mexico
1782486520-29,https://sertifikasi.postel.go.id/sertifikat/sertifikat-terbit,54671/SDPPI/2018,25 Jan 2018,4482,"SWARNA ADIJAYA, PT.",REPEATER HT,JPS,ACU-T,,United States
1782486520-30,https://sertifikasi.postel.go.id/sertifikat/sertifikat-terbit,54619/SDPPI/2018,24 Jan 2018,1249,ADITYA PERDANA ELEKTRINDO PT.,Multi band Digital Pico Repeater,Helios,DBIG18U21P20G70 /2G&3G,,China
1782486520-31,https://sertifikasi.postel.go.id/sertifikat/sertifikat-terbit,38744/I/SDPPI/2018,24 Jan 2018,1758,"MOTOROLA  SOLUTIONS INDONESIA, PT.",Repeater,Motorola,"XIR R8200, 136-174 MHz, 25-45 Watt",,Malaysia
1782486520-32,https://sertifikasi.postel.go.id/sertifikat/sertifikat-terbit,54618/SDPPI/2018,24 Jan 2018,1249,ADITYA PERDANA ELEKTRINDO PT.,Multi band Digital Pico Repeater,HELIOS,DBIL18U21P20G70 / 3G&4G,,China
1782486520-33,https://sertifikasi.postel.go.id/sertifikat/sertifikat-terbit,54267/SDPPI/2018,05 Jan 2018,7354,PT.CAKRA SAKTI PAMUNGKAS,REPEATER TRUNKING SYSTEM,HYTERA,DS-6210,,China
1782486520-34,https://sertifikasi.postel.go.id/sertifikat/sertifikat-terbit,54182/SDPPI/2017,29 Des 2017,1758,"MOTOROLA  SOLUTIONS INDONESIA, PT.",Repeater Two Way Radio,Motorola,XiR R8200 (403-440 Mhz),,Malaysia
1782486520-35,https://sertifikasi.postel.go.id/sertifikat/sertifikat-terbit,54115/SDPPI/2017,22 Des 2017,7250,CV.MARVIN AGUNG,Repeater,Hytera,RD 988 UHF  (400-440 Mhz.) <= 50 watt,,China
1782486520-36,https://sertifikasi.postel.go.id/sertifikat/sertifikat-terbit,38667/R/I/SDPPI/2017,08 Des 2017,7126,"Mitratama Berkat Sejahtera, PT.",Repeater,Hytera,RD 988 UHF 350-400 Mhz <= 50 Watt,,China
1782486520-37,https://sertifikasi.postel.go.id/sertifikat/sertifikat-terbit,53455/SDPPI/2017,21 Nov 2017,7126,"Mitratama Berkat Sejahtera, PT.",Portable Repeater,Hytera,RD 968 UHF (400-440 Mhz.) <= 10 Watt,,China
1782486520-38,https://sertifikasi.postel.go.id/sertifikat/sertifikat-terbit,53417/SDPPI/2017,20 Nov 2017,1951,"JEBSEN & JESSEN TECHNOLOGY INDONESIA, PT.",myTurf™ Repeater,Toro,Repeater (P/N 114-5144),,China
1782486520-39,https://sertifikasi.postel.go.id/sertifikat/sertifikat-terbit,53359/SDPPI/2017,17 Nov 2017,4773,"HARRISMA INFORMATIKA JAYA, PT.",Repeater,Motorola,"SLR 5300, 403-438 Mhz",,Mexico
1782486520-40,https://sertifikasi.postel.go.id/sertifikat/sertifikat-terbit,53287/SDPPI/2017,15 Nov 2017,4083,"EKA LANCAR INTERNUSA, PT.",VHF REPEATER (136-174 MHz),ICOM,IC-FR5200H,,Japan
1782486520-41,https://sertifikasi.postel.go.id/sertifikat/sertifikat-terbit,53288/SDPPI/2017,15 Nov 2017,4083,"EKA LANCAR INTERNUSA, PT.",UHF REPEATER (Freq. 350-400MHz),ICOM,IC-FR6200H,,Japan
1782486520-42,https://sertifikasi.postel.go.id/sertifikat/sertifikat-terbit,53168/SDPPI/2017,10 Nov 2017,7250,CV.MARVIN AGUNG,Repeater Trunking System,Hytera,"DS-6210 (406,1 - 435 MHz)",,China
1782486520-43,https://sertifikasi.postel.go.id/sertifikat/sertifikat-terbit,53145/SDPPI/2017,09 Nov 2017,1758,"MOTOROLA  SOLUTIONS INDONESIA, PT.",Repeater Two Way Radio,FUTURECOM,MOBEXCOM DVRS (800 Mhz),,Canada
1782486520-44,https://sertifikasi.postel.go.id/sertifikat/sertifikat-terbit,53111/SDPPI/2017,09 Nov 2017,2027,"SIMOCO INDONESIA, PT.",DMR Base Station Repeater,Simoco,SimocoXd/SDB680 ( 136-174 MHz ) 50 Watt,,United Kingdom
1782486520-45,https://sertifikasi.postel.go.id/sertifikat/sertifikat-terbit,53131/SDPPI/2017,09 Nov 2017,7235,PT ICAST ASIA NETWORKS,Base Station Repeater,Codan Radio,MRAY Deployable Repeater,,Australia
1782486520-46,https://sertifikasi.postel.go.id/sertifikat/sertifikat-terbit,52869/SDPPI/2017,02 Nov 2017,7126,"Mitratama Berkat Sejahtera, PT.",Repeater,Hytera,RD 988 UHF  (400-440 Mhz.) <= 50 watt,,China
1782486520-47,https://sertifikasi.postel.go.id/sertifikat/sertifikat-terbit,52868/SDPPI/2017,02 Nov 2017,7126,"Mitratama Berkat Sejahtera, PT.",Repeater,Hytera,RD 988 VHF  (136-174 Mhz.) <= 50 Watt,,China
1782486520-48,https://sertifikasi.postel.go.id/sertifikat/sertifikat-terbit,52884/SDPPI/2017,02 Nov 2017,3850,"NEXCOM INDONESIA, PT.",Repeater,Motorola,"SLR 5300, 403-438 Mhz",,Mexico
1782486520-49,https://sertifikasi.postel.go.id/sertifikat/sertifikat-terbit,52723/SDPPI/2017,27 Okt 2017,7126,"Mitratama Berkat Sejahtera, PT.",Repeater Two Way Radio,Hytera,"DS - 6210 (406,1 - 435 MHz.)",,China
1782486520-50,https://sertifikasi.postel.go.id/sertifikat/sertifikat-terbit,36790/I/SDPPI/2017,24 Okt 2017,1739,"WAHGO INTERNATIONAL, PT.",VHF Digital Repeater & FM Base Units,KENWOOD,NXR-710 (136-174 MHz),,Singapore
1782486545-1,https://sertifikasi.postel.go.id/sertifikat/sertifikat-terbit,52409/SDPPI/2017,16 Okt 2017,7265,The Toro Company,myTurf™ Repeater,Toro,Repeater (P/N 114-5144),,China
1782486545-2,https://sertifikasi.postel.go.id/sertifikat/sertifikat-terbit,36873/I/SDPPI/2017,13 Okt 2017,4503,"DASSAGA KOMUNIKASI, PT.",DCS Fiber Optical Repeater Remote Unit,CenRF,DCS Fiber Optical Repeater Remote Unit,,China
1782486545-3,https://sertifikasi.postel.go.id/sertifikat/sertifikat-terbit,36872/I/SDPPI/2017,13 Okt 2017,4503,"DASSAGA KOMUNIKASI, PT.",DCS Fiber Optical Repeater Master Unit,CenRF,DCS Fiber Optical Repeater Master Unit,,China
1782486545-4,https://sertifikasi.postel.go.id/sertifikat/sertifikat-terbit,36834/I/SDPPI/2017,13 Okt 2017,4503,"DASSAGA KOMUNIKASI, PT.",WCDMA Digital Fiber Optical Repeater Master Unit,CenRF,WCDMA Digital Fiber Optical Repeater Master Unit,,China
1782486545-5,https://sertifikasi.postel.go.id/sertifikat/sertifikat-terbit,36835/I/SDPPI/2017,13 Okt 2017,4503,"DASSAGA KOMUNIKASI, PT.",WCDMA Digital Fiber Optical Repeater Remote Unit,CenRF,WCDMA Digital Fiber Optical Repeater Remote Unit,,China
1782486545-6,https://sertifikasi.postel.go.id/sertifikat/sertifikat-terbit,52268/SDPPI/2017,05 Okt 2017,4773,"HARRISMA INFORMATIKA JAYA, PT.",Repeater,Motorola,SLR 5300 (350-400 Mhz),,Mexico
1782486545-7,https://sertifikasi.postel.go.id/sertifikat/sertifikat-terbit,52258/SDPPI/2017,04 Okt 2017,4773,"HARRISMA INFORMATIKA JAYA, PT.",Repeater,Motorola,"SLR 5300, 136-174 Mhz",,Mexico
1782486545-8,https://sertifikasi.postel.go.id/sertifikat/sertifikat-terbit,36329/I/SDPPI/2017,29 Sep 2017,1774,"MOBILKOM TELEKOMINDO, PT.",Repeater,Hytera,RD988 U (1),,China
1782486545-9,https://sertifikasi.postel.go.id/sertifikat/sertifikat-terbit,36331/I/SDPPI/2017,29 Sep 2017,1774,"MOBILKOM TELEKOMINDO, PT.",Repeater Trunking System,Hytera,DS-6210,,China
1782486545-10,https://sertifikasi.postel.go.id/sertifikat/sertifikat-terbit,37070/I/SDPPI/2017,29 Sep 2017,1774,"MOBILKOM TELEKOMINDO, PT.",Repeater,Hytera,RD988S VHF,,China
1782486545-11,https://sertifikasi.postel.go.id/sertifikat/sertifikat-terbit,52002/SDPPI/2017,18 Sep 2017,7166,PT. ESPERINDO,Repeater,Motorola,MTR3000 800 Mhz,,Mexico
1782486545-12,https://sertifikasi.postel.go.id/sertifikat/sertifikat-terbit,51963/SDPPI/2017,15 Sep 2017,4482,"SWARNA ADIJAYA, PT.",REPEATER HT,JPS,ACU-1000,,United States
1782486545-13,https://sertifikasi.postel.go.id/sertifikat/sertifikat-terbit,51787/SDPPI/2017,04 Sep 2017,4009,"NUSANTARA JAYA TEKNOLOGI, PT.",Wireless Repeater,ASUS,RP-N12,,China
1782486545-14,https://sertifikasi.postel.go.id/sertifikat/sertifikat-terbit,51494/SDPPI/2017,11 Agu 2017,6836,"SUBUR SAKTI PUTERA, PT.",Repeater,Motorola,"SLR 5300, 136-174 Mhz",,Mexico
1782486545-15,https://sertifikasi.postel.go.id/sertifikat/sertifikat-terbit,51358/SDPPI/2017,01 Agu 2017,2276,"GAJAH MANDALA JAYA, PT.",Repeater Two Way Radio,Tait,TB8100,,New Zealand
1782486545-16,https://sertifikasi.postel.go.id/sertifikat/sertifikat-terbit,51344/SDPPI/2017,31 Jul 2017,1998,"DHARMA DWITUNGGAL UTAMA, PT.",DMR BASESTATION REPEATER,EXCERA,ER9000 U1,,China
1782486545-17,https://sertifikasi.postel.go.id/sertifikat/sertifikat-terbit,51237/SDPPI/2017,26 Jul 2017,1739,"WAHGO INTERNATIONAL, PT.",UHF FM REPEATER / BASE UNIT,KENWOOD,TKR-850,,Singapore
1782486545-18,https://sertifikasi.postel.go.id/sertifikat/sertifikat-terbit,51169/SDPPI/2017,19 Jul 2017,1774,"MOBILKOM TELEKOMINDO, PT.",Repeater,MOTOROLA,Quantar,,United States
1782486545-19,https://sertifikasi.postel.go.id/sertifikat/sertifikat-terbit,35495/I/SDPPI/2017,17 Jul 2017,4503,"DASSAGA KOMUNIKASI, PT.",WCDMA Low Power Channel Selective Pico Repeater,CenRF,WCDMA Low Power Channel Selective Pico Repeater,,China
1782486545-20,https://sertifikasi.postel.go.id/sertifikat/sertifikat-terbit,35598/I/SDPPI/2017,17 Jul 2017,4503,"DASSAGA KOMUNIKASI, PT.",GSM Band Selective Repeater 10W,Sunwave - CenRF,AC3020-G040,,China
1782486545-21,https://sertifikasi.postel.go.id/sertifikat/sertifikat-terbit,35513/I/SDPPI/2017,17 Jul 2017,4503,"DASSAGA KOMUNIKASI, PT.",DCS Band Selective Repeater 10W,Sunwave - CenRF,AC3080-D040,,China
1782486545-22,https://sertifikasi.postel.go.id/sertifikat/sertifikat-terbit,35600/I/SDPPI/2017,17 Jul 2017,4503,"DASSAGA KOMUNIKASI, PT.",WCDMA Channel Selective Repeater 2CH 10W,Sunwave - CenRF,AC5060-S240,,China
1782486545-23,https://sertifikasi.postel.go.id/sertifikat/sertifikat-terbit,34975/I/SDPPI/2017,29 Mei 2017,1758,"MOTOROLA  SOLUTIONS INDONESIA, PT.",Base Station/Repeater,Motorola,"MTR3000, 403-440 Mhz",,United States
1782486545-24,https://sertifikasi.postel.go.id/sertifikat/sertifikat-terbit,35876/I/SDPPI/2017,16 Mei 2017,3962,"MEDIA TELEVISI INDONESIA, PT.",Pemancar Televisi/Repeater,AGBE,TBU 10 KS 10 KW UHF TV Transmitter TV System,,China
1782486545-25,https://sertifikasi.postel.go.id/sertifikat/sertifikat-terbit,50227/SDPPI/2017,27 Apr 2017,2276,"GAJAH MANDALA JAYA, PT.",Repeater Two Way Radio,Tait,TB7100,,New Zealand
1782486545-26,https://sertifikasi.postel.go.id/sertifikat/sertifikat-terbit,49804/SDPPI/2017,14 Mar 2017,4482,"SWARNA ADIJAYA, PT.",REPEATER HT,JPS,ACU-2000-IP,,United States
1782486545-27,https://sertifikasi.postel.go.id/sertifikat/sertifikat-terbit,34421/I/SDPPI/2017,06 Mar 2017,4503,"DASSAGA KOMUNIKASI, PT.",Repeater,CenRF,DCS WCDMA Low Power Dual-Band Pico Repeater,,China
1782486545-28,https://sertifikasi.postel.go.id/sertifikat/sertifikat-terbit,45639/R/SDPPI/2017,24 Feb 2017,4629,"BENTALA SAKTI  GLOBALINDO, PT.",Digital Repeater Triple Band GSM/DCS/WCDMA,Global Wave,GW-TB-GDW-20W-(D),,China
1782486545-29,https://sertifikasi.postel.go.id/sertifikat/sertifikat-terbit,45636/R/SDPPI/2017,16 Feb 2017,4629,"BENTALA SAKTI  GLOBALINDO, PT.",Digital Pico Repeater Triple Band GSM/DCS/WCDMA,Global Wave,GW-TB-GDW-20-(D),,China
1782486545-30,https://sertifikasi.postel.go.id/sertifikat/sertifikat-terbit,49387/SDPPI/2017,13 Feb 2017,2027,"SIMOCO INDONESIA, PT.",Repeater Two Way Radio TSF 2000,Simoco,TSF 2100 (Freq. 136 - 174 MHz),,United Kingdom
1782486545-31,https://sertifikasi.postel.go.id/sertifikat/sertifikat-terbit,49186/SDPPI/2017,01 Feb 2017,2027,"SIMOCO INDONESIA, PT.",Base Station / Repeater System Eclipse,RF Technology,"Eclipse150 (R150B, T150B, PA150B) Freq. 148 - 174 MHz",,Australia
1782486545-32,https://sertifikasi.postel.go.id/sertifikat/sertifikat-terbit,49137/SDPPI/2017,30 Jan 2017,4629,"BENTALA SAKTI  GLOBALINDO, PT.",Pico Repeater ICS WCDMA 2100 Mhz,Global Wave,GW-ICS-WCDMA 2100-17,,China
1782486545-33,https://sertifikasi.postel.go.id/sertifikat/sertifikat-terbit,49046/SDPPI/2017,24 Jan 2017,1758,"MOTOROLA  SOLUTIONS INDONESIA, PT.",Repeater,Motorola,SLR 5300 (350-400 Mhz),,Mexico
1782486545-34,https://sertifikasi.postel.go.id/sertifikat/sertifikat-terbit,48838/SDPPI/2017,06 Jan 2017,2027,"SIMOCO INDONESIA, PT.",Tetra Gateway / Repeater,Sepura,SRG 3900 (Freq. 344 - 400 MHz),,United Kingdom
1782486545-35,https://sertifikasi.postel.go.id/sertifikat/sertifikat-terbit,48647/SDPPI/2016,21 Des 2016,1739,"WAHGO INTERNATIONAL, PT.",Digital & Analog Repeater/Base UHF Transceiver,KENWOOD,NXR-818,,Singapore
1782486545-36,https://sertifikasi.postel.go.id/sertifikat/sertifikat-terbit,48486/SDPPI/2016,13 Des 2016,1774,"MOBILKOM TELEKOMINDO, PT.",Repeater Trunking,ICOM,IC-FR4000,,Japan
1782486545-37,https://sertifikasi.postel.go.id/sertifikat/sertifikat-terbit,48305/SDPPI/2016,28 Nov 2016,2276,"GAJAH MANDALA JAYA, PT.",Repeater Two Way Radio,TAIT,TB7310-H5B0-0000-00AE-10,,New Zealand
1782486545-38,https://sertifikasi.postel.go.id/sertifikat/sertifikat-terbit,48253/SDPPI/2016,22 Nov 2016,1774,"MOBILKOM TELEKOMINDO, PT.",Repeater Two Way Radio,ICOM,IC-FR6000,,Japan
1782486545-39,https://sertifikasi.postel.go.id/sertifikat/sertifikat-terbit,31765/I/SDPPI/2016,17 Nov 2016,4388,"JAYA TEKNIK INDONESIA, PT.",BS Repeater,Teltronic,Nebula Infrastructure,,Spain
1782486545-40,https://sertifikasi.postel.go.id/sertifikat/sertifikat-terbit,48169/SDPPI/2016,17 Nov 2016,1758,"MOTOROLA  SOLUTIONS INDONESIA, PT.",Repeater,Motorola,SLR 8000 VHF (136-174 Mhz),,Mexico
1782486545-41,https://sertifikasi.postel.go.id/sertifikat/sertifikat-terbit,47940/SDPPI/2016,31 Okt 2016,4475,DIREKTORAT STANDARDISASI PERANGKAT POS DAN INFORMATIKA,REPEATER RADIO NELAYAN TRADISIONAL,RANN REPEATER,GK-R50P,,Indonesia
1782486545-42,https://sertifikasi.postel.go.id/sertifikat/sertifikat-terbit,31903/I/SDPPI/2016,21 Okt 2016,1758,"MOTOROLA  SOLUTIONS INDONESIA, PT.",Repeater,Motorola,"MTR3000, 136-174 Mhz",,Mexico
1782486545-43,https://sertifikasi.postel.go.id/sertifikat/sertifikat-terbit,47732/SDPPI/2016,17 Okt 2016,2410,"ALSSA CORPORINDO, PT.",REPEATER,TEAM SIMOCO,Radio Base Station Repeater / XFIN BLADE / XFIN 2025 (400-430 MHz),,United Kingdom
1782486545-44,https://sertifikasi.postel.go.id/sertifikat/sertifikat-terbit,47640/SDPPI/2016,10 Okt 2016,1758,"MOTOROLA  SOLUTIONS INDONESIA, PT.",Repeater,Motorola,SLR 8000 (400-438 Mhz),,Mexico
1782486545-45,https://sertifikasi.postel.go.id/sertifikat/sertifikat-terbit,47255/SDPPI/2016,13 Sep 2016,1249,ADITYA PERDANA ELEKTRINDO PT.,Repeater PICO Triple Band Digital,Huaptec,DS20T-GDW,,China
1782486545-46,https://sertifikasi.postel.go.id/sertifikat/sertifikat-terbit,46837/SDPPI/2016,09 Agu 2016,5574,HYTERA COMMUNICATION CORPORATION LIMITED,Portable Repeater,Hytera,RD968 VHF (136-174 Mhz.),,China
1782486545-47,https://sertifikasi.postel.go.id/sertifikat/sertifikat-terbit,46077/SDPPI/2016,27 Mei 2016,1774,"MOBILKOM TELEKOMINDO, PT.",Repeater Two Way Radio,Motorola,MTR2000/FO706A,,United States
1782486545-48,https://sertifikasi.postel.go.id/sertifikat/sertifikat-terbit,46079/SDPPI/2016,27 Mei 2016,1774,"MOBILKOM TELEKOMINDO, PT.",Repeater Two Way Radio,Motorola,MTR2000/FO506A,,United States
1782486545-49,https://sertifikasi.postel.go.id/sertifikat/sertifikat-terbit,29130/I/SDPPI/2016,04 Apr 2016,4083,"EKA LANCAR INTERNUSA, PT.",UHF REPEATER (Freq. 350-400 MHz),ICOM,IC-FR6000,,Japan
1782486545-50,https://sertifikasi.postel.go.id/sertifikat/sertifikat-terbit,29129/I/SDPPI/2016,04 Apr 2016,4083,"EKA LANCAR INTERNUSA, PT.",VHF REPEATER (136-174 MHz),ICOM,IC-FR5000,,Japan
1782486563-1,https://sertifikasi.postel.go.id/sertifikat/sertifikat-terbit,28102/I/SDPPI/2016,17 Feb 2016,2133,"PANCA KOMUNINDO PERKASA, PT.",Radio Base Station Repeater,Spectra Engineering,MX800,,Australia
1782486563-2,https://sertifikasi.postel.go.id/sertifikat/sertifikat-terbit,44372/SDPPI/2016,14 Jan 2016,3850,"NEXCOM INDONESIA, PT.",Base Station/Repeater,Motorola,"MTR3000, 403-440 Mhz",,United States
1782486563-3,https://sertifikasi.postel.go.id/sertifikat/sertifikat-terbit,44273/SDPPI/2016,13 Jan 2016,3850,"NEXCOM INDONESIA, PT.",Digital Base Station / Repeater,SPECTRA,MX800,,Australia
1782486563-4,https://sertifikasi.postel.go.id/sertifikat/sertifikat-terbit,44308/SDPPI/2016,13 Jan 2016,2410,"ALSSA CORPORINDO, PT.",REPEATER,SmarTrunk,Profesional Repeater ST-9116 Freq.406-430Mhz,,United States
1782486563-5,https://sertifikasi.postel.go.id/sertifikat/sertifikat-terbit,43512/SDPPI/2015,15 Des 2015,5214,SUMBER MENTARI ELEKTRINDO. PT,N300 Wireless Repeater,D-LINK,DMG-112A,,China
1782486563-6,https://sertifikasi.postel.go.id/sertifikat/sertifikat-terbit,27565/I/SDPPI/2015,14 Des 2015,1758,"MOTOROLA  SOLUTIONS INDONESIA, PT.",Repeater,Motorola,MTR3000 800 Mhz,,Mexico
1782486563-7,https://sertifikasi.postel.go.id/sertifikat/sertifikat-terbit,43279/SDPPI/2015,11 Des 2015,4482,"SWARNA ADIJAYA, PT.",REPEATER HT,Relm Wireless,BK Radio - Rapid Deployment Portable Repeater (RDPR),,United States
1782486563-8,https://sertifikasi.postel.go.id/sertifikat/sertifikat-terbit,41963/SDPPI/2015,11 Sep 2015,4896,SOLID TECH INDONESIA. PT,ICS Repeater,SOLID,SICR-U2120-3550,,"Korea, Republic Of"
1782486563-9,https://sertifikasi.postel.go.id/sertifikat/sertifikat-terbit,41965/SDPPI/2015,11 Sep 2015,4896,SOLID TECH INDONESIA. PT,ICS Repeater,SOLID,SICR-U2120-5070,,"Korea, Republic Of"
1782486563-10,https://sertifikasi.postel.go.id/sertifikat/sertifikat-terbit,41964/SDPPI/2015,11 Sep 2015,4896,SOLID TECH INDONESIA. PT,ICS Repeater,SOLID,SICR-U2120-2035,,"Korea, Republic Of"
1782486563-11,https://sertifikasi.postel.go.id/sertifikat/sertifikat-terbit,41436/SDPPI/2015,06 Agu 2015,4955,"PICOTEL NUSANTARA, PT.",Repeater,CERNTEL,T1017,,China
1782486563-12,https://sertifikasi.postel.go.id/sertifikat/sertifikat-terbit,40946/SDPPI/2015,30 Jun 2015,5103,"SINERGI CIPTA MANDIRI, PT",High Power Repeater,SCRF,SC-10W-3Band,,China
1782486563-13,https://sertifikasi.postel.go.id/sertifikat/sertifikat-terbit,40923/SDPPI/2015,26 Jun 2015,5118,Simoco EMEA Ltd,Repeater,SIMOCO,SIMOCO Xd/SDB 680 UHF 403-440 MHz,,Taiwan
1782486563-14,https://sertifikasi.postel.go.id/sertifikat/sertifikat-terbit,40818/SDPPI/2015,23 Jun 2015,3965,"SYNNEX METRODATA INDONESIA, PT.",N300 Wireless Repeater,D-LINK,DMG-112A,,China
1782486563-15,https://sertifikasi.postel.go.id/sertifikat/sertifikat-terbit,40502/SDPPI/2015,05 Jun 2015,2027,"SIMOCO INDONESIA, PT.",Base Station Repeater Radio,SIMOCO,Simoco Xd / SDB670,,United Kingdom
1782486563-16,https://sertifikasi.postel.go.id/sertifikat/sertifikat-terbit,40213/SDPPI/2015,15 Mei 2015,2564,"D-Link International Pte., Ltd.",N300 Wireless Repeater,D-LINK,DMG-112A,,China
1782486563-17,https://sertifikasi.postel.go.id/sertifikat/sertifikat-terbit,39909/SDPPI/2015,23 Apr 2015,3903,"PANASONIC GOBEL INDONESIA, PT.",Dect Repeater,Panasonic,KX-A406CE,,China
1782486563-18,https://sertifikasi.postel.go.id/sertifikat/sertifikat-terbit,25727/I/SDPPI/2015,31 Mar 2015,3850,"NEXCOM INDONESIA, PT.",Radio Base Station Repeater MX 800,SPECTRA,MX800 (805-870 MHz),,Australia
1782486563-19,https://sertifikasi.postel.go.id/sertifikat/sertifikat-terbit,20475/I/SDPPI/2015,17 Feb 2015,1774,"MOBILKOM TELEKOMINDO, PT.",Repeater,Motorola,MXD 1500 Freq 419.00-429.75 Mhz,,Malaysia
1782486563-20,https://sertifikasi.postel.go.id/sertifikat/sertifikat-terbit,21967/I/SDPPI/2015,23 Jan 2015,2381,"ATLANTIK, CV.",Signal Repeater,WEIERWEI,950,,China
1782486563-21,https://sertifikasi.postel.go.id/sertifikat/sertifikat-terbit,21641/I/SDPPI/2014,23 Des 2014,3850,"NEXCOM INDONESIA, PT.",Radio Base Station Repeater,SPECTRA,MX 800,,Australia
1782486563-22,https://sertifikasi.postel.go.id/sertifikat/sertifikat-terbit,21832/I/SDPPI/2014,22 Des 2014,1770,"MIRUSA GRAHA, PT.",VHF REPEATER (136-174 MHz),ICOM,IC-FR5000,,Japan
1782486563-23,https://sertifikasi.postel.go.id/sertifikat/sertifikat-terbit,21420/I/SDPPI/2014,22 Des 2014,1770,"MIRUSA GRAHA, PT.",UHF REPEATER (Freq. 350-400 MHz),ICOM,IC-FR6000,,Japan
1782486563-24,https://sertifikasi.postel.go.id/sertifikat/sertifikat-terbit,37677/SDPPI/2014,10 Des 2014,4344,UNIVERSAL SOLUSI INOVATIF PT,Repeater VHF Radio,Hytera,TBU998,,China
1782486563-25,https://sertifikasi.postel.go.id/sertifikat/sertifikat-terbit,37629/SDPPI/2014,05 Des 2014,4494,"MAHAGA PRATAMA, PT.",WCDMA Repeater,Grentech,SGR-R3C0 / RF /B1/40/MY/ID/TS/0075,,China
1782486563-26,https://sertifikasi.postel.go.id/sertifikat/sertifikat-terbit,37628/SDPPI/2014,05 Des 2014,4494,"MAHAGA PRATAMA, PT.",WCDMA Repeater,Grentech,SGR-R3C0 / RF/B1/43/MY/ID/TS/0155,,China
1782486563-27,https://sertifikasi.postel.go.id/sertifikat/sertifikat-terbit,37630/SDPPI/2014,05 Des 2014,4494,"MAHAGA PRATAMA, PT.",WCDMA Repeater,Grentech,SGR-R3C0 / RF/B1/33/MY/ID/TS/0154,,China
1782486563-28,https://sertifikasi.postel.go.id/sertifikat/sertifikat-terbit,37381/SDPPI/2014,21 Nov 2014,2410,"ALSSA CORPORINDO, PT.",BASE UNIT / REPEATER VHF,M3,M3-RD-550,,China
1782486563-29,https://sertifikasi.postel.go.id/sertifikat/sertifikat-terbit,14385/I/SDPPI/2014,21 Nov 2014,2410,"ALSSA CORPORINDO, PT.",Repeater,TEAM SIMOCO,Radio Base Station Repeater / XFIN BLADE / XFIN 2025 (400-430 MHz),,United Kingdom
1782486563-30,https://sertifikasi.postel.go.id/sertifikat/sertifikat-terbit,37219/SDPPI/2014,11 Nov 2014,4629,"BENTALA SAKTI  GLOBALINDO, PT.",REPEATER DUALBAND DCS/WCDMA,GLOBAL WAVE,GW- DB- DCS/WCDMA-20,,China
1782486563-31,https://sertifikasi.postel.go.id/sertifikat/sertifikat-terbit,36900/SDPPI/2014,20 Okt 2014,4717,INDO ENC. PT,Repeater Low Power,Grentech,SGR-Z-SG201,,China
1782486563-32,https://sertifikasi.postel.go.id/sertifikat/sertifikat-terbit,36899/SDPPI/2014,20 Okt 2014,4717,INDO ENC. PT,Repeater High Power,Grentech,SGR-Z-SG200 RO,,China
1782486563-33,https://sertifikasi.postel.go.id/sertifikat/sertifikat-terbit,19832/I/SDPPI/2014,06 Okt 2014,2581,"SINKO PRIMA ALLOY, PT.",Repeater/Penguat Sinyal GSM900 MHz,SYBER,SMA-038,,Indonesia
1782486563-34,https://sertifikasi.postel.go.id/sertifikat/sertifikat-terbit,19834/I/SDPPI/2014,06 Okt 2014,2581,"SINKO PRIMA ALLOY, PT.",Repeater/Penguat Sinyal GSM900 MHz,SYBER,SMA-1000,,Indonesia
1782486563-35,https://sertifikasi.postel.go.id/sertifikat/sertifikat-terbit,07317/II/SDPPI/2014,06 Okt 2014,2581,"SINKO PRIMA ALLOY, PT.",REPEATER/ PENGUAT SINYAL GSM900MHz,SYBER,SMA-233,,Indonesia
1782486563-36,https://sertifikasi.postel.go.id/sertifikat/sertifikat-terbit,19833/I/SDPPI/2014,06 Okt 2014,2581,"SINKO PRIMA ALLOY, PT.",REPEATER/ PENGUAT SINYAL GSM900MHz,SYBER,SMA-238,,Indonesia
1782486563-37,https://sertifikasi.postel.go.id/sertifikat/sertifikat-terbit,08028/II/SDPPI/2014,30 Sep 2014,2236,"SURYA CITRA NATA BUANA, PT.",BS Repeater,Teltronic,Nebula Infrastructure,,Spain
1782486563-38,https://sertifikasi.postel.go.id/sertifikat/sertifikat-terbit,02403/III/SDPPI/2014,12 Sep 2014,1774,"MOBILKOM TELEKOMINDO, PT.",Repeater Radio Trunking (UHF),Nokia,Actionet,,Finland
1782486563-39,https://sertifikasi.postel.go.id/sertifikat/sertifikat-terbit,36285/SDPPI/2014,10 Sep 2014,4547,"ANWARKARSA PERSADA, PT.",DCS BAND SELECTIVE REPEATER,BoosTel,AT 883,,China
1782486563-40,https://sertifikasi.postel.go.id/sertifikat/sertifikat-terbit,36284/SDPPI/2014,10 Sep 2014,4547,"ANWARKARSA PERSADA, PT.",UMTS BAND SELECTIVE REPEATER,BoosTel,AT 653 / UMTS 2100 MHz,,China
1782486563-41,https://sertifikasi.postel.go.id/sertifikat/sertifikat-terbit,36083/SDPPI/2014,01 Sep 2014,4494,"MAHAGA PRATAMA, PT.",GSM 900M Repeater,Grentech,SGR-R310/RF/B1F/33/MY/ID/XL,,China
1782486563-42,https://sertifikasi.postel.go.id/sertifikat/sertifikat-terbit,36082/SDPPI/2014,01 Sep 2014,4494,"MAHAGA PRATAMA, PT.",DCS 1800M Repeater,Grentech,SGR-R320/RF/B1F/43/MY/0126,,China
1782486563-43,https://sertifikasi.postel.go.id/sertifikat/sertifikat-terbit,36084/SDPPI/2014,01 Sep 2014,4494,"MAHAGA PRATAMA, PT.",GSM 900M Repeater,Grentech,SGR-R310 / RF/B1F/43/MY/ID/XL/0033,,China
1782486563-44,https://sertifikasi.postel.go.id/sertifikat/sertifikat-terbit,36086/SDPPI/2014,01 Sep 2014,4494,"MAHAGA PRATAMA, PT.",DCS 1800M REPEATER,Grentech,SGR-R320 / RF/B1F/33/MY/0156,,China
1782486563-45,https://sertifikasi.postel.go.id/sertifikat/sertifikat-terbit,36085/SDPPI/2014,01 Sep 2014,4494,"MAHAGA PRATAMA, PT.",DCS 1800M Repeater,Grentech,SGR-R320 / RF/B1F/40/MY/0157,,China
1782486563-46,https://sertifikasi.postel.go.id/sertifikat/sertifikat-terbit,35915/SDPPI/2014,19 Agu 2014,4384,"PERMATA JAYA MAKMUR, PT.",REPEATER,NETOP,RB-15-091821-NF-09 GSM&DCS&WCDMA Tri-Band Selective Repeater,,China
1782486563-47,https://sertifikasi.postel.go.id/sertifikat/sertifikat-terbit,18383/I/SDPPI/2014,13 Agu 2014,1774,"MOBILKOM TELEKOMINDO, PT.",Repeater Trunking,ICOM,IC-FR6000 (350-400 MHz),,Japan
1782486563-48,https://sertifikasi.postel.go.id/sertifikat/sertifikat-terbit,35444/SDPPI/2014,08 Jul 2014,2551,"BUANA SELARAS GLOBALINDO, PT.",Repeater DCS 1800 MHZ,Globalwave,GW-DCS 1800/BS-20,,China
1782486563-49,https://sertifikasi.postel.go.id/sertifikat/sertifikat-terbit,10040/I/SDPPI/2014,20 Mei 2014,1889,"CITRADATA PURNAKHARISMA, PT.",Repeater,Motorola,CDR 700,,Malaysia
1782486563-50,https://sertifikasi.postel.go.id/sertifikat/sertifikat-terbit,02569/III/SDPPI/2014,05 Mei 2014,1739,"WAHGO INTERNATIONAL, PT.",UHM FM REPEATER / BASE UNIT 450-480 Mhz,KENWOOD,TKR-850,,Singapore
1782463429-1,https://sertifikasi.postel.go.id/sertifikat/sertifikat-terbit,122936/DJID/2026,15-Jun-26,1889,PT  CITRADATA PURNAKHARISMA,Radio Portable / Two Way Radio,MOTOROLA,XiR P6600i,MOTOROLA XiR P6600i UHF 403-470MHz,Malaysia
1782463429-2,https://sertifikasi.postel.go.id/sertifikat/sertifikat-terbit,122867/DJID/2026,15-Jun-26,16637,PT  MERODITH TECHNOLOGY INDONESIA,TWO WAY RADIO,MERODITH,MD-T20,MERODITH,China
1782463429-3,https://sertifikasi.postel.go.id/sertifikat/sertifikat-terbit,122716/DJID/2026,10-Jun-26,1889,PT  CITRADATA PURNAKHARISMA,Radio Portable / Two Way Radio,MOTOROLA,XiR C2660,MOTOROLA XiR C2660 UHF 403-470MHz,Malaysia
1782463429-4,https://sertifikasi.postel.go.id/sertifikat/sertifikat-terbit,122152/DJID/2026,22 Mei 2026,1889,PT  CITRADATA PURNAKHARISMA,Radio Portable / Two Way Radio,MOTOROLA,XiR C2660,Motorola XiR C2660 VHF 136-174MHz,Malaysia
1782463429-5,https://sertifikasi.postel.go.id/sertifikat/sertifikat-terbit,122012/DJID/2026,19 Mei 2026,1889,PT  CITRADATA PURNAKHARISMA,Radio Portable / Two Way Radio,MOTOROLA,R5,MOTOROLA R5 UHF 400-470MHz,Malaysia
1782463429-6,https://sertifikasi.postel.go.id/sertifikat/sertifikat-terbit,121791/DJID/2026,13 Mei 2026,17552,PT  ARTHA TELEKOMINDO,Portable Two Way UHF Radio,Belfone,BF-TD930,Portable Two Way UHF Radio,China
1782463429-7,https://sertifikasi.postel.go.id/sertifikat/sertifikat-terbit,120367/DJID/2026,7-Apr-26,15454,PT  ERA KOMUNIKASI NUSANTARA,RADIO PORTABLE / TWO WAY RADIO,talkcom,TC-99S,TC-99S,China
1782463429-8,https://sertifikasi.postel.go.id/sertifikat/sertifikat-terbit,120296/DJID/2026,6-Apr-26,16637,PT  MERODITH TECHNOLOGY INDONESIA,TWO WAY RADIO,MERODITH,MD-111,MERODITH,China
1782463429-9,https://sertifikasi.postel.go.id/sertifikat/sertifikat-terbit,120293/DJID/2026,6-Apr-26,16637,PT  MERODITH TECHNOLOGY INDONESIA,TWO WAY RADIO,MERODITH,MD-333,MERODITH,China
1782463429-10,https://sertifikasi.postel.go.id/sertifikat/sertifikat-terbit,119981/DJID/2026,26-Mar-26,16637,PT  MERODITH TECHNOLOGY INDONESIA,TWO WAY RADIO,MERODITH,MD-222,MERODITH,China
1782463429-11,https://sertifikasi.postel.go.id/sertifikat/sertifikat-terbit,119979/DJID/2026,26-Mar-26,17612,PT  EASTECH MULTI PERSADA,Two way Radio,ALERVITES,BF-888S,ALERVITES,China
1782463429-12,https://sertifikasi.postel.go.id/sertifikat/sertifikat-terbit,115017/DJID/2025,14 Okt 2025,4083,PT  EKA LANCAR INTERNUSA,Two Way Radio,ICOM,IC-718,ICOM,Japan
1782463429-13,https://sertifikasi.postel.go.id/sertifikat/sertifikat-terbit,114883/DJID/2025,08 Okt 2025,17220,PT  KEENFINITY SECURITY AND COMMUNICATIONS INDONESIA,Two Way Active Loudspeaker,Electro-Voice,ZLX-12P-G2-EU,ZLX-12P-G2-EU,China
1782463429-14,https://sertifikasi.postel.go.id/sertifikat/sertifikat-terbit,114880/DJID/2025,08 Okt 2025,17220,PT  KEENFINITY SECURITY AND COMMUNICATIONS INDONESIA,Two Way Active Loudspeaker,Electro-Voice,ZLX-8P-G2-EU,ZLX-8P-G2-EU,China
1782463429-15,https://sertifikasi.postel.go.id/sertifikat/sertifikat-terbit,113643/DJID/2025,26 Agu 2025,1889,PT  CITRADATA PURNAKHARISMA,Mobile Radio / Two Way Radio,MOTOROLA,XiR M8668i,MOTOROLA XiR M8668i VHF 136-174MHz,Malaysia
1782463429-16,https://sertifikasi.postel.go.id/sertifikat/sertifikat-terbit,112593/DJID/2025,21-Jul-25,4075,PT  SKYREACH,Two Way VHF Radio FT-2900,CNFT,FT-2900,Two Way VHF Radio FT-2900,China
1782463429-17,https://sertifikasi.postel.go.id/sertifikat/sertifikat-terbit,112445/DJID/2025,16-Jul-25,2276,PT  GAJAH MANDALA JAYA,Repeater Two Way Radio,Tait,TB9460,Repeater Two Way Radio,New Zealand
1782463429-18,https://sertifikasi.postel.go.id/sertifikat/sertifikat-terbit,112206/DJID/2025,10-Jul-25,7499,PT  BAOFENG KOMUNIKASI INDONESIA,Two Way Radio,Baofeng,BF-A58,Baofeng,China
1782463429-19,https://sertifikasi.postel.go.id/sertifikat/sertifikat-terbit,112011/DJID/2025,4-Jul-25,2276,PT  GAJAH MANDALA JAYA,Repeater Two Way Radio,Tait,TB9460,Repeater Two Way Radio,New Zealand
1782463429-20,https://sertifikasi.postel.go.id/sertifikat/sertifikat-terbit,111133/DJID/2025,11-Jun-25,13972,PT  HARVE SOLUSI INDONESIA,Two Way Radio,HARVE,HV-88,HV-88,China
1782463429-21,https://sertifikasi.postel.go.id/sertifikat/sertifikat-terbit,111117/DJID/2025,10-Jun-25,13972,PT  HARVE SOLUSI INDONESIA,Two Way Radio,HARVE,HV-V10,HV-V10,China
1782463429-22,https://sertifikasi.postel.go.id/sertifikat/sertifikat-terbit,110838/DJID/2025,2-Jun-25,2276,PT  GAJAH MANDALA JAYA,Repeater Two Way Radio,Tait,TB9460,Repeater Two Way Radio,New Zealand
1782463429-23,https://sertifikasi.postel.go.id/sertifikat/sertifikat-terbit,110837/DJID/2025,2-Jun-25,15454,PT  ERA KOMUNIKASI NUSANTARA,RADIO PORTABLE / TWO WAY RADIO,talkcom,TC - 988 PLUS,talkcom TC - 988 PLUS,China
1782463429-24,https://sertifikasi.postel.go.id/sertifikat/sertifikat-terbit,110729/DJID/2025,28 Mei 2025,4083,PT  EKA LANCAR INTERNUSA,Two Way Radio,ICOM,IC-V86,ICOM,Japan
1782463429-25,https://sertifikasi.postel.go.id/sertifikat/sertifikat-terbit,110315/DJID/2025,19 Mei 2025,15454,PT  ERA KOMUNIKASI NUSANTARA,RADIO PORTABLE/TWO WAY RADIO,talkcom,TC-698S,talkcom TC-698S,China
1782463429-26,https://sertifikasi.postel.go.id/sertifikat/sertifikat-terbit,109890/DJID/2025,06 Mei 2025,15394,PT  TEXAS RANGERS INDONESIA,Two Way Radio,SKY,SKY-99,SKY-99,China
1782463429-27,https://sertifikasi.postel.go.id/sertifikat/sertifikat-terbit,109624/DJID/2025,24-Apr-25,13261,PT  BERLIN AUDIO TEKNOLOGI,Two Way Radio,BERLIN,BL-DP777EX,BERLIN BL-DP777EX,China
1782463429-28,https://sertifikasi.postel.go.id/sertifikat/sertifikat-terbit,109396/DJID/2025,17-Apr-25,16762,PT  DONG JIANG INDONESIA,Two Way Radio,QUANSHENG,TG-K10AT,QS Two Way Radio,China
1782463429-29,https://sertifikasi.postel.go.id/sertifikat/sertifikat-terbit,109077/DJID/2025,28-Mar-25,13972,PT  HARVE SOLUSI INDONESIA,Two Way Radio,HARVE,HV-888S,HV-888S,China
1782463429-30,https://sertifikasi.postel.go.id/sertifikat/sertifikat-terbit,108050/DJID/2025,27-Feb-25,4083,PT  EKA LANCAR INTERNUSA,Two Way Radio,ICOM,IC-F5023H,ICOM,Japan
1782463429-31,https://sertifikasi.postel.go.id/sertifikat/sertifikat-terbit,107594/DJID/2025,10-Feb-25,1889,PT  CITRADATA PURNAKHARISMA,Radio Portable / Two Way Radio,MOTOROLA,XiR P6600i,MOTOROLA XiR P6600i UHF 350-400MHz,Malaysia
1782463429-32,https://sertifikasi.postel.go.id/sertifikat/sertifikat-terbit,107350/DJID/2025,24-Jan-25,1889,PT  CITRADATA PURNAKHARISMA,Radio Portable / Two Way Radio,MOTOROLA,XiR P6600i,MOTOROLA XiR P6600i VHF 136-174 MHz,Malaysia
1782463429-33,https://sertifikasi.postel.go.id/sertifikat/sertifikat-terbit,107349/DJID/2025,24-Jan-25,1889,PT  CITRADATA PURNAKHARISMA,Radio Portable/Two Way Radio,MOTOROLA,XiR P8660i,XiR P8660i UHF 350-400MHz,Malaysia
1782463429-34,https://sertifikasi.postel.go.id/sertifikat/sertifikat-terbit,106143/SDPPI/2024,10 Des 2024,7499,PT  BAOFENG KOMUNIKASI INDONESIA,TWO WAY RADIO,BAOFENG,BF-888S,BF-888S,China
1782463429-35,https://sertifikasi.postel.go.id/sertifikat/sertifikat-terbit,105867/SDPPI/2024,03 Des 2024,16335,CV  TEKNO JAYA MANDIRI,Two Way Radio,BRUNO,CX-5,BRUNO,China
1782463429-36,https://sertifikasi.postel.go.id/sertifikat/sertifikat-terbit,105865/SDPPI/2024,03 Des 2024,16335,CV  TEKNO JAYA MANDIRI,Two Way Radio,BRUNO,CX-9,BRUNO,China
1782463429-37,https://sertifikasi.postel.go.id/sertifikat/sertifikat-terbit,105638/SDPPI/2024,26-Nov-24,14654,PT  WEIRCOM KOMUNIKASI INDONESIA,RADIO PORTABLE / TWO WAY RADIO,ERACOM,RC 68 PLUS,ERACOM,China
1782463429-38,https://sertifikasi.postel.go.id/sertifikat/sertifikat-terbit,105509/SDPPI/2024,21-Nov-24,13261,PT  BERLIN AUDIO TEKNOLOGI,TWO WAY RADIO,BERLIN,BL-889,BERLIN BL-889,China
1782463429-39,https://sertifikasi.postel.go.id/sertifikat/sertifikat-terbit,105430/SDPPI/2024,20-Nov-24,14654,PT  WEIRCOM KOMUNIKASI INDONESIA,RADIO PORTABLE / TWO WAY RADIO,WEIRCOM,WR-808,WEIRCOM WR-808 FREK 136 MHz - 174 MHz,China
1782463429-40,https://sertifikasi.postel.go.id/sertifikat/sertifikat-terbit,105243/SDPPI/2024,14-Nov-24,5803,CV  MITRA HT,Two Way Radio,REDELL,DL-9900,REDELL DL-9900,China
1782463429-41,https://sertifikasi.postel.go.id/sertifikat/sertifikat-terbit,105122/SDPPI/2024,8-Nov-24,14654,PT  WEIRCOM KOMUNIKASI INDONESIA,RADIO PORTABLE / TWO WAY RADIO,WEIRCOM,WR808,WEIRCOM,China
1782463429-42,https://sertifikasi.postel.go.id/sertifikat/sertifikat-terbit,104526/SDPPI/2024,21 Okt 2024,4114,CV  SUN PACIFIC,Two Way Radio,Voxter,UV-W8,Voxter,China
1782463429-43,https://sertifikasi.postel.go.id/sertifikat/sertifikat-terbit,103974/SDPPI/2024,02 Okt 2024,15713,PT  MAJU SUKSES PLASTINDO,TWO WAY RADIO,MERODITH,MD-T20,MERODITH MD-T20,Indonesia
1782463429-44,https://sertifikasi.postel.go.id/sertifikat/sertifikat-terbit,103308/SDPPI/2024,10-Sep-24,1889,PT  CITRADATA PURNAKHARISMA,Radio Portable / Two Way Radio,MOTOROLA,XiR C2620,XiR C2620 UHF 403-470MHz,Malaysia
1782463429-45,https://sertifikasi.postel.go.id/sertifikat/sertifikat-terbit,103087/SDPPI/2024,4-Sep-24,5803,CV  MITRA HT,Two Way Radio,REDELL,R33,REDELL R33,China
1782463429-46,https://sertifikasi.postel.go.id/sertifikat/sertifikat-terbit,102916/SDPPI/2024,30 Agu 2024,3797,PT  INTAN KOMUNIKASI INDONESIA,Two Way Radio,SME-com,SME-com 338,SME-com 338,China
1782463429-47,https://sertifikasi.postel.go.id/sertifikat/sertifikat-terbit,102601/SDPPI/2024,21 Agu 2024,5803,CV  MITRA HT,Two Way Radio,TEXAS,TXPOC,TEXAS TXPOC,China
1782463429-48,https://sertifikasi.postel.go.id/sertifikat/sertifikat-terbit,102302/SDPPI/2024,13 Agu 2024,4083,PT  EKA LANCAR INTERNUSA,Two Way Radio,ICOM,IC-U86,ICOM,Japan
1782463429-49,https://sertifikasi.postel.go.id/sertifikat/sertifikat-terbit,102291/SDPPI/2024,13 Agu 2024,1889,PT  CITRADATA PURNAKHARISMA,Radio Portable / Two Way Radio,Motorola,XiR P6620i,XiR P6620i UHF 403-470MHz,Malaysia
1782463429-50,https://sertifikasi.postel.go.id/sertifikat/sertifikat-terbit,102208/SDPPI/2024,10 Agu 2024,2381,CV  ATLANTIK,Portable Two Way Radio,WEIERWEI,VEV-9800,VEV 9800,China
1782486583-1,https://sertifikasi.postel.go.id/sertifikat/sertifikat-terbit,33896/SDPPI/2014,20 Mar 2014,3850,"NEXCOM INDONESIA, PT.",RADIO REPEATER,ICOM,IC-FR6000,,Japan
1782486583-2,https://sertifikasi.postel.go.id/sertifikat/sertifikat-terbit,26333/R/SDPPI/2014,27 Feb 2014,2551,"BUANA SELARAS GLOBALINDO, PT.",Repeater GSM 900 20W,Global Wave,GW-GSM 900/BS-43,,China
1782486583-3,https://sertifikasi.postel.go.id/sertifikat/sertifikat-terbit,15727/I/SDPPI/2014,21 Feb 2014,1774,"MOBILKOM TELEKOMINDO, PT.",Repeater Two Way Radio,ICOM,IC-FR6000 UHF Repeater,,Japan
1782486583-4,https://sertifikasi.postel.go.id/sertifikat/sertifikat-terbit,33490/SDPPI/2014,19 Feb 2014,2386,"SMART TELECOM, PT.",Repeater CDMA Single-Band,GUANRI,GRRPT-800,,China
1782486583-5,https://sertifikasi.postel.go.id/sertifikat/sertifikat-terbit,33417/SDPPI/2014,12 Feb 2014,2386,"SMART TELECOM, PT.",Repeater CDMA Dual-Band,GUANRI,GRRPT-8019,,China
1782486583-6,https://sertifikasi.postel.go.id/sertifikat/sertifikat-terbit,18162/I/SDPPI/2014,11 Feb 2014,1758,"MOTOROLA  SOLUTIONS INDONESIA, PT.",Repeater Two Way Radio,Motorola,"MOTOTRBO XiR R8200, Freq. 350 - 400 MHz",,Malaysia
1782486583-7,https://sertifikasi.postel.go.id/sertifikat/sertifikat-terbit,33361/SDPPI/2014,10 Feb 2014,4492,"SURYA REKSAKOM YASATAMA, PT.",TRI-BAND DIGITAL BAND SELECTIVE REPEATER,COMBA,RX-5239,,China
1782486583-8,https://sertifikasi.postel.go.id/sertifikat/sertifikat-terbit,33294/SDPPI/2014,03 Feb 2014,2276,"GAJAH MANDALA JAYA, PT.",REPEATER ALAT KOMUNIKASI RADIO,TAIT,TB8200 (762 - 870 MHz),,New Zealand
1782486583-9,https://sertifikasi.postel.go.id/sertifikat/sertifikat-terbit,33177/SDPPI/2014,23 Jan 2014,818,"MAKRO SENTRAL PERDANA, PT.",Micro Repeater,Remotek,R27DCS,,Taiwan
1782486583-10,https://sertifikasi.postel.go.id/sertifikat/sertifikat-terbit,33117/SDPPI/2014,20 Jan 2014,3850,"NEXCOM INDONESIA, PT.",Repeater,VORTEX,GS-40,,United States
1782486583-11,https://sertifikasi.postel.go.id/sertifikat/sertifikat-terbit,17463/I/SDPPI/2013,30 Des 2013,2276,"GAJAH MANDALA JAYA, PT.",Repeater/Base Station,TAIT,TB8100 (380-420 MHz),,New Zealand
1782486583-12,https://sertifikasi.postel.go.id/sertifikat/sertifikat-terbit,17679/I/SDPPI/2013,04 Des 2013,3366,"GLOBAL TWOWAY, PT.",Repeater,ACI,Acion 6000,,Taiwan
1782486583-13,https://sertifikasi.postel.go.id/sertifikat/sertifikat-terbit,04366/II/SDPPI/2013,02 Des 2013,2276,"GAJAH MANDALA JAYA, PT.",Repeater Komunikasi Radio VHF,TAIT,TB8100 (148-174 MHz),,New Zealand
1782486583-14,https://sertifikasi.postel.go.id/sertifikat/sertifikat-terbit,32203/SDPPI/2013,02 Des 2013,3850,"NEXCOM INDONESIA, PT.",Repeater,KENWOOD,TKR-850 - K3 : 400-430 Mhz,,Japan
1782486583-15,https://sertifikasi.postel.go.id/sertifikat/sertifikat-terbit,31850/SDPPI/2013,14 Nov 2013,2829,"BINTANG KOMUNIKASI UTAMA, PT.",Repeater Booster,Runshine,CDMA 450 Mhz,,China
1782486583-16,https://sertifikasi.postel.go.id/sertifikat/sertifikat-terbit,31777/SDPPI/2013,12 Nov 2013,2020,"MAESA NUSATAMA, PT.",Repeater Trunking Quantar,Motorola,C99ED/001C,,United States
1782486583-17,https://sertifikasi.postel.go.id/sertifikat/sertifikat-terbit,04368/II/SDPPI/2013,28 Okt 2013,2276,"GAJAH MANDALA JAYA, PT.",Repeater Komunikasi Radio UHF,TAIT,TB8100 (762-869 MHz),,New Zealand
1782486583-18,https://sertifikasi.postel.go.id/sertifikat/sertifikat-terbit,30552/SDPPI/2013,27 Agu 2013,3898,"COMBA TELECOM, PT.",Comba WCDMA2100 Band Ajustable Pico Repeater,COMBA,SP-2110,,China
1782486583-19,https://sertifikasi.postel.go.id/sertifikat/sertifikat-terbit,30551/SDPPI/2013,27 Agu 2013,3898,"COMBA TELECOM, PT.",Comba GSM1800 Bandwidth Adjustable Repeater,COMBA,RD-1820,,China
1782486583-20,https://sertifikasi.postel.go.id/sertifikat/sertifikat-terbit,30368/SDPPI/2013,02 Agu 2013,3898,"COMBA TELECOM, PT.",Comba  WCDMA2100 Digital Chanel Selective Repeater,COMBA,RX-2123,,China
1782486583-21,https://sertifikasi.postel.go.id/sertifikat/sertifikat-terbit,30047/SDPPI/2013,18 Jul 2013,3196,"INDO J-PRO TECHNOLOGY, PT.",Pemancar Televisi/Repeater,AGBE,TBU 10 KS 10 KW UHF TV Transmitter TV System,,China
1782486583-22,https://sertifikasi.postel.go.id/sertifikat/sertifikat-terbit,14239/I/SDPPI/2013,17 Jul 2013,2484,"MEGAYASA TEKNOLOGI INDONESIA, PT.",Repeater Two Way Radio,Motorola,"CDR 500, Freq. 136-174 MHz & 350-400 MHz",,Malaysia
1782486583-23,https://sertifikasi.postel.go.id/sertifikat/sertifikat-terbit,14384/I/SDPPI/2013,10 Jul 2013,2410,"ALSSA CORPORINDO, PT.",Repeater,TEAM SIMOCO,Radio Base Station Repeater / XFin Blade,,United Kingdom
1782486583-24,https://sertifikasi.postel.go.id/sertifikat/sertifikat-terbit,29626/SDPPI/2013,18 Jun 2013,4006,"MEGA KOMPUTINDO LESTARI, PT.",150Mbps Wireless-N AP/Repeater/Router Client,NETIS,WF-2411,,China
1782486583-25,https://sertifikasi.postel.go.id/sertifikat/sertifikat-terbit,29627/SDPPI/2013,18 Jun 2013,4006,"MEGA KOMPUTINDO LESTARI, PT.",300Mbps Wireless-N AP/Repeater/Router Client,NETIS,WF-2419,,China
1782486583-26,https://sertifikasi.postel.go.id/sertifikat/sertifikat-terbit,14462/I/SDPPI/2013,14 Mei 2013,1889,"CITRADATA PURNAKHARISMA, PT.",Repeater Two Way Radio,Motorola,"CDR500, Freq. 300-400 MHz",,China
1782486583-27,https://sertifikasi.postel.go.id/sertifikat/sertifikat-terbit,10057/I/SDPPI/2013,14 Mei 2013,1889,"CITRADATA PURNAKHARISMA, PT.",Repeater,Motorola,CDR 500,,Malaysia
1782486583-28,https://sertifikasi.postel.go.id/sertifikat/sertifikat-terbit,28835/SDPPI/2013,17 Apr 2013,1774,"MOBILKOM TELEKOMINDO, PT.",Repeater Trunking,ICOM,IC-FR 4000 ( 400 - 430 MHz ),,Japan
1782486583-29,https://sertifikasi.postel.go.id/sertifikat/sertifikat-terbit,28694/SDPPI/2013,02 Apr 2013,2551,"BUANA SELARAS GLOBALINDO, PT.",Tripleband Repeater GSM/DCS/WCDMA,Global Wave,GW-TB-GDW-20,,China
1782486583-30,https://sertifikasi.postel.go.id/sertifikat/sertifikat-terbit,28440/SDPPI/2013,07 Mar 2013,1739,"WAHGO INTERNATIONAL, PT.",Repeater/Base UHF FM Transceiver 400-430 MHz,KENWOOD,NXR-810,,Singapore
1782486583-31,https://sertifikasi.postel.go.id/sertifikat/sertifikat-terbit,28207/SDPPI/2013,22 Feb 2013,4249,"Vektor InfoTek, PT",Repeater Two Way Radio,Motorola,CDR 700 Freq 350-380 MHz,,Malaysia
1782486583-32,https://sertifikasi.postel.go.id/sertifikat/sertifikat-terbit,06938/IISDPPI/2012,26 Des 2012,2440,"GRAHA FATTA, PT.",CDMA Repeater 800 MHz,Sunwave,AC1330A-8,,China
1782486583-33,https://sertifikasi.postel.go.id/sertifikat/sertifikat-terbit,01758/III/SDPPI/2012,07 Nov 2012,1758,"MOTOROLA  SOLUTIONS INDONESIA, PT.",Repeater Two Way Radio,Motorola,CDR 700 Freq 136-174 MHz,,Malaysia
1782486583-34,https://sertifikasi.postel.go.id/sertifikat/sertifikat-terbit,01757/III/SDPPI/2012,07 Nov 2012,1758,"MOTOROLA  SOLUTIONS INDONESIA, PT.",Repeater Two Way Radio,Motorola,CDR 500 Freq 136-174 MHz,,Malaysia
1782486583-35,https://sertifikasi.postel.go.id/sertifikat/sertifikat-terbit,12154/I/SDPPI/2012,16 Okt 2012,1758,"MOTOROLA  SOLUTIONS INDONESIA, PT.",Repeater Trunking,Motorola,"MTS4 TETRA, Freq. 851 to 870 MHz (Tx), 806 to 825 MHz (Rx)",,Malaysia
1782486583-36,https://sertifikasi.postel.go.id/sertifikat/sertifikat-terbit,25116/SDPPI/2012,05 Jul 2012,1798,"CAKRAWALA MULTI KOMUNIKASI PUSAT JAKARTA, PT.",UHF Rack Mount Repeater/Base Station,Vertex Standard,VXR-9000 U A Repeater ( UHF : 400-430 MHz ),,Japan
1782486583-37,https://sertifikasi.postel.go.id/sertifikat/sertifikat-terbit,25117/SDPPI/2012,05 Jul 2012,1798,"CAKRAWALA MULTI KOMUNIKASI PUSAT JAKARTA, PT.",VHF Rack Mount Repeater/Base Station,Vertex Standard,VXR-9000 V A Repeater ( VHF : 134-160 MHz ),,Japan
1782486583-38,https://sertifikasi.postel.go.id/sertifikat/sertifikat-terbit,24747/SDPPI/2012,13 Jun 2012,1774,"MOBILKOM TELEKOMINDO, PT.",Base Repeater,ICOM,IC-F 4103 D (350-400 MHz),,Japan
1782486583-39,https://sertifikasi.postel.go.id/sertifikat/sertifikat-terbit,24208/SDPPI/2012,15 Mei 2012,3196,"INDO J-PRO TECHNOLOGY, PT.",PEMANCAR TELEVISI/REPEATER,AGBE,TBU 1 KS 1 KW UHF TV TRANSMITTER TV SYSTEM,,China
1782486583-40,https://sertifikasi.postel.go.id/sertifikat/sertifikat-terbit,24161/SDPPI/2012,14 Mei 2012,2424,"PRIMA MITRATAMA SEJATI, PT.",GSM1800 Bandwidth Adjustable + WCDMA2100 Bandwith Adjustable Dual Band Repeater,COMBA,RD-7820,,China
1782486583-41,https://sertifikasi.postel.go.id/sertifikat/sertifikat-terbit,24162/SDPPI/2012,14 Mei 2012,2424,"PRIMA MITRATAMA SEJATI, PT.",EGSM900 BANDWIDTH ADJUSTABLE REPEATER,COMBA,RD-9120,,China
1782486583-42,https://sertifikasi.postel.go.id/sertifikat/sertifikat-terbit,23699/SDPPI/2012,10 Apr 2012,2020,"MAESA NUSATAMA, PT.",QUANTAR STATION/ REPEATER,Motorola,C99ED/001C,,United States
1782486583-43,https://sertifikasi.postel.go.id/sertifikat/sertifikat-terbit,22698/SDPPI/2012,12 Jan 2012,1997,"HUAWEI TECH INVESTMENT, PT.",Repeater,WINHAP,WHRS800BF20,,China
1782486583-44,https://sertifikasi.postel.go.id/sertifikat/sertifikat-terbit,22615/SDPPI/2012,09 Jan 2012,1997,"HUAWEI TECH INVESTMENT, PT.",Repeater,WINHAP,WHRS800F,,China
1782486583-45,https://sertifikasi.postel.go.id/sertifikat/sertifikat-terbit,22451/SDPPI/2011,28 Des 2011,3898,"COMBA TELECOM, PT.",Optical Repeater,COMBA,RA2100 R,,China
1782486583-46,https://sertifikasi.postel.go.id/sertifikat/sertifikat-terbit,21094/SDPPI/2011,04 Okt 2011,1759,"ABHIMATA CITRA ABADI, PT.",Repeater,COMBA,SP 2110 WCDMA,,China
1782486583-47,https://sertifikasi.postel.go.id/sertifikat/sertifikat-terbit,20797/SDPPI/2011,15 Sep 2011,2276,"GAJAH MANDALA JAYA, PT.",REPEATER,TAIT,TB8200 FREQ. 380-420MHz,,New Zealand
1782486583-48,https://sertifikasi.postel.go.id/sertifikat/sertifikat-terbit,07317/I/SDPPI/2011,02 Agu 2011,2581,"SINKO PRIMA ALLOY, PT.",Repeater/Penguat Sinyal GSM900 MHz,SYBER,SMA-233,,Indonesia
1782486583-49,https://sertifikasi.postel.go.id/sertifikat/sertifikat-terbit,20045/SDPPI/2011,11 Jul 2011,1801,"TRANSAVIA UTAMA, PT.",REPEATER,DANIELS ELECTRONICS,ANALOG&DIGITAL P25 VHF REPEATER SYSTEM,,Canada
1782486583-50,https://sertifikasi.postel.go.id/sertifikat/sertifikat-terbit,19837/SDPPI/2011,27 Jun 2011,2551,"BUANA SELARAS GLOBALINDO, PT.",Repeater GSM/DCS,XRF Technology,Dual Band Pico Repeater / XRF-DB-900/1800-20,,China
1782486601-1,https://sertifikasi.postel.go.id/sertifikat/sertifikat-terbit,19836/SDPPI/2011,27 Jun 2011,2551,"BUANA SELARAS GLOBALINDO, PT.",Repeater WCDMA2100 (3G),XRF Technology,XRF-WCDMA2100-20,,China
1782486601-2,https://sertifikasi.postel.go.id/sertifikat/sertifikat-terbit,19622/SDPPI/2011,15 Jun 2011,2198,"CIPTA GUNA DATA INFOTEK SOLUSINDO, PT.",Repeater GSM,COILER,Broadband Repeater / TX-2200,,Taiwan
1782486601-3,https://sertifikasi.postel.go.id/sertifikat/sertifikat-terbit,18172/SDPPI/2011,08 Feb 2011,2410,"ALSSA CORPORINDO, PT.",REPEATER,TEAM SIMOCO,TETRA-G Base Station,,United Kingdom
1782486601-4,https://sertifikasi.postel.go.id/sertifikat/sertifikat-terbit,17875/SDPPI/2011,10 Jan 2011,3584,"CONSISTEL INDONESIA, PT.",Repeater Dual Band RF,EYECOM,CR1800-2100-20A-40-SGP,,China
1782486601-5,https://sertifikasi.postel.go.id/sertifikat/sertifikat-terbit,17709/SDPPI/2010,22 Des 2010,2551,"BUANA SELARAS GLOBALINDO, PT.",Repeater CDMA,G WAVE (Global Wave),GW-CDMA800/BS-43,,China
1782486601-6,https://sertifikasi.postel.go.id/sertifikat/sertifikat-terbit,17318/SDPPI/2010,24 Nov 2010,2468,"BAHAGIA GEMILANG MANDIRI, PT.",Repeater UMTS,WRI FiberHome,GZF2100-V,,China
1782486601-7,https://sertifikasi.postel.go.id/sertifikat/sertifikat-terbit,16897/SDPPI/2010,22 Okt 2010,2266,ENGENIUS NETWORKS SINGAPORE PTE LTD,Wireless Access Point/WDS/Repeater,EnGenius,EAP9550,,Taiwan
1782486601-8,https://sertifikasi.postel.go.id/sertifikat/sertifikat-terbit,16738/SDPPI/2010,12 Okt 2010,3011,"ADARO INDONESIA, PT.",Repeater Stations with stretched uprights (2.4 GHz),GroundProbe,REP-146,,Australia
1782486601-9,https://sertifikasi.postel.go.id/sertifikat/sertifikat-terbit,16124/SDPPI/2010,12 Agu 2010,3428,"MITRA CIPTASARANA, PT.",Pico Repeater,YOLYCOM,YLTE-G900-PICO17SMA,,China
1782486601-10,https://sertifikasi.postel.go.id/sertifikat/sertifikat-terbit,16135/SDPPI/2010,12 Agu 2010,2020,"MAESA NUSATAMA, PT.",REPEATER,Motorola,C99ED/002C,,United States
1782486601-11,https://sertifikasi.postel.go.id/sertifikat/sertifikat-terbit,16136/SDPPI/2010,12 Agu 2010,2020,"MAESA NUSATAMA, PT.",Repeater Two Way Radio,Motorola,Mototrbo Repeater / XiR™ R8200,,Malaysia
1782486601-12,https://sertifikasi.postel.go.id/sertifikat/sertifikat-terbit,15998/SDPPI/2010,03 Agu 2010,2236,"SURYA CITRA NATA BUANA, PT.",REPEATER,Motorola,MOTOTRBO XiR™ R8200,,Malaysia
1782486601-13,https://sertifikasi.postel.go.id/sertifikat/sertifikat-terbit,15975/SDPPI/2010,02 Agu 2010,3352,"MAXIMA CIPTA INTEGRASI, PT.",CDMA 1900 10 ICS Wb Repeater,Sunnada,WR-ICS-1910/40A/BW10Q1985V7.0,,China
1782486601-14,https://sertifikasi.postel.go.id/sertifikat/sertifikat-terbit,15790/POSTEL/2010,16 Jul 2010,2398,"TELEKOMUNIKASI INDONESIA Tbk,. PT.",Repeaterless Transmission System,NEC,SLR320SW,,Japan
1782486601-15,https://sertifikasi.postel.go.id/sertifikat/sertifikat-terbit,15482/SDPPI/2010,25 Jun 2010,1774,"MOBILKOM TELEKOMINDO, PT.",Repeater,Motorola,MTR2000 Freq. 132-174 MHz,,United States
1782486601-16,https://sertifikasi.postel.go.id/sertifikat/sertifikat-terbit,15487/SDPPI/2010,25 Jun 2010,1889,"CITRADATA PURNAKHARISMA, PT.",Repeater Two Way Radio,Motorola,"MTR 2000, Freq. 350 MHz (Compentional)",,United States
1782486601-17,https://sertifikasi.postel.go.id/sertifikat/sertifikat-terbit,15222/SDPPI/2010,01 Jun 2010,2276,"GAJAH MANDALA JAYA, PT.",REPEATER,TAIT,TB7100 FREQ. 136-174MHz,,New Zealand
1782486601-18,https://sertifikasi.postel.go.id/sertifikat/sertifikat-terbit,15105/SDPPI/2010,18 Mei 2010,1291,"PANORAMA TIMUR JAYA, PT.",Repeater Station,Sapura Thales Electronics,RPT-01,,Malaysia
1782486601-19,https://sertifikasi.postel.go.id/sertifikat/sertifikat-terbit,15028/SDPPI/2010,17 Mei 2010,1312,NEC Corporation,Repeaterless Transmission System,NEC,SLR320SW,,Japan
1782486601-20,https://sertifikasi.postel.go.id/sertifikat/sertifikat-terbit,14787/SDPPI/2010,16 Apr 2010,2058,"ROHDE & SCHWARZ INDONESIA, PT.",Repeater Base Station,Rohde & Schwarz,Portable TETRA System / ACCESSNET® -T Cube,,Germany
1782486601-21,https://sertifikasi.postel.go.id/sertifikat/sertifikat-terbit,14607/SDPPI/2010,31 Mar 2010,2285,"NETWAVE MAJU ABADI, PT.",Repeater GSM,WRI FiberHome,GZF900-V,,China
1782486601-22,https://sertifikasi.postel.go.id/sertifikat/sertifikat-terbit,14606/SDPPI/2010,31 Mar 2010,2285,"NETWAVE MAJU ABADI, PT.",Repeater GSM,WRI FiberHome,GZF1800-V,,China
1782486601-23,https://sertifikasi.postel.go.id/sertifikat/sertifikat-terbit,14605/SDPPI/2010,31 Mar 2010,2285,"NETWAVE MAJU ABADI, PT.",Repeater UMTS,WRI FiberHome,GZF2100-V,,China
1782486601-24,https://sertifikasi.postel.go.id/sertifikat/sertifikat-terbit,14490/SDPPI/2010,22 Mar 2010,2398,"TELEKOMUNIKASI INDONESIA Tbk,. PT.",Terrestrial Repeater,FUJITSU,FLASHWAVE S140,,Japan
1782486601-25,https://sertifikasi.postel.go.id/sertifikat/sertifikat-terbit,14154/SDPPI/2010,12 Feb 2010,1758,"MOTOROLA INDONESIA, PT.",Repeater Two Way Radio,Motorola,MTR2000 UHF (410-430 MHz),,United States
1782486601-26,https://sertifikasi.postel.go.id/sertifikat/sertifikat-terbit,14098/SDPPI/2010,04 Feb 2010,2276,"GAJAH MANDALA JAYA, PT.",Repeater Trunking,TAIT,TB 9100 (762-870 MHz),,New Zealand
1782486601-27,https://sertifikasi.postel.go.id/sertifikat/sertifikat-terbit,13880/SDPPI/2010,19 Jan 2010,3188,"SEKAWAN ABADI PRIMA, PT.",Repeater BTS,ADC,FlexWave Prism,,United States
1782486601-28,https://sertifikasi.postel.go.id/sertifikat/sertifikat-terbit,13612/POSTEL/2009,21 Des 2009,3205,"GUNANUSA UTAMA FABRICATORS, PT.",Repeater,Motorola,"CDR 500, Freq. 136-174 MHz",,Malaysia
1782486601-29,https://sertifikasi.postel.go.id/sertifikat/sertifikat-terbit,11540/POSTEL/2009,04 Jun 2009,1759,"ABHIMATA CITRA ABADI, PT.",GSM Repeater,Powercom,SCR-R320C-500/6.8M/R/ID,,China
1782486601-30,https://sertifikasi.postel.go.id/sertifikat/sertifikat-terbit,11451/POSTEL/2009,29 Mei 2009,1758,"MOTOROLA INDONESIA, PT.",Repeater,Motorola,Quantar Freq. 403-433 MHz,,United States
1782486601-31,https://sertifikasi.postel.go.id/sertifikat/sertifikat-terbit,11382/POSTEL/2009,22 Mei 2009,2296,"SURYAJAYA TEKNOTAMA, PT.","Mini Repeater 1818, 2G 1800 Repeater with output power 18 dBm @1 channel include PSU (Power Supply U",Andrew,MR1818U,,Germany
1782486601-32,https://sertifikasi.postel.go.id/sertifikat/sertifikat-terbit,11384/POSTEL/2009,22 Mei 2009,1865,"HALILINTAR LINTAS SEMESTA, PT.",GSM Cell-Phone Repeater,HLS,Coverage AT601T,,China
1782486601-33,https://sertifikasi.postel.go.id/sertifikat/sertifikat-terbit,11334/POSTEL/2009,15 Mei 2009,2701,"KNI INTERNATIONAL, PT.",Repeater,BcNE,CDMA 10mW Micro Repeater,,"Korea, Republic Of"
1782486601-34,https://sertifikasi.postel.go.id/sertifikat/sertifikat-terbit,11157/POSTEL/2009,05 Mei 2009,2701,"KNI INTERNATIONAL, PT.",Repeater,BcNE,GSM 10mW Micro Repeater,,"Korea, Republic Of"
1782486601-35,https://sertifikasi.postel.go.id/sertifikat/sertifikat-terbit,10716/POSTEL/2009,01 Apr 2009,1312,NEC Corporation,Repeaterless Transmission System,NEC,SLR160M,,Japan
1782486601-36,https://sertifikasi.postel.go.id/sertifikat/sertifikat-terbit,10584/POSTEL/2009,19 Mar 2009,2424,"PRIMA MITRATAMA SEJATI, PT.",Band Adjustable Pico Repeater,COMBA,SP-2110,,Hong Kong
1782486601-37,https://sertifikasi.postel.go.id/sertifikat/sertifikat-terbit,10437/POSTEL/2009,06 Mar 2009,1312,NEC Corporation,Terrestrial Repeater,NEC,TR640SW,,Japan
1782486601-38,https://sertifikasi.postel.go.id/sertifikat/sertifikat-terbit,09913/POSTEL/2009,22 Jan 2009,2266,ENGENIUS NETWORKS SINGAPORE PTE LTD,Wireless Outdoor AP/Repeater/WDS,EnGenius,EAP-3660,,Taiwan
1782486601-39,https://sertifikasi.postel.go.id/sertifikat/sertifikat-terbit,09788/POSTEL/2009,16 Jan 2009,2838,"KUNCI KENCANA, PT.",Repeater CDMA,GUANRI,RPT 933 : CDMA 800 RF Repeater,,China
1782486601-40,https://sertifikasi.postel.go.id/sertifikat/sertifikat-terbit,09624/POSTEL/2008,31 Des 2008,2297,"RADIO MANGGIS, PT.",Pemancar Radio Siaran/Repeater,R.V.R,VJ 1000 HP With TEX 30 LCD/S Exciter,,Italy
1782486601-41,https://sertifikasi.postel.go.id/sertifikat/sertifikat-terbit,09168/POSTEL/2008,05 Des 2008,1832,"ADYAWINSA DINAMIKA, PT.",Pico Repeater GSM 900 MHz,WTW JAPAN,TU-G9-1970I-026,,Japan
1782486601-42,https://sertifikasi.postel.go.id/sertifikat/sertifikat-terbit,08028/POSTEL/2008,12 Sep 2008,2236,"SURYA CITRA NATA BUANA, PT.",BS Repeater,Teltronic,Nebula Infrastructure,,Spain
1782486601-43,https://sertifikasi.postel.go.id/sertifikat/sertifikat-terbit,07736/POSTEL/2008,19 Agu 2008,2205,"FUJITSU INDONESIA, PT.",ICS Repeater,Fujitsu Network Solutions Limited-Airpoint,ICS-W20,,"Korea, Republic Of"
1782486601-44,https://sertifikasi.postel.go.id/sertifikat/sertifikat-terbit,07320/POSTEL/2008,02 Jul 2008,1832,"ADYAWINSA DINAMIKA, PT.",REPEATER 3G,WTW JAPAN,TU-IMT0770I,,Japan
1782486601-45,https://sertifikasi.postel.go.id/sertifikat/sertifikat-terbit,07153/POSTEL/2008,16 Jun 2008,2236,"SURYA CITRA NATA BUANA, PT.",Base Station/Repeater,Teltronic,TR-1000/Frequency 138-181 MHz,,Spain
1782486601-46,https://sertifikasi.postel.go.id/sertifikat/sertifikat-terbit,07023/POSTEL/2008,02 Jun 2008,1564,"MODULAR MINING INDONESIA, PT.",BS Repeater,TAIT,TB7100,,New Zealand
1782486601-47,https://sertifikasi.postel.go.id/sertifikat/sertifikat-terbit,06847/POSTEL/2008,13 Mei 2008,2032,"MASTER KARYA NUSA, PT.",Shifting Repeater,Sunnada,FM-410/43 (Freq. 450 MHz),,China
1782486601-48,https://sertifikasi.postel.go.id/sertifikat/sertifikat-terbit,06584/POSTEL/2008,02 Apr 2008,2032,"MASTER KARYA NUSA, PT.",Pico Repeater,Sunnada,WR2110/17 (Freq. 2100 MHz),,China
