web_scraper_order,web_scraper_start_url,data,data2,data3,image
1782458402-1,https://www.tokopedia.com/pusatht-official-store/product,Rp2950000,Radio HT Handy Talky MagOne by Motorola X10d Analog Digital DMR VHF / UHF Mag One Garansi resmi,Hemat s.d  5% Pakai Bonus,https://drive.google.com/file/d/1MxkRT46TVmruVlJCVhr3PEcTwJ6_z_C6/view?usp=drive_link
1782458402-2,https://www.tokopedia.com/pusatht-official-store/product,Rp2900000,Radio HT ICOM IC-V88 VHF Walkie Talkie 5W Output Power IP67 Resmi Garansi 1 Tahun Antena,Hemat s.d  5% Pakai Bonus,https://drive.google.com/file/d/1IVdzawVByV0i1Sb1Yoz8egSlSzy5HQ1T/view?usp=drive_link
1782458402-3,https://www.tokopedia.com/pusatht-official-store/product,Rp65000000,Radio HF / SSB/ Base Station Marine Kapal ICOM IC-GM800 GM 800 VHF MARINE TRANSCEIVER satu Paket dengan AT-141 Dan OPC-1465 Garansi Resmi 1 Tahun IPX7 100% ORIGINAL,Hemat s.d  5% Pakai Bonus,https://drive.google.com/file/d/1l3SR3TQu6mNZuZ3n8EXRUo0Cd1pJJKdA/view?usp=drive_link
1782458402-4,https://www.tokopedia.com/pusatht-official-store/product,Rp60000000,Radio HF / SSB/ Base Station Marine Kapal ICOM IC-M804 M 804 VHF MARINE TRANSCEIVER satu Paket dengan AT-141 Dan OPC-1465 Garansi Resmi 1 Tahun IPX7 100% ORIGINAL,Hemat s.d  5% Pakai Bonus,https://drive.google.com/file/d/1OUPMlNc-noOB9S200WeWD-kPujdz4H5i/view?usp=drive_link
1782458402-5,https://www.tokopedia.com/pusatht-official-store/product,Rp750000,Radio HT Handy Talkie Berlin BL-968 BL 968 VHF & UHF Dual Band Output 10 Watt IP68 Original,Hemat s.d  5% Pakai Bonus,https://drive.google.com/file/d/1JwIBwD9zJZM0XIQFeKK4IvvOMY29pD1u/view?usp=drive_link
1782458402-6,https://www.tokopedia.com/pusatht-official-store/product,Rp14995000,Radio HF / SSB / Base Station ICOM IC-718 HF ALL BAND TRANSCEIVER Original Garansi,Hemat s.d  5% Pakai Bonus,https://drive.google.com/file/d/1po1Bc43vVqUcQXT_2onboBeHKXSuJPsn/view?usp=drive_link
1782458402-7,https://www.tokopedia.com/pusatht-official-store/product,Rp38622000,Repeater Kenwood NXR-1800 NXR 1800 UHF DMR 40 Watt Garansi  Resmi Indonesia,Hemat s.d  8% Pakai Bonus,https://drive.google.com/file/d/1EFy3SE2wnf_e3LGEpPpj6aFp8szFwm4k/view?usp=drive_link
1782458402-8,https://www.tokopedia.com/pusatht-official-store/product,Rp38622000,Repeater Kenwood NXR-1700 NXR 1700 VHF DMR 50 Watt Garansi  Resmi Indonesia,Hemat s.d  8% Pakai Bonus,https://drive.google.com/file/d/1zQJoogaxJbifFcSK_tuvqnQzuvGK8-OT/view?usp=drive_link
1782458402-9,https://www.tokopedia.com/pusatht-official-store/product,Rp5415000,Radio RiG Mobiel Base Kenwood NX-1800HD NX 1800HD UHF Digital 45 Watt Garansi  Resmi Indonesia,Hemat s.d  5% Pakai Bonus,https://drive.google.com/file/d/1ECBv1XfiUhHWtNK08cjRNHY8sam-KZdK/view?usp=drive_link
1782458402-10,https://www.tokopedia.com/pusatht-official-store/product,Rp5415000,Radio RiG Mobiel Base Kenwood NX-1700HD NX 1700HD VHF Digital 50 Watt Garansi  Resmi Indonesia,Hemat s.d  5% Pakai Bonus,https://drive.google.com/file/d/1NvLvu2yIRktOMkAhLhk9ZOsfXxlt_B6y/view?usp=drive_link
1782669556-1,https://shopee.co.id/motorola_telekomunikator#product_list,Rp70000,Motorola versi baru K head air duct walkie-talkie headset cocok untuk C51 C1,-0.5,https://drive.google.com/file/d/1PSqVlAgp3Whg3Hsg0NAodN65EpqpOLZF/view?usp=drive_link
1782669556-2,https://shopee.co.id/motorola_telekomunikator#product_list,Rp62000,Motorola versi baru K head air duct walkie-talkie headset cocok untuk C51 C1,-0.5,https://drive.google.com/file/d/1k6IrVSNytGyLf8AJ_pdGgga8EgBiVe7m/view?usp=drive_link
1782669556-3,https://shopee.co.id/motorola_telekomunikator#product_list,Rp595000,HT Motorola GP338 Plus Walkie Talkie Handy Talky outdoor 15Watt 20KM FM radio copy frequency Garansi 12 bulan,-0.46,https://drive.google.com/file/d/1sN-Wl2-u8EvaI5CloF_toneXvBjs2teA/view?usp=drive_link
1782669556-4,https://shopee.co.id/motorola_telekomunikator#product_list,Rp377000,HT Motorola R7plus / MOTOROLA Handy Talky Radio HT/ 10Watt IP54 9800MaH Antena Radio HT TWO WAY Radio HT Walkie Talkie Walky,-0.37,https://drive.google.com/file/d/1VkSKlGzysA9FyPuGxAKcgerCBCz45IXY/view?usp=drive_link
1782669556-5,https://shopee.co.id/motorola_telekomunikator#product_list,Rp635000,HT Motorola 370plus IP68 Tahan Air Walkie-Talkie with 20KM Range and Full Band Support - Type-C Fast Charging Ideal for Large Areas Like Palm Tree Farms,>90% off,https://drive.google.com/file/d/1aCkZEMjD6i94e5-3qF3941uuThshPZl7/view?usp=drive_link
1782669556-6,https://shopee.co.id/motorola_telekomunikator#product_list,Rp625000,HT Motorola GP450 IP68 Tahan Air Walkie-Talkie with 20KM Range and Full Band Support - Type-C Fast Charging Ideal for Large Areas Like,-0.52,https://drive.google.com/file/d/1JZGNetVnJIQ9T6W_zai2uyUC3_rm6w5A/view?usp=drive_link
1782669556-7,https://shopee.co.id/motorola_telekomunikator#product_list,Rp386000,HT Motorola GP308 / MOTOROLA Handy Talky Radio HT/ 10Watt IP54 9800MaH Antena Radio HT TWO WAY Radio HT Walkie Talkie Walky,-0.23,https://drive.google.com/file/d/1Vm3OX4MG2TjVPVjjOf-PfzFJv78xhYBX/view?usp=drive_link
1782669556-8,https://shopee.co.id/motorola_telekomunikator#product_list,Rp456000,HT motolola Two Way Radio Walkie Talkie Dual Band long range 10KM Original Motolola High Power 10Watt High Capacity 6800mAh,-0.49,https://drive.google.com/file/d/1WL-8ASE7LWwPuaGu5wnLeltxzLvNG5I3/view?usp=drive_link
1782669556-9,https://shopee.co.id/motorola_telekomunikator#product_list,Rp765000,HT motorola Two Way Radio Walkie Talkie Dual Band long range 10KM Original Motorola GT-13 High Power 10Watt High Capacity 6800mAh,-0.57,https://drive.google.com/file/d/1aH44iMKZ_qo2VO4jY6Tz5zN8HNvHLzVd/view?usp=drive_link
1782669556-10,https://shopee.co.id/motorola_telekomunikator#product_list,Rp427000,[Memberikan Headphone]HT Motorola R7plus / MOTOROLA Handy Talky Radio HT/ 10Watt IP54 9800MaH Antena Radio HT TWO WAY Radio HT Walkie Talkie Walky,>90% off,https://drive.google.com/file/d/1WwSqifA-7zIpyAUrWOS__cjxAbl2xNHG/view?usp=drive_link
1782669556-11,https://shopee.co.id/motorola_telekomunikator#product_list,Rp70000,Motorola T66 Headphone khusus Hanya cocok untuk radio T66,-0.5,https://drive.google.com/file/d/1FlqEhPifhoDJ1GVKVAQqSFc1lzcR7a-X/view?usp=drive_link
1782669556-12,https://shopee.co.id/motorola_telekomunikator#product_list,Rp278000,【4PCS】BF 888s Walkie Talkie Jarak Jauh 10km(Max) 2800mAH HT Wlan UHF 2 Units Handy Talky Waterproof Portable With Charger / Headset,-0.31,https://drive.google.com/file/d/1rHSFQhv0bhk9EdnF8ShIoY9qpcbGa2pK/view?usp=drive_link
1782669556-13,https://shopee.co.id/motorola_telekomunikator#product_list,Rp386000,[4unit]HT Motorola GP308 / MOTOROLA Handy Talky Radio HT/ 10Watt IP54 9800MaH Antena Radio HT TWO WAY Radio HT Walkie Talkie Walky,-0.23,https://drive.google.com/file/d/1rewCgUnxRivxMo4zzf9adsUceFFdeK1O/view?usp=drive_link
1782669556-14,https://shopee.co.id/motorola_telekomunikator#product_list,Rp655000,HT Motorola T68 POC GLOBAL OSAKA SIMCARD PERMANEN WALKIE TALKIE,-0.53,https://drive.google.com/file/d/1uUmPugaWnJEhIpi_oHpP0-Ada5RWJf_o/view?usp=drive_link
1782669556-15,https://shopee.co.id/motorola_telekomunikator#product_list,Rp966000,HT Motorola GT-15 IP68 Tahan Air Walkie-Talkie with 20KM Range and Full Band Support Fast Charging Ideal for Large Areas Like Palm Tree Farms,-0.52,https://drive.google.com/file/d/1felsFYSu0zrfPaWf-UHybdUXor-jlzGs/view?usp=drive_link
1782669556-16,https://shopee.co.id/motorola_telekomunikator#product_list,Rp346000,mini HT Walkie-Talkie MOTOROLA C16 Baterai 9800mAh 120 hours standby radio 400-470MHZ Portable walkie-talkie,-0.42,https://drive.google.com/file/d/1wako2dKilZVWWIUjwV0SWBiQZs20ll4i/view?usp=drive_link
1782669556-17,https://shopee.co.id/motorola_telekomunikator#product_list,Rp366000,[2 PCS]mini HT Walkie-Talkie MOTOROLA M8 Baterai 9800mAh 120 hours standby radio 400-470MHZ Portable walkie-talkie,-0.54,https://drive.google.com/file/d/1OgFzogIVqvjuwwfYm4LJc5k1Xa04mhVZ/view?usp=drive_link
1782669556-18,https://shopee.co.id/motorola_telekomunikator#product_list,Rp595000,Motolola HT Walkie Talkie Mini Jarak jauh 15KM Walky Talky Dual band Ganda PTT Saluran 199 Kekuatan tinggi,-0.5,https://drive.google.com/file/d/1OGNaMzy8lfypopRP8rX2XAK3Xws1ulfG/view?usp=drive_link
1782669556-19,https://shopee.co.id/motorola_telekomunikator#product_list,Rp298000,[Beli 1 Mengirim]mini HT Walkie-Talkie MOTOLOLA Baterai 9800mAh 120 hours standby radio 400-470MHZ Portable walkie-talkie,-0.5,https://drive.google.com/file/d/1-uJJe5mFmcqZawz9nx4SyrKXeIW7tyKC/view?usp=drive_link
1782669556-20,https://shopee.co.id/motorola_telekomunikator#product_list,Rp595000,HT Motorola T66 POC GLOBAL OSAKA SIMCARD PERMANEN WALKIE TALKIE,-0.4,https://drive.google.com/file/d/1QIqm-_OOjFUTlhdZloppjtUPlw7NByj3/view?usp=drive_link
1782669556-21,https://shopee.co.id/motorola_telekomunikator#product_list,Rp436000,[Memberikan Headphone]HT Motorola GP308 / MOTOROLA Handy Talky Radio HT/ 10Watt IP54 9800MaH Antena Radio HT TWO WAY Radio HT Walkie Talkie Walky,-0.27,https://drive.google.com/file/d/11vhgG4a6OPIRG1hcmAdAc26XAYGHsVRh/view?usp=drive_link
1782669556-22,https://shopee.co.id/motorola_telekomunikator#product_list,Rp346000,[Memberikan Headphone]mini HT Walkie-Talkie MOTOROLA Baterai 9800mAh 120 hours standby radio 400-470MHZ Portable walkie-talkie,-0.42,https://drive.google.com/file/d/1bGQTOYQ2CQ1k90_vQefORFpKRaPZKme0/view?usp=drive_link
1782669556-23,https://shopee.co.id/motorola_telekomunikator#product_list,Rp108000,Original TR-1 TR-2 Walkie-Talkie Antenna High Gain Dual Band Extendable Antenna UHF/VHF Antenna,-0.46,https://drive.google.com/file/d/108HL1Q0U-hpCBXNyASPJIWJbVWP7d-tl/view?usp=drive_link
1782669556-24,https://shopee.co.id/motorola_telekomunikator#product_list,Rp831000,【6PCS】BF 888s Walkie Talkie Jarak Jauh 10km(Max) 2800mAH HT Wlan UHF 2 Units Handy Talky Waterproof Portable With Charger / Headset,-0.31,https://drive.google.com/file/d/1x7tHaLd7KZRRCzoq8i-iJMQeegBdiqwb/view?usp=drive_link
1782669556-25,https://shopee.co.id/motorola_telekomunikator#product_list,Rp366000,[2 PCS]mini HT Walkie-Talkie MOTOROLA M3 Baterai 9800mAh 120 hours standby radio 400-470MHZ Portable walkie-talkie,-0.48,https://drive.google.com/file/d/1emGsz9-gvaW-GHMy0Ov63xegPZdAGqpL/view?usp=drive_link
1782669556-26,https://shopee.co.id/motorola_telekomunikator#product_list,Rp487000,HT motolola Two Way Radio Walkie Talkie Dual Band long range 20KM Original Motorola High Power 20Watt High Capacity 6800mAh,-0.51,https://drive.google.com/file/d/1ZJfrjqPWKR_uLb-byq3E26IBYwPShR3T/view?usp=drive_link
1782669556-27,https://shopee.co.id/motorola_telekomunikator#product_list,Rp366000,mini HT Walkie-Talkie MOTOROLA M8 Baterai 9800mAh 120 hours standby radio 400-470MHZ Portable walkie-talkie,-0.54,https://drive.google.com/file/d/1FsT2VCD3PqlUKmKN88GYX3KfLmJMNKMe/view?usp=drive_link
1782669556-28,https://shopee.co.id/motorola_telekomunikator#product_list,Rp278000,BF 888s Walkie Talkie Jarak Jauh 10km(Max) 2800mAH HT Wlan UHF 2 Units Handy Talky Waterproof Portable With Charger / Headset,-0.31,https://drive.google.com/file/d/1y-ws33plxQm958ZBOesEY8U0CrWXy0bY/view?usp=drive_link
1782669556-29,https://shopee.co.id/motorola_telekomunikator#product_list,Rp366000,[6 PCS]mini HT Walkie-Talkie MOTOROLA M8 Baterai 9800mAh 120 hours standby radio 400-470MHZ Portable walkie-talkie,-0.54,https://drive.google.com/file/d/1XXjFMbqdmozNIP4FwVCugxTwiW0V1urA/view?usp=drive_link
1782669556-30,https://shopee.co.id/motorola_telekomunikator#product_list,Rp366000,[4 PCS]mini HT Walkie-Talkie MOTOROLA M8 Baterai 9800mAh 120 hours standby radio 400-470MHZ Portable walkie-talkie,-0.54,https://drive.google.com/file/d/1Z61GbiEyQTqND-GztWHE5Lf18X3rbuAL/view?usp=drive_link
1782670613-1,https://shopee.co.id/glodok_ht_murah#product_list,Rp175000,CASING HT FIRTSCOM FC 27,,https://drive.google.com/file/d/1nwmzDqraN1t_m99Tr3hWpR1buW24fdEW/view?usp=drive_link
1782670613-2,https://shopee.co.id/glodok_ht_murah#product_list,Rp125000,BATTERY HT FIRSCOM TYPE FC27,,https://drive.google.com/file/d/1C_xbuwkG2ZRL_t35fOH2I19nY5aLhAYm/view?usp=drive_link
1782670613-3,https://shopee.co.id/glodok_ht_murah#product_list,Rp200000,BATTERY HT MOTOROLA GP2000 NICAD,,https://drive.google.com/file/d/1ebeBtDB0ieXWSoPT5rV5MInvfyKH0USs/view?usp=drive_link
1782670613-4,https://shopee.co.id/glodok_ht_murah#product_list,Rp175000,BATTERY HT ALINCO TYPE EBP 88 DJ W10/DJ A10,,https://drive.google.com/file/d/1SbcnDk_LqbLAwZnfun1snLPnVT6vNwnR/view?usp=drive_link
1782670613-5,https://shopee.co.id/glodok_ht_murah#product_list,Rp1750000,HT MERK WOUXUN TYPE  9D UPGRADE 7 BAND,,https://drive.google.com/file/d/1s1EbDrBar63q0ArdC_iO696KtbtQ-34W/view?usp=drive_link
1782670613-6,https://shopee.co.id/glodok_ht_murah#product_list,Rp1050000,HT MERK HYT TYPE TC-508 VHF 136-174 MHZ SINGLEBAND,,https://drive.google.com/file/d/1-YF838ny00owh9h1Oob9cBLgD86x-OKy/view?usp=drive_link
1782670613-7,https://shopee.co.id/glodok_ht_murah#product_list,Rp1150000,HT MERK ALINCO TYPE DJ-18 VHF 136-174 MHZ SINGLE BAND,,https://drive.google.com/file/d/1fWeCHxRq8KnePQ2AqSfG1UTG8dQJgLKD/view?usp=drive_link
1782670613-8,https://shopee.co.id/glodok_ht_murah#product_list,Rp750000,HT MERK ICOM TYPE IC-V88 SINGELBAND,,https://drive.google.com/file/d/1ZfmNJAeMR8lVVFr5WKCQWSnVE7nfrAXp/view?usp=drive_link
1782670613-9,https://shopee.co.id/glodok_ht_murah#product_list,Rp1540000,HT MERK ICOM TYPE IC M-36 MARINE VHF,,https://drive.google.com/file/d/1MzPIiahDiwZqOhKzwQ5LkLMq9agN8A97/view?usp=drive_link
1782670613-10,https://shopee.co.id/glodok_ht_murah#product_list,Rp750000,HT MERK WEIRWEI TYPE UV9 TRI,,https://drive.google.com/file/d/1v3m2ue8WjkhWUgUsgygEOm6HOLi-fHD_/view?usp=drive_link
1782670613-11,https://shopee.co.id/glodok_ht_murah#product_list,Rp4950000,HT MERK MOTOROLA TYPE XIR-P3688 UHF LOW 350-400MHZ SINGLE BAND,,https://drive.google.com/file/d/1_lhuN9KldW7UU-MLdpaktWqmCGw32Zzc/view?usp=drive_link
1782670613-12,https://shopee.co.id/glodok_ht_murah#product_list,Rp200000,BATTERY HT TYPE ALINCO CRX5/CRX1 EB-92,,https://drive.google.com/file/d/1HY80_hxptBFupdmTESSNRZ0Amjs5QJVb/view?usp=drive_link
1782670613-13,https://shopee.co.id/glodok_ht_murah#product_list,Rp2100000,HT MERK MOTOROLA TYPE CP-1660 SINGEL BAND VHF 136-174 MHZ,,https://drive.google.com/file/d/1o4XDCofO2PMN3JupU2VqWLakn6jJHn8g/view?usp=drive_link
1782670613-14,https://shopee.co.id/glodok_ht_murah#product_list,Rp1425000,HT MERK ICOM TYPE IC-V80 SINGEL BAND,,https://drive.google.com/file/d/1ZbUc6QXqM-dgTjuiHqN-SUWISHbIIRXH/view?usp=drive_link
1782670613-15,https://shopee.co.id/glodok_ht_murah#product_list,Rp100000,BATTERYHT BAOFENG 6R ATAU WEIRCOM UV5758 ATAU SOSIN CH688 ATAU SPC10,,https://drive.google.com/file/d/1JLhfbuqIquYf3jUQBSEP1lU6aEADTIcU/view?usp=drive_link
1782670613-16,https://shopee.co.id/glodok_ht_murah#product_list,Rp3750000,HT MERK YAESU TYPE UX-6R DUAL SINGELBAND,,https://drive.google.com/file/d/1JHkXIMmRaOkkB-pJd7GL9UG_F7O9XAu7/view?usp=drive_link
1782670613-17,https://shopee.co.id/glodok_ht_murah#product_list,Rp600000,HT BAOFENG TYPE BF-A58 WATERPROOF DUALBAND,,https://drive.google.com/file/d/1KeCLNL8dpL1rbis8cCYsaAiPGC4plkVm/view?usp=drive_link
1782670613-18,https://shopee.co.id/glodok_ht_murah#product_list,Rp550000,HT MERK RAFION TYPE RT-18 VHF 136-174 MHZ SINGLEBAND,,https://drive.google.com/file/d/15yFuMIT5zpO8YEnb12cSjPCktqbcz7NG/view?usp=drive_link
1782670613-19,https://shopee.co.id/glodok_ht_murah#product_list,Rp750000,HT MERK WEIRWEI V-16 DUALBAND,,https://drive.google.com/file/d/1zk-chKlIUo7EGsmBNyKJNv2dVI5Rk0hB/view?usp=drive_link
1782670613-20,https://shopee.co.id/glodok_ht_murah#product_list,Rp10000,KLIP HT BAOFENG UV5R WEIRCOM,,https://drive.google.com/file/d/1UnzyCRD38eGZhd2DdIdr3dxY1-TP1QWX/view?usp=drive_link
1782670613-21,https://shopee.co.id/glodok_ht_murah#product_list,Rp525000,HT MERK REDEL TYPE DL-9108 DUALBAND,,https://drive.google.com/file/d/1Eki51pa_cqfm1zzZ5ecTjjkqvM_daiGQ/view?usp=drive_link
1782670613-22,https://shopee.co.id/glodok_ht_murah#product_list,Rp600000,HT MERK WEIRWEI TYPE UV5R DUALBAND,,https://drive.google.com/file/d/1igSgwpe75pUqAslKGUSDz9BopNoAHazE/view?usp=drive_link
1782670613-23,https://shopee.co.id/glodok_ht_murah#product_list,Rp1800000,HT ALINCO VHF MARINE DJ-MX1,,https://drive.google.com/file/d/1UIYVbrc-pGuhG-Kz15obujr0p-AEbn4J/view?usp=drive_link
1782670613-24,https://shopee.co.id/glodok_ht_murah#product_list,Rp575000,HT MERK FIRSTCOM TYPE FC 27 DUALBAND,,https://drive.google.com/file/d/1ixxhzXWKpJVuJ7_YzjVrf3P9V1vVUnB2/view?usp=drive_link
1782670613-25,https://shopee.co.id/glodok_ht_murah#product_list,Rp400000,HT MERK WEIRCOM TYPE UV-5758 DUALBAND,,https://drive.google.com/file/d/1Sex88ChQdj0K3CAFPqC6eGk09STIgL88/view?usp=drive_link
1782670613-26,https://shopee.co.id/glodok_ht_murah#product_list,Rp600000,HT MERK WEIRWEI UV-6R DUAL BAND,,https://drive.google.com/file/d/1nJS3xkmrIzwBWWG487_p2TeD02pFhZyy/view?usp=drive_link
1782670613-27,https://shopee.co.id/glodok_ht_murah#product_list,Rp675000,HT MERK BAOFENG TYPE GT-3TP TRI POWER 8WATT DUALBAND,,https://drive.google.com/file/d/1uP4tQu84vxM-W4ZExMtTy2QqQ4eAxqGs/view?usp=drive_link
1782670613-28,https://shopee.co.id/glodok_ht_murah#product_list,Rp200000,HT MERK BAOFENG TYPE BF-888S SINGELBAND UHF 400-470 MHZ,,https://drive.google.com/file/d/1ZCTrAi17KWiXU9LFeZO6gvRaIdAkbPEx/view?usp=drive_link
1782670613-29,https://shopee.co.id/glodok_ht_murah#product_list,Rp500000,HT MERK REDEL TYPE DL-5108 DUALBAND,,https://drive.google.com/file/d/1DAsFbJs5zg8yP5WJ0tB9aPSH2clbzhFf/view?usp=drive_link
1782670613-30,https://shopee.co.id/glodok_ht_murah#product_list,Rp1250000,HT MERK ALINCO TUPE DJ-W58 DUALBAND,,https://drive.google.com/file/d/17-SVgahdfQ5ENjMIdq1e6cMJUkUQRIok/view?usp=drive_link
1782791292-1,https://shopee.co.id/baofeng.official#product_list,Rp575000,BAOFENG BF-H6 (10W) Walkie Talkie,Grosir,https://drive.google.com/file/d/1DqekOdao4ZZeMy1hWOT42LUi8gIbKfCU/view?usp=drive_link
1782791292-2,https://shopee.co.id/baofeng.official#product_list,Rp380000,BAOFENG BF-888S Set 2 Unit (2W) Walkie Talkie,Grosir,https://drive.google.com/file/d/1QQ61bwd91JEe9p6KX-ZhPlFS4pVjnJ_7/view?usp=drive_link
1782791292-3,https://shopee.co.id/baofeng.official#product_list,Rp500000,BAOFENG UV-5R (8W) Walkie Talkie,Grosir,https://drive.google.com/file/d/1uSGssz4DdH3eUeUqwtc0xtl-KYkUbtGp/view?usp=drive_link
1782791292-4,https://shopee.co.id/baofeng.official#product_list,Rp190000,BAOFENG BF-888S (2W) Walkie Talkie,Grosir,https://drive.google.com/file/d/1fhfSfA90cnZQ_Ej9hEfrht4xeB4q_usw/view?usp=drive_link
1782791292-5,https://shopee.co.id/baofeng.official#product_list,Rp40000,BAOFENG Earphone/Headset,,https://drive.google.com/file/d/142M3mUcZLXJ2Az6VgLmtLtRQNp-lEXdP/view?usp=drive_link
1782791292-6,https://shopee.co.id/baofeng.official#product_list,Rp500000,BAOFENG UV-82 (8W) Walkie Talkie,Grosir,https://drive.google.com/file/d/1NiBdEG4OTN0LPFjMFl7OhzghqmZV1Z1V/view?usp=drive_link
1782791292-7,https://shopee.co.id/baofeng.official#product_list,Rp275000,BAOFENG BF-T1 (2W) Walkie Talkie,Grosir,https://drive.google.com/file/d/1Gh236oR04rvgRpLezbarXUeY5zLbJFND/view?usp=drive_link
1782791292-8,https://shopee.co.id/baofeng.official#product_list,Rp470000,BAOFENG UV-5R (5W) Walkie Talkie,Grosir,https://drive.google.com/file/d/1aTeUmX2JdzoRWxjwvyHmkkZ4Rr9dwc-s/view?usp=drive_link
1782791292-9,https://shopee.co.id/baofeng.official#product_list,Rp500000,BAOFENG UV-9R Plus NEW (5W) Walkie Talkie,Grosir,https://drive.google.com/file/d/1Nv18GiXgkyyt89mU4QMNDBiUKyAwllRe/view?usp=drive_link
1782791292-10,https://shopee.co.id/baofeng.official#product_list,Rp450000,BAOFENG UV-5R Mini (5W) Walkie Talkie,,https://drive.google.com/file/d/1t3sIcCMEQtuOiCRq8pG6xgFB_bek1nLr/view?usp=drive_link
1782791292-11,https://shopee.co.id/baofeng.official#product_list,Rp470000,BAOFENG UV-82 (5W) Walkie Talkie,Grosir,https://drive.google.com/file/d/1UwH_6WlNw79YXff5HuKgf3x4HMnQguwg/view?usp=drive_link
1782791292-12,https://shopee.co.id/baofeng.official#product_list,Rp505000,BAOFENG UV-9R PRO (5W) Walkie Talkie,Grosir,https://drive.google.com/file/d/1iHPTJuWMd1FIcHHlVFMATuV9DijBuRQU/view?usp=drive_link
1782791292-13,https://shopee.co.id/baofeng.official#product_list,Rp50000,Antena HT BAOFENG Dual Band,,https://drive.google.com/file/d/1V2KI4KxurrWCmd_8at7UkGKc_clZ_7IN/view?usp=drive_link
1782791292-14,https://shopee.co.id/baofeng.official#product_list,Rp750000,BAOFENG GT-3TP Mark III (8W) Walkie Talkie,Grosir,https://drive.google.com/file/d/1_E8JdZsnpujHqk_DI2tsRCwqbZuOdb3l/view?usp=drive_link
1782791292-15,https://shopee.co.id/baofeng.official#product_list,Rp90000,Baterai HT BAOFENG BF-888S,,https://drive.google.com/file/d/1n3D2l-V2eiua64Ja3rfitsIi0rv6YqzT/view?usp=drive_link
1782791292-16,https://shopee.co.id/baofeng.official#product_list,Rp485000,BAOFENG UV-13 PRO (5W) Walkie Talkie,,https://drive.google.com/file/d/18O6ndCAplMGKjvy9pc6dc6WtoVdlKd2-/view?usp=drive_link
1782791292-17,https://shopee.co.id/baofeng.official#product_list,Rp200000,BAOFENG BF-MINI (2W) Walkie Talkie HT,,https://drive.google.com/file/d/17zAqMdOI-PS947KlveeAZNt-MEHg_qxL/view?usp=drive_link
1782791292-18,https://shopee.co.id/baofeng.official#product_list,Rp150000,Baterai HT BAOFENG UV-5R,,https://drive.google.com/file/d/1X3uRV3xKLM8y7ZdJTX0xUzwqYFq4-bK6/view?usp=drive_link
1782791292-19,https://shopee.co.id/baofeng.official#product_list,Rp225000,BAOFENG V88 (2W) Cloning Walkie Talkie - Baofeng Indonesia,,https://drive.google.com/file/d/1JYXAZKr6Q_965zZD6CH4Q3r9LxK3Ef_W/view?usp=drive_link
1782791292-20,https://shopee.co.id/baofeng.official#product_list,Rp140000,Charger HT BAOFENG UV-82,,https://drive.google.com/file/d/1JwU_suUunkqhT8pCHb0PlH9eEXSSg39I/view?usp=drive_link
1782791292-21,https://shopee.co.id/baofeng.official#product_list,Rp450000,BAOFENG UV-S9 Plus (5W) Walkie Talkie,,https://drive.google.com/file/d/1Ck0gEfmizDFi0P-QvV8Vs4Z3uGgzHdpz/view?usp=drive_link
1782791292-22,https://shopee.co.id/baofeng.official#product_list,Rp450000,BAOFENG UV-10R (5W) Walkie Talkie,Grosir,https://drive.google.com/file/d/15OVK2nqoY87zxRkbAhZw1kTdJcdWjyZb/view?usp=drive_link
1782791292-23,https://shopee.co.id/baofeng.official#product_list,Rp1200000,BAOFENG DM-X (5W) Digital Walkie Talkie,Grosir,https://drive.google.com/file/d/1HV-7zkrW0R4I_5EOTry0IJfz1y11MItq/view?usp=drive_link
1782791292-24,https://shopee.co.id/baofeng.official#product_list,Rp520000,BAOFENG BF-A58 (5W) Walkie Talkie,Grosir,https://drive.google.com/file/d/14v4wRBzir_G-i8LrslxVhDch_bDKtQdj/view?usp=drive_link
1782791292-25,https://shopee.co.id/baofeng.official#product_list,Rp150000,Baterai HT BAOFENG BF-H6,,https://drive.google.com/file/d/1JQyqsMGR2JwAREbZ79mibNfEwYjGuhN4/view?usp=drive_link
1782791292-26,https://shopee.co.id/baofeng.official#product_list,Rp90000,Charger BAOFENG BF-888S,,https://drive.google.com/file/d/12r3VBXvJ4f_nLyqeivrjKwSmt0_OTj90/view?usp=drive_link
1782791292-27,https://shopee.co.id/baofeng.official#product_list,Rp150000,Baterai HT BAOFENG UV-9R Plus NEW,,https://drive.google.com/file/d/1AyxrMJtYXMvDNuSpsAF5lres1M6PFzw2/view?usp=drive_link
1782791292-28,https://shopee.co.id/baofeng.official#product_list,Rp140000,BAOFENG Charger HT UV-5R,,https://drive.google.com/file/d/1CTcmTwgBLfvJx1_2PJdATYmjazBs1B9k/view?usp=drive_link
1782791292-29,https://shopee.co.id/baofeng.official#product_list,Rp150000,Baterai HT BAOFENG UV-9R PRO,,https://drive.google.com/file/d/15WNMQmt0aI59Aypb8ZITnT7dIaxAlQmV/view?usp=drive_link
1782791292-30,https://shopee.co.id/baofeng.official#product_list,Rp150000,Baterai HT BAOFENG UV-10 (BL-10UV),,https://drive.google.com/file/d/1i0oZVYeyZjWONCY-rpTnc_vvcjk5E_um/view?usp=drive_link
1782793954-1,https://shopee.co.id/produkkualitas#product_list,Rp275000,HT Handy Talkie SMP S1 Analog UHF Super Thin,,https://drive.google.com/file/d/1xZJiS0zNUZMPbpzY-p1Slw-gBoiExouD/view?usp=drive_link
1782793954-2,https://shopee.co.id/produkkualitas#product_list,Rp65000,Headset HT POC SMP Type C,,https://drive.google.com/file/d/1Oeh3JAM3w3Cr9zCvlu7mlFWETui1opw9/view?usp=drive_link
1782793954-3,https://shopee.co.id/produkkualitas#product_list,Rp1200000,HT POC Radio SMP PNC590 Android Zello Global,,https://drive.google.com/file/d/1QAIEtIB2NZgcpcxX1ukFZSuHwBu50MCz/view?usp=drive_link
1782793954-4,https://shopee.co.id/produkkualitas#product_list,Rp370000,HT Kinnota R5 Mini Analog UHF VHF Multiband,,https://drive.google.com/file/d/1aBEKWq37ZaZzedTvhd7JGyaMg6f90TUT/view?usp=drive_link
1782793954-5,https://shopee.co.id/produkkualitas#product_list,Rp800000,HT Kinnota POC K7 Walkie Talkie,,https://drive.google.com/file/d/1kbLqg_DN8tLLjIzOwzWmwLWlWel1pMNl/view?usp=drive_link
1782793954-6,https://shopee.co.id/produkkualitas#product_list,Rp850000,HT SMP POC H8 Android Walkie Talkie Zello,,https://drive.google.com/file/d/1-2Jasqcy2Zj6COeYo-HLepE499HRo9Jh/view?usp=drive_link
1782793954-7,https://shopee.co.id/produkkualitas#product_list,Rp250000,Baterai HT SMP PNC560,,https://drive.google.com/file/d/1Soom_k3xYJ6lwnAANeu2Bfa5vsJEV_xa/view?usp=drive_link
1782793954-8,https://shopee.co.id/produkkualitas#product_list,Rp325000,Extramic Bluetooth Noxgear Push-To-Talk Speaker,,https://drive.google.com/file/d/1ecNc6eUm0E90mEQBUPFFHRUJSgSdgVC-/view?usp=drive_link
1782793954-9,https://shopee.co.id/produkkualitas#product_list,Rp45000,"Set top Box Dongle Wifi buat STB luby, apple, matrix, dll",,https://drive.google.com/file/d/1r_dZzFNQDCkpmE5eBgCpYQTnFLhNJ_2U/view?usp=drive_link
1782793954-10,https://shopee.co.id/produkkualitas#product_list,Rp65000,Headset HT 1 Colokan One Jack,,https://drive.google.com/file/d/1p1uGMVGtmnZ_1eVzDJeIB6pupQR7_5_V/view?usp=drive_link
1782793954-11,https://shopee.co.id/produkkualitas#product_list,Rp159000,Tissue basah mini lucu/ tissue basah travel pack/ wet tissue,,https://drive.google.com/file/d/1w8xrEwFoPw_IlnPt0PiOYy_0OrIuJE4C/view?usp=drive_link
1782793954-12,https://shopee.co.id/produkkualitas#product_list,Rp150000,selang nazal oksigen headset yuwell reuseable,,https://drive.google.com/file/d/1yYMDi2Xcr99fAHeQoAPUPoVxz3h3AHMu/view?usp=drive_link
1782793954-13,https://shopee.co.id/produkkualitas#product_list,Rp725000,Handy Talky SMP PoC MiMi Global PoCStar Walkie Talkie include akun permanen,,https://drive.google.com/file/d/1X9vdEdmqm6_fEbyR8hZArUgrUMzk4IsU/view?usp=drive_link
1782793954-14,https://shopee.co.id/produkkualitas#product_list,Rp725000,POC Global G2 Handy Talkie Mini Jarak Jauh,,https://drive.google.com/file/d/1qfU8uW0MFQpIXaCnKYrla-3-GOgSs43q/view?usp=drive_link
1782793954-15,https://shopee.co.id/produkkualitas#product_list,Rp40000,Antena HT Tarik Diamond RH 775 - RH 775,,https://drive.google.com/file/d/1CsslXs4V8XWL3HBeLbXORy4JSxKiRTCz/view?usp=drive_link
1782793954-16,https://shopee.co.id/produkkualitas#product_list,Rp35000,"Selang oksigen nasal canula impor, high quality",,https://drive.google.com/file/d/1-ZgKvVL-dEO5Nq3TpJ4B5SnHTi-NjVVb/view?usp=drive_link
1782793954-17,https://shopee.co.id/produkkualitas#product_list,Rp70000,Baterai HT UV82 Kompatibel Segala Merk HT,,https://drive.google.com/file/d/10W4grDHotFnDXdNO6x5wU-_4QcERjtvA/view?usp=drive_link
1782793954-18,https://shopee.co.id/produkkualitas#product_list,Rp725000,HT POC Global G18 Two Way Radio walkie talkie,,https://drive.google.com/file/d/1MkEBOSqgj2YcRd2W4bofl32DhA805fhc/view?usp=drive_link
1782793954-19,https://shopee.co.id/produkkualitas#product_list,Rp168000,"Extramic Motorola RIG GP3688, GP3188 PMMN4090 ori",,https://drive.google.com/file/d/10VXX18dvLbpQm0eoxUilEvQqr6KhF7vp/view?usp=drive_link
1782793954-20,https://shopee.co.id/produkkualitas#product_list,Rp50000,Keypad ht Alinco dj-w10 dj-w100 dj-a10 tombol radio djw10 djw100 dja10,,https://drive.google.com/file/d/1SuCmLxnCnX4_Y8z8rvzhiWyBTF2_x4at/view?usp=drive_link
1782793954-21,https://shopee.co.id/produkkualitas#product_list,Rp70000,Antena HT POC SMP PNC560,,https://drive.google.com/file/d/1TmdBZHTu1tBql1K_K5416IXWL5vV3Dor/view?usp=drive_link
1782793954-22,https://shopee.co.id/produkkualitas#product_list,Rp185000,Set Top Box digital Mitsuyama Bonus Kabel HDMI+RCA,,https://drive.google.com/file/d/1PzCkXYHr8vT5_tiLvXQteF99fMh7ypUq/view?usp=drive_link
1782793954-23,https://shopee.co.id/produkkualitas#product_list,Rp150000,Kabel gateway Rig POC SMP MNC360 buntung,,https://drive.google.com/file/d/1RHL46F9v1fCDsj2i6_r9LEosrAVMCADY/view?usp=drive_link
1782793954-24,https://shopee.co.id/produkkualitas#product_list,Rp53000,Antena HT Diamond RH-779 Bisa Ditarik dan Ditekuk RH 779 HT ANTENA,,https://drive.google.com/file/d/1ruAgLwZx9k53cfch4FeBH5vEzASoZ-OM/view?usp=drive_link
1782793954-25,https://shopee.co.id/produkkualitas#product_list,Rp35000,Tissue basah pet wipes 100 sheets,,https://drive.google.com/file/d/1gS8D85-E3v5M1Empzg48p5pJby29mEsK/view?usp=drive_link
1782793954-26,https://shopee.co.id/produkkualitas#product_list,Rp70000,Baterai HT UV5R Kompatibel Berlin FM Bo Peng Verxion Kinnota,,https://drive.google.com/file/d/1Fm22zmQ-fEGQ9Qa_zE88VrqMyrIUq5VV/view?usp=drive_link
1782793954-27,https://shopee.co.id/produkkualitas#product_list,Rp150000,Charger Docking HT SMP PNC560,,https://drive.google.com/file/d/1gtUFzlbWvlifjyLL5plnBkX2s6pN7YW-/view?usp=drive_link
1782793954-28,https://shopee.co.id/produkkualitas#product_list,Rp1030000,HT SMP PNC590 Lynux POC Global Free Akun + Simcard,,https://drive.google.com/file/d/1wFw7kAtYejs3uGb03bEUxkwypDadbQ-e/view?usp=drive_link
1782793954-29,https://shopee.co.id/produkkualitas#product_list,Rp1380000,HT SMP DM700 UHF/VHF 10W IP68,,https://drive.google.com/file/d/1mPQfUwuD8dglsvb3aotvmzSobIL2OBfX/view?usp=drive_link
1782793954-30,https://shopee.co.id/produkkualitas#product_list,Rp550000,HT Kinnota UV K5 plus 10W Multi Band,,https://drive.google.com/file/d/1r1KPi9k6t0AQ388ZEiqopl73UpH_Fz22/view?usp=drive_link
1782795238-1,https://shopee.co.id/rakomindo#product_list,Rp2900000,Antena Motorola HAD4008A VHF 150.8 - 162 MHz Original Antena VHF Mobil Baru,,https://drive.google.com/file/d/1Eg_pncZMdgBNpDQQAsZ4vyYN9P1ZbZzw/view?usp=drive_link
1782795238-2,https://shopee.co.id/rakomindo#product_list,Rp771900,HT Redell DL-9108 Dualband Original Garansi Resmi,,https://drive.google.com/file/d/1yJ0eE-Wo7IPdchii0L0kW4dzCUKus5LM/view?usp=drive_link
1782795238-3,https://shopee.co.id/rakomindo#product_list,Rp217000,Antena Mobill Nagoya NL-R2 144/430 MHz Original Antena Mobil Dual Band,,https://drive.google.com/file/d/154HjTKtaQj7RVZSwy5aKBbhhJ4HNlQ9z/view?usp=drive_link
1782795238-4,https://shopee.co.id/rakomindo#product_list,Rp2120000,Power Supply Maldol ALC-3030AM Original DC Power Supply 30 Ampere Baru,,https://drive.google.com/file/d/1vPynM5kIkcGcD8aZ43oVLiBpg6FtIuBX/view?usp=drive_link
1782795238-5,https://shopee.co.id/rakomindo#product_list,Rp1539000,Antena HF Diamond HF30FX 10 MHz Original Antena Radio Mobile SSB,,https://drive.google.com/file/d/1riPi19qWx62V0_yP0_xWELQzrlVKdpSI/view?usp=drive_link
1782795238-6,https://shopee.co.id/rakomindo#product_list,Rp2575000,HT POC Inrico T640A Original HT Jarak Jauh 4G LTE WIFI GPS Bluetooth,,https://drive.google.com/file/d/1sVVqXQ_25oPmaKiFxKgNcJRV9RCnBe8k/view?usp=drive_link
1782795238-7,https://shopee.co.id/rakomindo#product_list,Rp1831000,Antena Mobil HF Diamond MD200 Frekuensi 7 – 30 MHz Original Antena Radio SSB,,https://drive.google.com/file/d/16rzEcmtzxrJNybr35FjeKHOTBVrYXZ5Y/view?usp=drive_link
1782795238-8,https://shopee.co.id/rakomindo#product_list,Rp1733000,Radio Rig POC Talkcom TC-9900 Original Mini Rig Jarak Jauh 4G LTE Android Bluetooth,,https://drive.google.com/file/d/1WYJTJBDmUZAhcMA8wg1hxbSxrl_JYh__/view?usp=drive_link
1782795238-9,https://shopee.co.id/rakomindo#product_list,Rp577000,Antena Diamond M150-GSA Original Antena Mobil Diamond M150GSA,,https://drive.google.com/file/d/1QlI_28b9XAE3jnrd7KTqAGGHg0EBDcBq/view?usp=drive_link
1782795238-10,https://shopee.co.id/rakomindo#product_list,Rp19000000,Belfone BF-SFR600 VHF UHF Single Frequency Repeater DMR Radio SFR600 SFR,,https://drive.google.com/file/d/1AueGzz0PFAvSDFO7Smm0Ss9EozCUKgEf/view?usp=drive_link
1782795238-11,https://shopee.co.id/rakomindo#product_list,Rp4531000,HT POC Telox TE320 Original Handy Talky 4G LTE Wifi GPS Waterproof,,https://drive.google.com/file/d/1ujaXESlg_DigFzxxavU2ugWw-lXVpPTu/view?usp=drive_link
1782795238-12,https://shopee.co.id/rakomindo#product_list,Rp3897000,Radio Rig SMP MNC560 Original Rig Mobile Android Gateway,,https://drive.google.com/file/d/1Mcn6tIFb5qRS1JoX0hm4ywR-ftCfkkT9/view?usp=drive_link
1782795238-13,https://shopee.co.id/rakomindo#product_list,Rp983000,Handsfree Hytera EAN23 Original Headset HT Hytera PD788 PD788G Baru,,https://drive.google.com/file/d/1-0ihu2MnGkOq_aex7ivaDaro5hRVadog/view?usp=drive_link
1782795238-14,https://shopee.co.id/rakomindo#product_list,Rp4817000,HT POC Inrico T320 Original Handy Talky Jarak Jauh 4G LTE Waterproof Baru Garansi Resmi,,https://drive.google.com/file/d/17DkfZSkFqD07zXrqxP9opN-5j0LxrTvZ/view?usp=drive_link
1782795238-15,https://shopee.co.id/rakomindo#product_list,Rp2000000,HT Hytera AP588 Single Band Original Garansi Resmi,,https://drive.google.com/file/d/149eyvXkwGz8y3Mc54BdkEEBm7ZJuxeu0/view?usp=drive_link
1782795238-16,https://shopee.co.id/rakomindo#product_list,Rp689000,HT Dual Band Baofeng BF-H6 VHF 144-148MHz UHF 420-450MHz,,https://drive.google.com/file/d/10UqxU0RzRKQi-mNLizpw37yc7DRSR20C/view?usp=drive_link
1782795238-17,https://shopee.co.id/rakomindo#product_list,Rp5215000,HT Kenwood NX-1200D-M3 VHF 136-174 MHz DMR Digital Full Keypad Original,,https://drive.google.com/file/d/1V9HV86sI-Udr0Mv1d2TtGZbm2iQHX0Ck/view?usp=drive_link
1782795238-18,https://shopee.co.id/rakomindo#product_list,Rp1150000,"Antena Diamond HF-80FX Antena HF 3,5 MHz Radio Rig SSB HF80",,https://drive.google.com/file/d/1cj0f8cOa0kpHbq4YP86llw0poXZkyMp8/view?usp=drive_link
1782795238-19,https://shopee.co.id/rakomindo#product_list,Rp4683000,SWR Meter Digital Nissei DG-503 MAX Original SWR Watt Meter Digital,,https://drive.google.com/file/d/12due1FDTW5HIwE5fE9yzWIUTjMb0BRrS/view?usp=drive_link
1782795238-20,https://shopee.co.id/rakomindo#product_list,Rp3036000,Diamond BB6WS Antena HF 3-30MHz 6.4m Long Wire Antenna SSB Radio Rig,,https://drive.google.com/file/d/13H8SeE7pTxgGRiRZtL30iwaGngRoyAp9/view?usp=drive_link
1782795238-21,https://shopee.co.id/rakomindo#product_list,Rp11975000,HT Airband Yaesu FTA-750L Original HT HF Airband,,https://drive.google.com/file/d/1kdjXyvcCYRjn8uBixRkhitgz_Q1EGryN/view?usp=drive_link
1782795238-22,https://shopee.co.id/rakomindo#product_list,Rp950000,HT VEV 3288D UHF 400-470 MHz Original HT VEV 3288D Baru,,https://drive.google.com/file/d/1IpO6OonZBkTDEPyW1I49ugA6PjSet1Q3/view?usp=drive_link
1782795238-23,https://shopee.co.id/rakomindo#product_list,Rp6005000,Antena Base Station Diamond X700H Original Antena Radio Base Station Dual Band Original Untuk Repeater dan Radio Rig,,https://drive.google.com/file/d/1YRQgkbCvFILyYyo5djQcDTAy5EpeqzZX/view?usp=drive_link
1782795238-24,https://shopee.co.id/rakomindo#product_list,Rp5455000,HT POC Motorola RG170 Original HT Jarak Jauh RugGear RG170,,https://drive.google.com/file/d/1StOQ5JFn5uaAecrbH_RyVaEySCE3J_xy/view?usp=drive_link
1782795238-25,https://shopee.co.id/rakomindo#product_list,Rp4100000,Antena HY-GAIN V4R USA Baru Antena Radio Base Station V4R,,https://drive.google.com/file/d/126ckK3vyL9ivHiN5FNi2vpnED2sx3Wg_/view?usp=drive_link
1782795238-26,https://shopee.co.id/rakomindo#product_list,Rp3459000,HT Digital Mag One X10d Original Handy Talky Motorola Waterproof,,https://drive.google.com/file/d/1w2Nci0iBl05p2CPdHR4KyARx0R8nRNnr/view?usp=drive_link
1782795238-27,https://shopee.co.id/rakomindo#product_list,Rp5825000,HT Standard Horizon HX400IS Original HT VHF Marine,,https://drive.google.com/file/d/1PGAsIeSagagvDkatJO1d4dXDCmt7gW8E/view?usp=drive_link
1782795238-28,https://shopee.co.id/rakomindo#product_list,Rp955000,Microphone Motorola HMN3413AR Original Extra Mic Radio Rig Mobile Motorola GM3688,,https://drive.google.com/file/d/18dJUCyQrMZzC9d4rHh9dW-khduYPZIBN/view?usp=drive_link
1782795238-29,https://shopee.co.id/rakomindo#product_list,Rp1072500,Kabel Program Hytera PC49 Kabel Data Repeater Hytera RD988,,https://drive.google.com/file/d/1asJD6Bcy9ivv4iuDIHCYZgIQ9pPf4Qqn/view?usp=drive_link
1782795238-30,https://shopee.co.id/rakomindo#product_list,Rp553000,Kabel Program Alinco ERW-15 Original Kabel Program HT Alinco DJ-CRX7 Plus,,https://drive.google.com/file/d/1aEwyQ5xzlS88gIYNLsJfOwDr0oMirT0_/view?usp=drive_link
1782982069469-1,https://www.tokopedia.com/alcomhtdanrig/etalase/repeater,Rp10.960.000,PAKET EKONOMIS REPEATER MOTOROLA UHF PLUS ANTENA DAN KABEL,,https://p19-images-sign-sg.tokopedia-static.net/tos-alisg-i-aphluv4xwc-sg/img/VqbcmM/2024/8/21/e045122e-1683-4cf1-b845-7b3a1aa99ba0.png~tplv-aphluv4xwc-origin-jpeg.webp?lk3s=7a10017b&x-expires=1782985615&x-signature=QaY%2FvUlVrB4FLXlryq4gNqKYuSM%3D&x-signature-webp=QaY%2FvUlVrB4FLXlryq4gNqKYuSM%3D&ect=4g
1782982069470-2,https://www.tokopedia.com/alcomhtdanrig/etalase/repeater,Rp38.460.000,REPEATER MOTOROLA CDR 500 BEKAS ORIGINAL REPEATER CDR500 VHF/UHF,,https://p16-images-sign-sg.tokopedia-static.net/tos-alisg-i-aphluv4xwc-sg/img/VqbcmM/2023/10/26/fcbda60d-c55d-41d1-b9c1-2cf8bfb269cf.png~tplv-aphluv4xwc-origin-jpeg.webp?lk3s=7a10017b&x-expires=1782985615&x-signature=bgwbr0Yf5lHmAmF5kWdx3sLdeu0%3D&x-signature-webp=bgwbr0Yf5lHmAmF5kWdx3sLdeu0%3D&ect=4g
1782982069470-3,https://www.tokopedia.com/alcomhtdanrig/etalase/repeater,Rp42.859.900,Icom VE-PG4 RoIP Gateway Ori Baru HT Rig Radio over IP network VEPG4,ORI,https://p16-images-sign-sg.tokopedia-static.net/tos-alisg-i-aphluv4xwc-sg/img/VqbcmM/2023/5/9/9ef8441e-fa7e-4a2c-9a43-5d21b46ca8b2.png~tplv-aphluv4xwc-origin-jpeg.webp?lk3s=7a10017b&x-expires=1782985615&x-signature=yvPRxgDu%2FfaguG8Q47QlfVenhYM%3D&x-signature-webp=yvPRxgDu%2FfaguG8Q47QlfVenhYM%3D&ect=4g
1782982069470-4,https://www.tokopedia.com/alcomhtdanrig/etalase/repeater,Rp16.460.000,REPEATER MOTOROLA CDR700 BEKAS ALL ORIGINAL UHF 400-470MHz,,https://p16-images-sign-sg.tokopedia-static.net/tos-alisg-i-aphluv4xwc-sg/img/VqbcmM/2023/1/20/fd564446-e543-4a6b-98df-2307e664562f.png~tplv-aphluv4xwc-origin-jpeg.webp?lk3s=7a10017b&x-expires=1782985615&x-signature=sKIFdr90duOZh0uqqltsf4FRG3Y%3D&x-signature-webp=sKIFdr90duOZh0uqqltsf4FRG3Y%3D&ect=4g
1782982069470-5,https://www.tokopedia.com/alcomhtdanrig/etalase/repeater,Rp2.253.775,GP Akai AP-40AD DC Power Supply 40A Baru AP40A GPAKAI PS PAKAI,,https://p16-images-sign-sg.tokopedia-static.net/tos-alisg-i-aphluv4xwc-sg/img/VqbcmM/2022/2/22/c3978d74-b43d-479b-a512-53d4b8cafbc2.png~tplv-aphluv4xwc-origin-jpeg.webp?lk3s=7a10017b&x-expires=1782985615&x-signature=jurWlku6tYnq4MFJH5ZZ6VC8%2FXE%3D&x-signature-webp=jurWlku6tYnq4MFJH5ZZ6VC8%2FXE%3D&ect=4g
1782982069470-6,https://www.tokopedia.com/alcomhtdanrig/etalase/repeater,Rp23.610.000,REPEATER MOTOROLA CDR700 BEKAS PAKAI SIAP PANCAR VHF 136-174MHZ,,https://p16-images-sign-sg.tokopedia-static.net/tos-alisg-i-aphluv4xwc-sg/img/VqbcmM/2022/9/1/01155471-0afe-401d-8d51-b661d3b5f3b6.png~tplv-aphluv4xwc-origin-jpeg.webp?lk3s=7a10017b&x-expires=1782985615&x-signature=zEQ0OLP5YtTrstx8sTIsF3e4XBk%3D&x-signature-webp=zEQ0OLP5YtTrstx8sTIsF3e4XBk%3D&ect=4g
1782982069471-7,https://www.tokopedia.com/alcomhtdanrig/etalase/repeater,Rp27.460.000,REPEATER MOTOROLA CDR 500 BEKAS PAKAI KONDISI SIAP PANCAR,,https://p16-images-sign-sg.tokopedia-static.net/tos-alisg-i-aphluv4xwc-sg/img/VqbcmM/2020/11/9/d2afb8bd-d4a6-4dac-b079-b9603539c0c2.jpg~tplv-aphluv4xwc-origin-jpeg.webp?lk3s=7a10017b&x-expires=1782985615&x-signature=sZ6232X9rbZMf7VPbnc9OcACQg4%3D&x-signature-webp=sZ6232X9rbZMf7VPbnc9OcACQg4%3D&ect=4g
1783247976920-1,https://www.tokopedia.com/wln-walkie-talkie-id,Rp87.486,"WLN HT WLN UHF Handy Talky TWO WAY RADIO BLACK - Walkie Talkie C1, Kuat dan Tahan Lama, Komunikasi Jarak Jauh, Outdoor, 16 Channel, Baterai Tahan Lama, COD",,https://p16-images-sign-sg.tokopedia-static.net/tos-alisg-i-aphluv4xwc-sg/23ced9ccb2924cb19356d3667d2bc3c3~tplv-aphluv4xwc-origin-jpeg.webp?lk3s=7a10017b&x-expires=1783245712&x-signature=gc0IT3Qq%2FYHVjl0e5IKHoLSg90c%3D&x-signature-webp=gc0IT3Qq%2FYHVjl0e5IKHoLSg90c%3D&ect=4g
1783247976920-2,https://www.tokopedia.com/wln-walkie-talkie-id,Rp30.788,HT Earphone Walkie Talkie WLN KD C1 C50 C51 C56 Headset HT WLN C1 MD-618 dengan Kualitas Suara Terbaik,,https://p16-images-sign-sg.tokopedia-static.net/tos-alisg-i-aphluv4xwc-sg/3b6e1d83f85e460aba177356ec5e3ea3~tplv-aphluv4xwc-origin-jpeg.webp?lk3s=7a10017b&x-expires=1783245712&x-signature=XfsMPqHIvqCNxtdYhSlkQs5RosQ%3D&x-signature-webp=XfsMPqHIvqCNxtdYhSlkQs5RosQ%3D&ect=4g
1783247976920-3,https://www.tokopedia.com/wln-walkie-talkie-id,Rp28.880,Kabel Data USB Program Original untuk HT Walkie Talkie WLN KD-C1 KD-C50 KD-C51 KD-C56 COD,,https://p16-images-sign-sg.tokopedia-static.net/tos-alisg-i-aphluv4xwc-sg/6d22571cb14542e5acc3893bff3fa447~tplv-aphluv4xwc-origin-jpeg.webp?lk3s=7a10017b&x-expires=1783245712&x-signature=QW%2B9CjjG6nxcCmJ3arl0fKlh%2BGI%3D&x-signature-webp=QW%2B9CjjG6nxcCmJ3arl0fKlh%2BGI%3D&ect=4g
1783247976920-4,https://www.tokopedia.com/wln-walkie-talkie-id,Rp1.364.043,"WLN C1 Two Way Radio Paket 10–18 Unit-Walkie Talkie C1, Kuat dan Tahan Lama, Komunikasi Jarak Jauh, Outdoor, 16 Channel, Baterai Tahan Lama, COD",,https://p16-images-sign-sg.tokopedia-static.net/tos-alisg-i-aphluv4xwc-sg/63a01c4cf3104a74aecea6da206e56ce~tplv-aphluv4xwc-origin-jpeg.webp?lk3s=7a10017b&x-expires=1783245712&x-signature=XPTiDOKDdI%2BjOlwXTa2XBVTIFQM%3D&x-signature-webp=XPTiDOKDdI%2BjOlwXTa2XBVTIFQM%3D&ect=4g
1783247976920-5,https://www.tokopedia.com/wln-walkie-talkie-id,Rp458.597,WLN PAKET HEMAT WT-C1 Handy Talky UHF TWO WAY RADIO BLACK Kuat Tahan Lama 16 Channel Baterai Tahan Lama Komunikasi Jarak Jauh Outdoor COD Extra Headset,,https://p19-images-sign-sg.tokopedia-static.net/tos-alisg-i-aphluv4xwc-sg/f5e3e5a8d627458e97e9d12131f1a732~tplv-aphluv4xwc-origin-jpeg.webp?lk3s=7a10017b&x-expires=1783245712&x-signature=1SMedIGOrvVI7kOet2Y1egFO9Ks%3D&x-signature-webp=1SMedIGOrvVI7kOet2Y1egFO9Ks%3D&ect=4g
1783247976920-6,https://www.tokopedia.com/wln-walkie-talkie-id,Rp142.643,"PAKET HEMAT WLN HT WLN UHF Handy Talky TWO WAY RADIO BLACK - Walkie Talkie C1, Kuat dan Tahan Lama, Komunikasi Jarak Jauh, Outdoor, 16 Channel, Baterai Tahan Lama, COD",,https://p16-images-sign-sg.tokopedia-static.net/tos-alisg-i-aphluv4xwc-sg/94d6a932c05b43f4868fff542cea9eda~tplv-aphluv4xwc-origin-jpeg.webp?lk3s=7a10017b&x-expires=1783245712&x-signature=TtxLepkVcM4eXrR7bWjx3CGxq7Q%3D&x-signature-webp=TtxLepkVcM4eXrR7bWjx3CGxq7Q%3D&ect=4g
1783247976920-9,https://www.tokopedia.com/wln-walkie-talkie-id,Rp20.376,Klip Pinggang WLN C1 Belt Wlan Jepitan Penahan Handy Talkie Aksesoris HT Mini Praktis Aksesoris Pengganti / Cadangan (COD),,https://p16-images-sign-sg.tokopedia-static.net/tos-alisg-i-aphluv4xwc-sg/b6d36098ec0e42a7b2f6a5f3c95c393c~tplv-aphluv4xwc-origin-jpeg.webp?lk3s=7a10017b&x-expires=1783245712&x-signature=Tcv4Mhn2m%2BGbPrqGyBqiWUVvZtQ%3D&x-signature-webp=Tcv4Mhn2m%2BGbPrqGyBqiWUVvZtQ%3D&ect=4g
1782981693238-1,https://www.tokopedia.com/ht-wln/product,Rp182.500,HT WLN WALKIE TALKIE W-218 (KD-C160) - ISI 1 PCS,,https://p16-images-sign-sg.tokopedia-static.net/tos-alisg-i-aphluv4xwc-sg/img/VqbcmM/2023/7/24/a2f68450-eb27-4bae-a97e-b59a6a664b0e.jpg~tplv-aphluv4xwc-origin-jpeg.webp?lk3s=7a10017b&x-expires=1782985190&x-signature=GiBkD%2Fqo5Wp29MvDQQy5OIlBZgI%3D&x-signature-webp=GiBkD%2Fqo5Wp29MvDQQy5OIlBZgI%3D&ect=4g
1782981693239-2,https://www.tokopedia.com/ht-wln/product,Rp319.000,Paket merdeka handy talky wln kd-c1 merah putih,,https://p16-images-sign-sg.tokopedia-static.net/tos-alisg-i-aphluv4xwc-sg/img/VqbcmM/2023/7/18/baa99c3c-bee3-4450-a53f-90f3105ee937.jpg~tplv-aphluv4xwc-origin-jpeg.webp?lk3s=7a10017b&x-expires=1782985190&x-signature=rUFQnYQa%2BXsImhKwdSzB5bJIak0%3D&x-signature-webp=rUFQnYQa%2BXsImhKwdSzB5bJIak0%3D&ect=4g
1782981693240-3,https://www.tokopedia.com/ht-wln/product,Rp228.500,HANDY TALKY WLN W-218 (KD-C170) UHF ISI 1PCS HITAM,,https://p16-images-sign-sg.tokopedia-static.net/tos-alisg-i-aphluv4xwc-sg/img/VqbcmM/2023/3/31/5ad560c1-53ec-46bd-9482-f6d767d370f9.jpg~tplv-aphluv4xwc-origin-jpeg.webp?lk3s=7a10017b&x-expires=1782985190&x-signature=U0kfcs%2B6g3X2v%2BnBiz84gXswCwg%3D&x-signature-webp=U0kfcs%2B6g3X2v%2BnBiz84gXswCwg%3D&ect=4g
1782981693240-4,https://www.tokopedia.com/ht-wln/product,Rp36.500,Handsfree walkie talkie tipe KD-C70pro dan KD-C80,,https://p16-images-sign-sg.tokopedia-static.net/tos-alisg-i-aphluv4xwc-sg/img/VqbcmM/2023/1/10/64329ba2-33e7-4fb4-8758-5ab102ed6064.jpg~tplv-aphluv4xwc-origin-jpeg.webp?lk3s=7a10017b&x-expires=1782985190&x-signature=H%2BHLLfjoh0v2KEW5W1Ww5DJx37A%3D&x-signature-webp=H%2BHLLfjoh0v2KEW5W1Ww5DJx37A%3D&ect=4g
1782981693240-5,https://www.tokopedia.com/ht-wln/product,Rp505.500,HT HANDY TALKY WLN KD - C2800 (Anti Air) POWER 5WATT UHF 400-470MHz,,https://p16-images-sign-sg.tokopedia-static.net/tos-alisg-i-aphluv4xwc-sg/img/VqbcmM/2023/1/19/3dfd78dd-f07d-4e68-8707-720bd3752a14.jpg~tplv-aphluv4xwc-origin-jpeg.webp?lk3s=7a10017b&x-expires=1782985190&x-signature=hsijyUtEHwoJsrljRumCQlFrkgw%3D&x-signature-webp=hsijyUtEHwoJsrljRumCQlFrkgw%3D&ect=4g
1782981693240-6,https://www.tokopedia.com/ht-wln/product,Rp204.900,Paket Handsfree Satuan Loreng HT WLN KD-C1 Tanpa Dekstop/Charger duduk,,https://p16-images-sign-sg.tokopedia-static.net/tos-alisg-i-aphluv4xwc-sg/img/VqbcmM/2022/3/30/d7ca7b5a-97f4-41ea-91b9-5fb46539d6b6.jpg~tplv-aphluv4xwc-origin-jpeg.webp?lk3s=7a10017b&x-expires=1782985190&x-signature=JEmsCS85tyNIS%2F9LRYK4UlrxeTw%3D&x-signature-webp=JEmsCS85tyNIS%2F9LRYK4UlrxeTw%3D&ect=4g
1782981693240-7,https://www.tokopedia.com/ht-wln/product,Rp174.500,Paket Handsfree Satuan HT WLN KD-C1 Tanpa Dekstop/Charger duduk,,https://p16-images-sign-sg.tokopedia-static.net/tos-alisg-i-aphluv4xwc-sg/img/VqbcmM/2022/3/30/ffbcded8-427d-49f5-8660-dca6837b305d.jpg~tplv-aphluv4xwc-origin-jpeg.webp?lk3s=7a10017b&x-expires=1782985190&x-signature=sNBVHwb99wbaNYkHQamLzX3JE6w%3D&x-signature-webp=sNBVHwb99wbaNYkHQamLzX3JE6w%3D&ect=4g
1782981693240-8,https://www.tokopedia.com/ht-wln/product,Rp345.500,HT WLN KD-C32 Paket Handsfree,,https://p16-images-sign-sg.tokopedia-static.net/tos-alisg-i-aphluv4xwc-sg/img/VqbcmM/2021/12/21/69837edd-5310-4ce3-8bd7-8170e138875e.jpg~tplv-aphluv4xwc-origin-jpeg.webp?lk3s=7a10017b&x-expires=1782985190&x-signature=hjq8RozgoUNGoophUxdSljEaw58%3D&x-signature-webp=hjq8RozgoUNGoophUxdSljEaw58%3D&ect=4g
1782981693240-9,https://www.tokopedia.com/ht-wln/product,Rp169.500,HT Satuan WLN KD-C32 Hitam,,https://p16-images-sign-sg.tokopedia-static.net/tos-alisg-i-aphluv4xwc-sg/img/VqbcmM/2021/4/26/51e712ac-9a12-4703-8677-10ae9c359915.jpg~tplv-aphluv4xwc-origin-jpeg.webp?lk3s=7a10017b&x-expires=1782985190&x-signature=3RmpxBtZRjkCY2%2BVgqSEVsguim4%3D&x-signature-webp=3RmpxBtZRjkCY2%2BVgqSEVsguim4%3D&ect=4g
1782981693241-10,https://www.tokopedia.com/ht-wln/product,Rp159.500,HT SATUAN WLN KD-C1-Two-Way Radio - tanpa dekstop(Isi1pcs),,https://p19-images-sign-sg.tokopedia-static.net/tos-alisg-i-aphluv4xwc-sg/img/VqbcmM/2021/4/14/bdfc07d7-de92-477c-b169-3e603968bd42.jpg~tplv-aphluv4xwc-origin-jpeg.webp?lk3s=7a10017b&x-expires=1782985190&x-signature=DaaoKYO4dZhQLT5eyvWEcMYkkno%3D&x-signature-webp=DaaoKYO4dZhQLT5eyvWEcMYkkno%3D&ect=4g
1782981693241-11,https://www.tokopedia.com/ht-wln/product,Rp189.900,HT SATUAN WLN Two-Way Radio - LORENG tanpa dekstop,,https://p16-images-sign-sg.tokopedia-static.net/tos-alisg-i-aphluv4xwc-sg/img/VqbcmM/2021/4/13/79d11a25-531b-47a3-9ecc-e08fa7700f32.jpg~tplv-aphluv4xwc-origin-jpeg.webp?lk3s=7a10017b&x-expires=1782985190&x-signature=hYdksiaaVEVgpvOK3w%2FNP678AUM%3D&x-signature-webp=hYdksiaaVEVgpvOK3w%2FNP678AUM%3D&ect=4g
1782981693241-12,https://www.tokopedia.com/ht-wln/product,Rp379.800,Walkie Talkie WLN HT Two-Way Radio - LORENG TanpaDekstop ( ISI 2 PCS ),,https://p16-images-sign-sg.tokopedia-static.net/tos-alisg-i-aphluv4xwc-sg/img/VqbcmM/2021/2/17/0fed40dd-f1c2-412e-91b4-a0d1dcf49a23.jpg~tplv-aphluv4xwc-origin-jpeg.webp?lk3s=7a10017b&x-expires=1782985190&x-signature=3XZAau92CmX9kE9lAZq80sJHwCE%3D&x-signature-webp=3XZAau92CmX9kE9lAZq80sJHwCE%3D&ect=4g
1782981693241-13,https://www.tokopedia.com/ht-wln/product,Rp295.500,"PAKET STANDART HT WLN KD-UV1 DUAL BAND (UHF,VHF) DAYA 5 WATT",,https://p16-images-sign-sg.tokopedia-static.net/tos-alisg-i-aphluv4xwc-sg/img/VqbcmM/2020/12/26/999a526f-309f-40ca-8f9f-4e46a7cc100b.jpg~tplv-aphluv4xwc-origin-jpeg.webp?lk3s=7a10017b&x-expires=1782985190&x-signature=pWeSezshpGQl02r0YvaZLkfFhgo%3D&x-signature-webp=pWeSezshpGQl02r0YvaZLkfFhgo%3D&ect=4g
1782981693241-14,https://www.tokopedia.com/ht-wln/product,Rp280.500,HT WLN KD-UV1 DUAL BAND ( ISI 1 PCS) UHF/VHF/5Watt,,https://p16-images-sign-sg.tokopedia-static.net/tos-alisg-i-aphluv4xwc-sg/img/VqbcmM/2020/12/23/cb292f08-a340-4383-8be4-2ae15cfe0ce2.jpg~tplv-aphluv4xwc-origin-jpeg.webp?lk3s=7a10017b&x-expires=1782985190&x-signature=TduPRFvQIJu7GiroR6gzt09gITo%3D&x-signature-webp=TduPRFvQIJu7GiroR6gzt09gITo%3D&ect=4g
1782981693241-15,https://www.tokopedia.com/ht-wln/product,Rp119.900,HT Walkie Talkie WLN KD - C888 PLUS Baterai 1500mAh ( CV1) Non Dekstop,,https://p16-images-sign-sg.tokopedia-static.net/tos-alisg-i-aphluv4xwc-sg/img/product-1/2020/8/27/6371558/6371558_3ac0510d-3792-4101-9c63-5d4569705ed3_1500_1500~tplv-aphluv4xwc-origin-jpeg.webp?lk3s=7a10017b&x-expires=1782985190&x-signature=34SCgoQbV78%2FP6Y9TO89OY%2BSSJw%3D&x-signature-webp=34SCgoQbV78%2FP6Y9TO89OY%2BSSJw%3D&ect=4g
1782981693241-17,https://www.tokopedia.com/ht-wln/product,Rp259.900,HT Satuan Walkie talkie Two-Way Radio WLN Layar LED KD - C100UHT Satua,,https://p16-images-sign-sg.tokopedia-static.net/tos-alisg-i-aphluv4xwc-sg/img/VqbcmM/2021/3/22/f4b62c84-1ccc-48b8-9bed-1001f653e4d3.jpg~tplv-aphluv4xwc-origin-jpeg.webp?lk3s=7a10017b&x-expires=1782985190&x-signature=Sqo%2FNTbKYmFqsqhgxf6gwBeTuT8%3D&x-signature-webp=Sqo%2FNTbKYmFqsqhgxf6gwBeTuT8%3D&ect=4g
1782981693241-18,https://www.tokopedia.com/ht-wln/product,Rp467.000,Walkie Talkie WLN KD-C32 (Isi 2 Pcs) Hitam Baterai 1500mAH,,https://p16-images-sign-sg.tokopedia-static.net/tos-alisg-i-aphluv4xwc-sg/img/product-1/2020/3/11/6371558/6371558_58fd4435-1517-4502-9cbb-1d77ef8df175_1500_1500~tplv-aphluv4xwc-origin-jpeg.webp?lk3s=7a10017b&x-expires=1782985190&x-signature=tWti3nodGxhTlnVmZRCjvFVcPqo%3D&x-signature-webp=tWti3nodGxhTlnVmZRCjvFVcPqo%3D&ect=4g
1782981693242-19,https://www.tokopedia.com/ht-wln/product,Rp215.500,HT SATUAN Walkie Talkie WLN Two-Way Radio - Loreng Coklat (KD-C1 ),,https://p16-images-sign-sg.tokopedia-static.net/tos-alisg-i-aphluv4xwc-sg/img/product-1/2020/2/15/6371558/6371558_83f377c8-3adf-4658-a5dd-7c0225a1fe1b_1500_1500~tplv-aphluv4xwc-origin-jpeg.webp?lk3s=7a10017b&x-expires=1782985190&x-signature=w4qqnlkLtGPVlGcwSfwaQRsQc7c%3D&x-signature-webp=w4qqnlkLtGPVlGcwSfwaQRsQc7c%3D&ect=4g
1782981693242-20,https://www.tokopedia.com/ht-wln/product,Rp219.900,Paket STANDAR SATUAN HT WLN Two-Way Radio - LORENG HIJAU ARMY 2,,https://p16-images-sign-sg.tokopedia-static.net/tos-alisg-i-aphluv4xwc-sg/img/VqbcmM/2021/3/11/a4458f07-9c2e-40ee-aba1-fe852d450a7f.jpg~tplv-aphluv4xwc-origin-jpeg.webp?lk3s=7a10017b&x-expires=1782985190&x-signature=8HXINcilx%2Fh%2FIexq0ykGetFvd0M%3D&x-signature-webp=8HXINcilx%2Fh%2FIexq0ykGetFvd0M%3D&ect=4g
1782981693242-21,https://www.tokopedia.com/ht-wln/product,Rp189.900,HT SATUAN WLN Two-Way Radio - LORENG HIJAU ARMY 2,,https://p16-images-sign-sg.tokopedia-static.net/tos-alisg-i-aphluv4xwc-sg/img/VqbcmM/2021/3/3/87a8d273-c55b-47ff-8b07-5715a1916aa4.jpg~tplv-aphluv4xwc-origin-jpeg.webp?lk3s=7a10017b&x-expires=1782985190&x-signature=EJ6BghN2YsgyR5pn9cGysd0efPE%3D&x-signature-webp=EJ6BghN2YsgyR5pn9cGysd0efPE%3D&ect=4g
1782981693242-22,https://www.tokopedia.com/ht-wln/product,Rp209.500,Paket Satuan FBI Walkie Talkie WLN HT Two-Way Radio - Hitam,,https://p16-images-sign-sg.tokopedia-static.net/tos-alisg-i-aphluv4xwc-sg/img/VqbcmM/2021/5/7/5b55342e-b762-41e8-b6cf-3ddc6c691f87.jpg~tplv-aphluv4xwc-origin-jpeg.webp?lk3s=7a10017b&x-expires=1782985190&x-signature=o3WwnoifdsHkfVal5z8n1CkuagM%3D&x-signature-webp=o3WwnoifdsHkfVal5z8n1CkuagM%3D&ect=4g
1782981693242-23,https://www.tokopedia.com/ht-wln/product,Rp194.500,Paket Satuan Standar Walkie Talkie WLN Two-Way Radio - HITAM,,https://p16-images-sign-sg.tokopedia-static.net/tos-alisg-i-aphluv4xwc-sg/img/VqbcmM/2021/3/18/323d883b-e91a-48a1-80d4-b07b672f99e4.jpg~tplv-aphluv4xwc-origin-jpeg.webp?lk3s=7a10017b&x-expires=1782985190&x-signature=gcIjQh36NIURtuKX%2FT6UfN5ruwY%3D&x-signature-webp=gcIjQh36NIURtuKX%2FT6UfN5ruwY%3D&ect=4g
1782981693242-25,https://www.tokopedia.com/ht-wln/product,Rp349.000,Paket WalkieTalkie WLN Two-Way Radio - HITAM (ISI 2 pcs) Tanpa Desktop,,https://p16-images-sign-sg.tokopedia-static.net/tos-alisg-i-aphluv4xwc-sg/img/VqbcmM/2021/1/27/a483642e-5978-4e33-b869-00b996a06477.jpg~tplv-aphluv4xwc-origin-jpeg.webp?lk3s=7a10017b&x-expires=1782985190&x-signature=VwX7VynbW2oUpoJBxgpvlV26EQQ%3D&x-signature-webp=VwX7VynbW2oUpoJBxgpvlV26EQQ%3D&ect=4g
1782981693242-26,https://www.tokopedia.com/ht-wln/product,Rp319.000,HT WALKIE TALKIE WLN Two-Way Radio KD-C1 HITAM (ISI 2 PCSTanpaDekstop,,https://p16-images-sign-sg.tokopedia-static.net/tos-alisg-i-aphluv4xwc-sg/img/VqbcmM/2021/1/27/15fb5368-ed00-4fe8-8f2f-fa5bafb59932.jpg~tplv-aphluv4xwc-origin-jpeg.webp?lk3s=7a10017b&x-expires=1782985190&x-signature=DRSpyWgJyKD2TxJ5Z0UEop1Rxwc%3D&x-signature-webp=DRSpyWgJyKD2TxJ5Z0UEop1Rxwc%3D&ect=4g
1782981693242-27,https://www.tokopedia.com/ht-wln/product,Rp419.800,HT WLN Two-Way Radio -LORENG HIJAU ARMY 2 (isi2pcs),,https://p16-images-sign-sg.tokopedia-static.net/tos-alisg-i-aphluv4xwc-sg/img/VqbcmM/2021/2/8/ab7d4e6a-ad59-4325-943c-6a796f014535.jpg~tplv-aphluv4xwc-origin-jpeg.webp?lk3s=7a10017b&x-expires=1782985190&x-signature=73zBipJnfM19yCAoZnuCoKDrUkM%3D&x-signature-webp=73zBipJnfM19yCAoZnuCoKDrUkM%3D&ect=4g
1782981693243-28,https://www.tokopedia.com/ht-wln/product,Rp435.500,Walkie Talkie WLN HT Two-Way Radio KD-C1 (Dengan Layar Digital)-Merah,,https://p16-images-sign-sg.tokopedia-static.net/tos-alisg-i-aphluv4xwc-sg/img/product-1/2019/10/16/6371558/6371558_288ca776-c853-441b-be8b-85d6db0cfdc8_1500_1500~tplv-aphluv4xwc-origin-jpeg.webp?lk3s=7a10017b&x-expires=1782985190&x-signature=WtX7OuVbZB0zMb9XNTKZ8W%2BkM3c%3D&x-signature-webp=WtX7OuVbZB0zMb9XNTKZ8W%2BkM3c%3D&ect=4g
1782981693243-29,https://www.tokopedia.com/ht-wln/product,Rp275.000,Charger Desktop Walkie Talkie KD-C1 6 Port,,https://p16-images-sign-sg.tokopedia-static.net/tos-alisg-i-aphluv4xwc-sg/img/product-1/2019/8/1/6371558/6371558_7585d797-56d8-4d4b-8dff-d07a1bad7000_1500_1500~tplv-aphluv4xwc-origin-jpeg.webp?lk3s=7a10017b&x-expires=1782985190&x-signature=76DnmqhLjTkFuihmgX2hQzge%2BrM%3D&x-signature-webp=76DnmqhLjTkFuihmgX2hQzge%2BrM%3D&ect=4g
1782981693243-30,https://www.tokopedia.com/ht-wln/product,Rp37.500,Handsfree Earphone HT WALKIE TALKIE WLN Model FBI Spiral Tube - HITAM,,https://p16-images-sign-sg.tokopedia-static.net/tos-alisg-i-aphluv4xwc-sg/img/VqbcmM/2021/6/19/30612d5e-2013-4d0e-b1ee-92682b3ee7d5.jpg~tplv-aphluv4xwc-origin-jpeg.webp?lk3s=7a10017b&x-expires=1782985190&x-signature=jBPqrb0nh5lVTL2tWYJEG1AHMb0%3D&x-signature-webp=jBPqrb0nh5lVTL2tWYJEG1AHMb0%3D&ect=4g
1782981693243-31,https://www.tokopedia.com/ht-wln/product,Rp383.900,Paket Hemat FBI Walkie Talkie WLN HT Two-Way Radio - HITAM ( ISI 2pcs),,https://p16-images-sign-sg.tokopedia-static.net/tos-alisg-i-aphluv4xwc-sg/img/VqbcmM/2021/2/27/59b70a7a-b5a8-4ecb-93c6-f26fbd466c9c.jpg~tplv-aphluv4xwc-origin-jpeg.webp?lk3s=7a10017b&x-expires=1782985190&x-signature=XHZsz2nODMy1GBzvmCB1geM%2BWYU%3D&x-signature-webp=XHZsz2nODMy1GBzvmCB1geM%2BWYU%3D&ect=4g
1782981693243-32,https://www.tokopedia.com/ht-wln/product,Rp25.000,Klip Pinggang HT Walkie Talkie KD-C10U & KD-C100U,,https://p16-images-sign-sg.tokopedia-static.net/tos-alisg-i-aphluv4xwc-sg/img/VqbcmM/2021/4/26/036f465b-ced6-4075-9fc2-da0c51a88939.jpg~tplv-aphluv4xwc-origin-jpeg.webp?lk3s=7a10017b&x-expires=1782985190&x-signature=fBUZ6EN19rbSo8Jm8TlTHeHcVvg%3D&x-signature-webp=fBUZ6EN19rbSo8Jm8TlTHeHcVvg%3D&ect=4g
1782981693243-33,https://www.tokopedia.com/ht-wln/product,Rp519.800,Walkie talkie HT Two-Way Radio WLN Layar LED KD - C100U ( isi 2 pcs ),,https://p16-images-sign-sg.tokopedia-static.net/tos-alisg-i-aphluv4xwc-sg/img/product-1/2019/1/22/6371558/6371558_1087a829-2ec9-48c3-8e48-04478a01e9b0_1500_1500.jpg~tplv-aphluv4xwc-origin-jpeg.webp?lk3s=7a10017b&x-expires=1782985190&x-signature=ZiGs8e7gFrKk7B6nc6qgHu5sq8Y%3D&x-signature-webp=ZiGs8e7gFrKk7B6nc6qgHu5sq8Y%3D&ect=4g
1782981693243-34,https://www.tokopedia.com/ht-wln/product,Rp515.500,Paket Lengkap Walkie Talkie WLN HT KD-C10U - HITAM ( ISI 2 PCS),,https://p16-images-sign-sg.tokopedia-static.net/tos-alisg-i-aphluv4xwc-sg/img/product-1/2018/11/13/6371558/6371558_72f27986-c5ce-4e8c-960a-87b1c6b900f3_1500_1500.jpg~tplv-aphluv4xwc-origin-jpeg.webp?lk3s=7a10017b&x-expires=1782985190&x-signature=%2Fvt5QLWHVzZPK1ia1V0vgXxJKGA%3D&x-signature-webp=%2Fvt5QLWHVzZPK1ia1V0vgXxJKGA%3D&ect=4g
1782981693243-35,https://www.tokopedia.com/ht-wln/product,Rp70.000,Kabel / cable data USB program Ht Walkie Talkie WLN ORIGINAL,,https://p16-images-sign-sg.tokopedia-static.net/tos-alisg-i-aphluv4xwc-sg/img/product-1/2018/6/22/6371558/6371558_254c1ade-fc4e-4b92-af68-bd9c1abfa78b_700_700.jpg~tplv-aphluv4xwc-origin-jpeg.webp?lk3s=7a10017b&x-expires=1782985190&x-signature=i2nRD2d5ToYMVTfcOAHweDcypCw%3D&x-signature-webp=i2nRD2d5ToYMVTfcOAHweDcypCw%3D&ect=4g
1782981693243-36,https://www.tokopedia.com/ht-wln/product,Rp29.500,Charger Desktop HT Walkie Talkie WLN KD-C1 ORIGINAL,,https://p16-images-sign-sg.tokopedia-static.net/tos-alisg-i-aphluv4xwc-sg/img/product-1/2018/6/22/6371558/6371558_2c903433-1771-4d27-8e80-57604308dd35_1500_1500.jpg~tplv-aphluv4xwc-origin-jpeg.webp?lk3s=7a10017b&x-expires=1782985190&x-signature=Sbs3QUbOLHI6gXtiqUUxESd0fiM%3D&x-signature-webp=Sbs3QUbOLHI6gXtiqUUxESd0fiM%3D&ect=4g
1782981693243-37,https://www.tokopedia.com/ht-wln/product,Rp389.000,Paket Lengkap Walkie Talkie WLN HT Two-Way Radio - HITAM ( ISI 2 PCS ),,https://p16-images-sign-sg.tokopedia-static.net/tos-alisg-i-aphluv4xwc-sg/img/VqbcmM/2021/2/27/4b837cab-87af-4a77-aa2d-dcb77c860647.jpg~tplv-aphluv4xwc-origin-jpeg.webp?lk3s=7a10017b&x-expires=1782985190&x-signature=xyd3mimBZ%2FunvU707aqTy1%2BwQxk%3D&x-signature-webp=xyd3mimBZ%2FunvU707aqTy1%2BwQxk%3D&ect=4g
1782981693243-38,https://www.tokopedia.com/ht-wln/product,Rp25.000,Klip Pinggang HT Walkie Talkie KD-C1 ( klip gantung ke ikat pinggang ),,https://p16-images-sign-sg.tokopedia-static.net/tos-alisg-i-aphluv4xwc-sg/img/VqbcmM/2021/4/26/63db757e-3996-4214-8074-8e98ebdeec66.jpg~tplv-aphluv4xwc-origin-jpeg.webp?lk3s=7a10017b&x-expires=1782985190&x-signature=YtuOrUZ8y%2Fd07EJ3qqJCOhJIf8w%3D&x-signature-webp=YtuOrUZ8y%2Fd07EJ3qqJCOhJIf8w%3D&ect=4g
1782981693244-39,https://www.tokopedia.com/ht-wln/product,Rp28.500,Earphone WLN Walkie-Talkie Two-Way Radio,,https://p16-images-sign-sg.tokopedia-static.net/tos-alisg-i-aphluv4xwc-sg/img/VqbcmM/2023/8/10/cc1ebbff-fb99-4cb6-b289-bf40de76fc3a.jpg~tplv-aphluv4xwc-origin-jpeg.webp?lk3s=7a10017b&x-expires=1782985190&x-signature=pm6Ru5xSxRUHpf0WNhNZ%2BWyeXRk%3D&x-signature-webp=pm6Ru5xSxRUHpf0WNhNZ%2BWyeXRk%3D&ect=4g
1782981693244-40,https://www.tokopedia.com/ht-wln/product,Rp45.000,Baterai WLN Walkie Talkie Two-Way Radio,,https://p19-images-sign-sg.tokopedia-static.net/tos-alisg-i-aphluv4xwc-sg/img/product-1/2016/12/3/6371558/6371558_5e932edc-b4e5-4e09-b399-dab05c6f1ca0_850_850.jpg~tplv-aphluv4xwc-origin-jpeg.webp?lk3s=7a10017b&x-expires=1782985190&x-signature=f51irellOHpeGiH2tiQV%2BUb9Vss%3D&x-signature-webp=f51irellOHpeGiH2tiQV%2BUb9Vss%3D&ect=4g
1782981693244-41,https://www.tokopedia.com/ht-wln/product,Rp359.000,Walkie Talkie WLN HT Two-Way Radio - HITAM ( ISI 2 PCS ),,https://p19-images-sign-sg.tokopedia-static.net/tos-alisg-i-aphluv4xwc-sg/img/VqbcmM/2021/2/17/a5ff6916-b7fa-411d-b3f4-89c9769a6e6b.jpg~tplv-aphluv4xwc-origin-jpeg.webp?lk3s=7a10017b&x-expires=1782985190&x-signature=nemjFJlL3DLrusOYR8p7zzX0v9s%3D&x-signature-webp=nemjFJlL3DLrusOYR8p7zzX0v9s%3D&ect=4g
1783954410882-1,https://www.tokopedia.com/winlan-wln-indonesia/product,Rp280.500,handy talky winlan wln w 218 kd c170 uhf full set 1736476020431357163,,https://p16-images-sign-sg.tokopedia-static.net/tos-alisg-i-aphluv4xwc-sg/58f3988b223c413d82143ca526d635d5~tplv-aphluv4xwc-origin-jpeg.webp?lk3s=7a10017b&x-expires=1783957917&x-signature=GGL3u0zzI5A1dpOZ9Y5wM6apumk%3D&x-signature-webp=GGL3u0zzI5A1dpOZ9Y5wM6apumk%3D&ect=4g
1783954410882-2,https://www.tokopedia.com/winlan-wln-indonesia/product,Rp519.900,walkie talkie ht two way radio wln kd c100u 2 pcs tanpa layar loreng handsfree 1735756491453859051 1735756436713342187,,https://p16-images-sign-sg.tokopedia-static.net/tos-alisg-i-aphluv4xwc-sg/ab0f3f71a6a94f5aa1ffd9ac96fbd489~tplv-aphluv4xwc-origin-jpeg.webp?lk3s=7a10017b&x-expires=1783957917&x-signature=yCEmPodxI5Ms2lVrzrrgJBb3N88%3D&x-signature-webp=yCEmPodxI5Ms2lVrzrrgJBb3N88%3D&ect=4g
1783954410882-3,https://www.tokopedia.com/winlan-wln-indonesia/product,Rp459.900,walkie talkie ht two way radio wln layar led kd c100u 1735752368465872107 1735752445321315563,,https://p16-images-sign-sg.tokopedia-static.net/tos-alisg-i-aphluv4xwc-sg/c0c82a469f444afa84670bb62bc6d50b~tplv-aphluv4xwc-origin-jpeg.webp?lk3s=7a10017b&x-expires=1783957917&x-signature=SofowacVtMaLL4cJmgsmmg0Wua4%3D&x-signature-webp=SofowacVtMaLL4cJmgsmmg0Wua4%3D&ect=4g
1783954410882-4,https://www.tokopedia.com/winlan-wln-indonesia/product,Rp204.900,ht winlan wln kd c1 loreng isi 1 pcs hf 1729597544464943339,,https://p16-images-common-sign-sg.tokopedia-static.net/tos-maliva-i-o3syd03w52-us/c04865516bd34d6b932532046cf3ff36~tplv-o3syd03w52-origin-jpeg.webp?lk3s=7a10017b&x-expires=1783957917&x-signature=IYQVsTcOrBSW0W31lj4u555xolA%3D&x-signature-webp=IYQVsTcOrBSW0W31lj4u555xolA%3D&ect=4g
1783954410882-5,https://www.tokopedia.com/winlan-wln-indonesia/product,Rp259.900,ht winlan wln kd c100u led uhf isi 1 pcs 1729572589188253931,,https://p16-images-common-sign-sg.tokopedia-static.net/tos-maliva-i-o3syd03w52-us/51fb644983e045cbbcdcc17c4b5861fb~tplv-o3syd03w52-origin-jpeg.webp?lk3s=7a10017b&x-expires=1783957917&x-signature=RpqIXndX%2BXqnFR%2FVHUFvPMXUe94%3D&x-signature-webp=RpqIXndX%2BXqnFR%2FVHUFvPMXUe94%3D&ect=4g
1783954410882-6,https://www.tokopedia.com/winlan-wln-indonesia/product,Rp319.000,ht winlan wln kd c1 uhf isi 2pcs hitam merah putih tanpa charger duduk 1729582081651280107,,https://p16-images-common-sign-sg.tokopedia-static.net/tos-maliva-i-o3syd03w52-us/88ff7e058bad44bfab39e47ceaa3a9c9~tplv-o3syd03w52-origin-jpeg.webp?lk3s=7a10017b&x-expires=1783957917&x-signature=zGjk2HCzRdlvNKcMO617EhqjL78%3D&x-signature-webp=zGjk2HCzRdlvNKcMO617EhqjL78%3D&ect=4g
1783954410882-7,https://www.tokopedia.com/winlan-wln-indonesia/product,Rp359.000,wln winlan ht kd c1 uhf hitam merah putih lengkap charger duduk isi 2pcs 1729428559097006315,,https://p16-images-common-sign-sg.tokopedia-static.net/tos-maliva-i-o3syd03w52-us/8d01afe43ec64883bcf67fe46d9d76a6~tplv-o3syd03w52-origin-jpeg.webp?lk3s=7a10017b&x-expires=1783957917&x-signature=xxCZBMNSwqCvJZk2n77CVOgYoaw%3D&x-signature-webp=xxCZBMNSwqCvJZk2n77CVOgYoaw%3D&ect=4g
1783954410882-8,https://www.tokopedia.com/winlan-wln-indonesia/product,Rp379.800,ht winlan wln kd c1 loreng uhf isi 2pcs tanpa charger duduk 1729582090284140779,,https://p16-images-common-sign-sg.tokopedia-static.net/tos-maliva-i-o3syd03w52-us/f4b9ea1d3be845de8e8c06811d258ab1~tplv-o3syd03w52-origin-jpeg.webp?lk3s=7a10017b&x-expires=1783957917&x-signature=AMuMOCAObUqIt5SPf8Ibdd8VG7w%3D&x-signature-webp=AMuMOCAObUqIt5SPf8Ibdd8VG7w%3D&ect=4g
1783954410882-9,https://www.tokopedia.com/winlan-wln-indonesia/product,Rp589.900,ht winlan wln w 208 ht poc sim card ht gsm 4g spesifikasi eropa 1734324186870285547,,https://p16-images-sign-sg.tokopedia-static.net/tos-alisg-i-aphluv4xwc-sg/55a463bede4a44f8945782ff76b980ef~tplv-aphluv4xwc-origin-jpeg.webp?lk3s=7a10017b&x-expires=1783957917&x-signature=DYu3H2k2F5u2cZ%2BdF0tGgivF7SU%3D&x-signature-webp=DYu3H2k2F5u2cZ%2BdF0tGgivF7SU%3D&ect=4g
1783954410882-10,https://www.tokopedia.com/winlan-wln-indonesia/product,Rp349.000,wln winlan ht walkie talkie kd c1 uhf 2pcs hf 1733205281549616363,,https://p16-images-sign-sg.tokopedia-static.net/tos-alisg-i-aphluv4xwc-sg/img/VqbcmM/2023/3/10/443d24b1-86c1-47ac-8a5a-968f0a3f6b64.png~tplv-aphluv4xwc-origin-jpeg.webp?lk3s=7a10017b&x-expires=1783957917&x-signature=DRuNfwP9f%2FWhBpHUBXlypuLyx4A%3D&x-signature-webp=DRuNfwP9f%2FWhBpHUBXlypuLyx4A%3D&ect=4g
1783954410882-11,https://www.tokopedia.com/winlan-wln-indonesia/product,Rp224.900,ht satuan winlan wln kd c1 uhf corak loreng 1pcs full set 1732875558477202667,,https://p16-images-sign-sg.tokopedia-static.net/tos-alisg-i-aphluv4xwc-sg/12e7f02b676e4b0181d74f6b4169e7b1~tplv-aphluv4xwc-origin-jpeg.webp?lk3s=7a10017b&x-expires=1783957917&x-signature=8I9jalct0EHgZJQfpLvY%2BaukIKE%3D&x-signature-webp=8I9jalct0EHgZJQfpLvY%2BaukIKE%3D&ect=4g
1783954410882-12,https://www.tokopedia.com/winlan-wln-indonesia/product,Rp951.000,handy talky winlan wln w 108 daya 10 watt uhf isi 2 pcs hf 1732696660520109291,,https://p16-images-sign-sg.tokopedia-static.net/tos-alisg-i-aphluv4xwc-sg/9748b5b5f2064012a59e616a52773c45~tplv-aphluv4xwc-origin-jpeg.webp?lk3s=7a10017b&x-expires=1783957917&x-signature=wY%2FDDhvZ%2FWmnWcXjVS9%2FHhSIPD0%3D&x-signature-webp=wY%2FDDhvZ%2FWmnWcXjVS9%2FHhSIPD0%3D&ect=4g
1783954410882-15,https://www.tokopedia.com/winlan-wln-indonesia/product,Rp421.000,ht winlan wln kd c1 uhf corak loreng 2pcs full set 1731046004088276555,,https://p16-images-sign-sg.tokopedia-static.net/tos-alisg-i-aphluv4xwc-sg/img/VqbcmM/2025/3/20/57ef2e66-ecb5-4bd3-b361-1467d55bda13.jpg~tplv-aphluv4xwc-origin-jpeg.webp?lk3s=7a10017b&x-expires=1783957917&x-signature=Q0Yv6916KpFFdtPwO%2B9fKT9ydUo%3D&x-signature-webp=Q0Yv6916KpFFdtPwO%2B9fKT9ydUo%3D&ect=4g
1783954410882-19,https://www.tokopedia.com/winlan-wln-indonesia/product,Rp194.500,wln winlan ht walkie talkie satuan kd c1 uhf full set 1730777425370121803,,https://p16-images-sign-sg.tokopedia-static.net/tos-alisg-i-aphluv4xwc-sg/img/VqbcmM/2025/1/13/9ee504be-0425-4f8e-b501-462547642668.jpg~tplv-aphluv4xwc-origin-jpeg.webp?lk3s=7a10017b&x-expires=1783957917&x-signature=nLvC1Q1RmSFuUNvnozZzbmpN3R0%3D&x-signature-webp=nLvC1Q1RmSFuUNvnozZzbmpN3R0%3D&ect=4g
1783954410882-22,https://www.tokopedia.com/winlan-wln-indonesia/product,Rp389.000,wln winlan ht walkie talkie 1500mah isi 2 pcs uhf hf standart,,https://p16-images-sign-sg.tokopedia-static.net/tos-alisg-i-aphluv4xwc-sg/img/VqbcmM/2024/8/6/d7f7604f-a000-4b6a-81f8-65a4913c16c4.jpg~tplv-aphluv4xwc-origin-jpeg.webp?lk3s=7a10017b&x-expires=1783957917&x-signature=9Ye%2FjOM5MzN%2FILqd1wlMcw%2FODjU%3D&x-signature-webp=9Ye%2FjOM5MzN%2FILqd1wlMcw%2FODjU%3D&ect=4g
1783954410883-23,https://www.tokopedia.com/winlan-wln-indonesia/product,Rp1.322.000,ht wln paket bundling 6 pcs hitam merah putih charger 6 port hf 1732494132075463915,,https://p16-images-sign-sg.tokopedia-static.net/tos-alisg-i-aphluv4xwc-sg/img/VqbcmM/2024/5/29/5e3f29ea-fb7b-4f60-b7ca-b64866cadbc6.jpg~tplv-aphluv4xwc-origin-jpeg.webp?lk3s=7a10017b&x-expires=1783957917&x-signature=u6hAuf%2FPFQwhoNrEetiPvvpZuwU%3D&x-signature-webp=u6hAuf%2FPFQwhoNrEetiPvvpZuwU%3D&ect=4g
1783954410883-24,https://www.tokopedia.com/winlan-wln-indonesia/product,Rp329.800,wln winlan ht walkie talkie kd c888plus uhf isi 2pcs antena panjang 93b4e,,https://p16-images-sign-sg.tokopedia-static.net/tos-alisg-i-aphluv4xwc-sg/img/VqbcmM/2024/4/19/c9d24855-06f2-4624-8a4a-c409d6c94713.jpg~tplv-aphluv4xwc-origin-jpeg.webp?lk3s=7a10017b&x-expires=1783957917&x-signature=ezyfHxivHs8KLxc0uHYsJYWYtZA%3D&x-signature-webp=ezyfHxivHs8KLxc0uHYsJYWYtZA%3D&ect=4g
1783954410883-26,https://www.tokopedia.com/winlan-wln-indonesia/product,Rp245.500,wln winlan ht walkie talkie kd c32 3600mah isi 1 pcs uhf hf,,https://p16-images-sign-sg.tokopedia-static.net/tos-alisg-i-aphluv4xwc-sg/img/VqbcmM/2023/9/6/8cbd369f-4198-4089-9044-3c50ad2bdfce.jpg~tplv-aphluv4xwc-origin-jpeg.webp?lk3s=7a10017b&x-expires=1783957917&x-signature=co2CbY305pj39dEA4CTbWXqufHk%3D&x-signature-webp=co2CbY305pj39dEA4CTbWXqufHk%3D&ect=4g
1783954410883-29,https://www.tokopedia.com/winlan-wln-indonesia/product,Rp259.900,ht satuan walkie talkie kd c100u two way radio wln layar led antena panjang eaa36,,https://p16-images-sign-sg.tokopedia-static.net/tos-alisg-i-aphluv4xwc-sg/img/VqbcmM/2023/8/29/1fdaf127-e57f-48f7-a32e-0a62f9975d02.jpg~tplv-aphluv4xwc-origin-jpeg.webp?lk3s=7a10017b&x-expires=1783957917&x-signature=L%2Bb8TwkhtuC8Us%2BuuW2reHLuLVA%3D&x-signature-webp=L%2Bb8TwkhtuC8Us%2BuuW2reHLuLVA%3D&ect=4g
1783954410883-30,https://www.tokopedia.com/winlan-wln-indonesia/product,Rp319.000,wln winlan ht paket merdeka merah putih isi 2 pcs all variant merdeka f4c61,,https://p16-images-sign-sg.tokopedia-static.net/tos-alisg-i-aphluv4xwc-sg/img/VqbcmM/2023/7/17/661f0cbe-7dfb-453d-8c2b-be10e0e06026.jpg~tplv-aphluv4xwc-origin-jpeg.webp?lk3s=7a10017b&x-expires=1783957917&x-signature=x%2BbRcSWYd4rYnRcZLlv%2FmwSujVQ%3D&x-signature-webp=x%2BbRcSWYd4rYnRcZLlv%2FmwSujVQ%3D&ect=4g
1783954410883-32,https://www.tokopedia.com/winlan-wln-indonesia/product,Rp485.500,ht winlan wln kd c2800 waterproof ip67 walkie talkie uhf tahan air debu cocok untuk outdoor keamanan touring hiking 1 pcs kuat ringan jangkauan jauh anti air ip67 1731396057324291307,,https://p16-images-sign-sg.tokopedia-static.net/tos-alisg-i-aphluv4xwc-sg/img/VqbcmM/2023/9/6/7ca76f96-5be9-43c3-8f4a-c2f90d335efc.jpg~tplv-aphluv4xwc-origin-jpeg.webp?lk3s=7a10017b&x-expires=1783957917&x-signature=9g9%2FrhHOzdkXoEzMX019PU1ZPk0%3D&x-signature-webp=9g9%2FrhHOzdkXoEzMX019PU1ZPk0%3D&ect=4g
1783954410883-33,https://www.tokopedia.com/winlan-wln-indonesia/product,Rp199.500,ht walkie talkie rqxo kd c308 uhf hf connect ht wln paket standar,,https://p16-images-sign-sg.tokopedia-static.net/tos-alisg-i-aphluv4xwc-sg/img/VqbcmM/2023/3/10/414daf97-78aa-4119-9025-71ce7cb6ac3e.png~tplv-aphluv4xwc-origin-jpeg.webp?lk3s=7a10017b&x-expires=1783957917&x-signature=%2F2PpFU8%2Bi9caqqM8JLZ0LhediPo%3D&x-signature-webp=%2F2PpFU8%2Bi9caqqM8JLZ0LhediPo%3D&ect=4g
1783954410883-37,https://www.tokopedia.com/winlan-wln-indonesia/product,Rp381.000,wln winlan ht walkie talkie kd c1 uhf loreng 2pcs hf loreng hijau,,https://p16-images-sign-sg.tokopedia-static.net/tos-alisg-i-aphluv4xwc-sg/img/VqbcmM/2023/3/10/a40c09b9-1cc0-4933-9d3d-8373f20da55b.png~tplv-aphluv4xwc-origin-jpeg.webp?lk3s=7a10017b&x-expires=1783957917&x-signature=XYZX%2BmEzG%2Bp2qmpGHea1l3SRVNI%3D&x-signature-webp=XYZX%2BmEzG%2Bp2qmpGHea1l3SRVNI%3D&ect=4g
1783954410883-39,https://www.tokopedia.com/winlan-wln-indonesia/product,Rp164.900,ht wln kd c888 plus baterai 1500mah tanpa desktop 888s plus 1pcs 1731555722924229867,,https://p16-images-sign-sg.tokopedia-static.net/tos-alisg-i-aphluv4xwc-sg/img/VqbcmM/2023/3/10/de758419-b17e-46ab-83a3-c274acd541e7.png~tplv-aphluv4xwc-origin-jpeg.webp?lk3s=7a10017b&x-expires=1783957917&x-signature=RaMZ6B%2FdTs6%2FDtROPnK3OHmWUn4%3D&x-signature-webp=RaMZ6B%2FdTs6%2FDtROPnK3OHmWUn4%3D&ect=4g
1783954410883-40,https://www.tokopedia.com/winlan-wln-indonesia/product,Rp310.500,paket standart ht wln kd uv1 dual band uhf vhf daya 5 watt paket standar,,https://p19-images-sign-sg.tokopedia-static.net/tos-alisg-i-aphluv4xwc-sg/img/VqbcmM/2023/3/10/dd02009b-d695-4a6c-aa1e-16ecc9f7a77b.png~tplv-aphluv4xwc-origin-jpeg.webp?lk3s=7a10017b&x-expires=1783957917&x-signature=ajZ5Tc27F24CfWMqvaNFIiC6DMo%3D&x-signature-webp=ajZ5Tc27F24CfWMqvaNFIiC6DMo%3D&ect=4g
1783954410883-41,https://www.tokopedia.com/winlan-wln-indonesia/product,Rp159.500,wln winlan ht satuan walkie talkie kd c1 uhf tanpa dekstop hitam,,https://p16-images-sign-sg.tokopedia-static.net/tos-alisg-i-aphluv4xwc-sg/img/VqbcmM/2023/3/10/ff4b59f8-0c51-43fb-8871-49847e977be9.png~tplv-aphluv4xwc-origin-jpeg.webp?lk3s=7a10017b&x-expires=1783957917&x-signature=n75PsCv%2FeFAqz1I2hjOEVR2Rr6I%3D&x-signature-webp=n75PsCv%2FeFAqz1I2hjOEVR2Rr6I%3D&ect=4g
1783954968335-1,https://www.tokopedia.com/baofengindonesia/product,Rp600.000,baofeng bf a58 new 5w walkie talkie ht baofeng indonesia 1736509622192211663,,https://p16-images-sign-sg.tokopedia-static.net/tos-alisg-i-aphluv4xwc-sg/2a59c88885994fd49ae2925e1248ca76~tplv-aphluv4xwc-origin-jpeg.webp?lk3s=7a10017b&x-expires=1783958504&x-signature=u72VVYtb%2F8iG0rqHVNLHqsTvqQI%3D&x-signature-webp=u72VVYtb%2F8iG0rqHVNLHqsTvqQI%3D&ect=4g
1783954968335-2,https://www.tokopedia.com/baofengindonesia/product,Rp300.000,baofeng bf 888s 2w walkie talkie ht baofeng indonesia 1736509565868869327,,https://p16-images-sign-sg.tokopedia-static.net/tos-alisg-i-aphluv4xwc-sg/3442c9a4072c4561bb2fb587dc6332e7~tplv-aphluv4xwc-origin-jpeg.webp?lk3s=7a10017b&x-expires=1783958504&x-signature=7EKVJCEFPUJPSqUBwl8%2FeB9kwsw%3D&x-signature-webp=7EKVJCEFPUJPSqUBwl8%2FeB9kwsw%3D&ect=4g
1783954968335-3,https://www.tokopedia.com/baofengindonesia/product,Rp200.000,baofeng bf mini 2w walkie talkie ht 1735246556517271247,,https://p16-images-sign-sg.tokopedia-static.net/tos-alisg-i-aphluv4xwc-sg/e30b37825a6241c5a0e9846396ef6028~tplv-aphluv4xwc-origin-jpeg.webp?lk3s=7a10017b&x-expires=1783958504&x-signature=TXKWEjI%2B28enIVA1KJZDMnKQaHo%3D&x-signature-webp=TXKWEjI%2B28enIVA1KJZDMnKQaHo%3D&ect=4g
1783954968335-4,https://www.tokopedia.com/baofengindonesia/product,Rp150.000,baterai ht baofeng uv 82 baofeng indonesia 1734210905064441551,,https://p16-images-sign-sg.tokopedia-static.net/tos-alisg-i-aphluv4xwc-sg/4ed6adf497624864bc01b3d054c16511~tplv-aphluv4xwc-origin-jpeg.webp?lk3s=7a10017b&x-expires=1783958504&x-signature=8zVajR%2BG1YnqTprP3Ll%2B3799igA%3D&x-signature-webp=8zVajR%2BG1YnqTprP3Ll%2B3799igA%3D&ect=4g
1783954968335-5,https://www.tokopedia.com/baofengindonesia/product,Rp490.000,baofeng uv 5r mini 5w walkie talkie ht baofeng indonesia 1733264901712873167,,https://p16-images-sign-sg.tokopedia-static.net/tos-alisg-i-aphluv4xwc-sg/b8c27a2c34c74f5fb834775671fd1c1f~tplv-aphluv4xwc-origin-jpeg.webp?lk3s=7a10017b&x-expires=1783958504&x-signature=my9dg639Xxd16EZ9YzvzqPxHA2E%3D&x-signature-webp=my9dg639Xxd16EZ9YzvzqPxHA2E%3D&ect=4g
1783954968335-6,https://www.tokopedia.com/baofengindonesia/product,Rp50.000,antena ht baofeng dual band 1730166568500365007,,https://p16-images-sign-sg.tokopedia-static.net/tos-alisg-i-aphluv4xwc-sg/img/VqbcmM/2024/7/23/47b920f1-8692-4fa1-8856-30ef1c6659a2.jpg~tplv-aphluv4xwc-origin-jpeg.webp?lk3s=7a10017b&x-expires=1783958504&x-signature=McauedtkH0GjeDotadSl2BHBbwI%3D&x-signature-webp=McauedtkH0GjeDotadSl2BHBbwI%3D&ect=4g
1783954968335-7,https://www.tokopedia.com/baofengindonesia/product,Rp600.000,baofeng bf h7 5w walkie talkie ht baofeng indonesia 1730166566063277775,,https://p16-images-sign-sg.tokopedia-static.net/tos-alisg-i-aphluv4xwc-sg/5c4c9124da0c4679926e5f9e205ec86e~tplv-aphluv4xwc-origin-jpeg.webp?lk3s=7a10017b&x-expires=1783958504&x-signature=2JUwRfJZMLe%2BcVrG9NHdESeixm0%3D&x-signature-webp=2JUwRfJZMLe%2BcVrG9NHdESeixm0%3D&ect=4g
1783954968335-8,https://www.tokopedia.com/baofengindonesia/product,Rp150.000,baofeng uv 13 pro bl 13uv 1730166564987242191,,https://p16-images-sign-sg.tokopedia-static.net/tos-alisg-i-aphluv4xwc-sg/img/VqbcmM/2024/6/24/fb74215a-aca8-4abd-884a-c7edaa282104.jpg~tplv-aphluv4xwc-origin-jpeg.webp?lk3s=7a10017b&x-expires=1783958504&x-signature=zVjzkExjI%2BZZh48Q5m3uBsaCr3w%3D&x-signature-webp=zVjzkExjI%2BZZh48Q5m3uBsaCr3w%3D&ect=4g
1783954968335-9,https://www.tokopedia.com/baofengindonesia/product,Rp75.000,adaptor charger ht baofeng 1730166568543946447,,https://p16-images-sign-sg.tokopedia-static.net/tos-alisg-i-aphluv4xwc-sg/img/VqbcmM/2022/11/4/d8889217-e6d2-4427-af9e-aaf3c5729d7b.png~tplv-aphluv4xwc-origin-jpeg.webp?lk3s=7a10017b&x-expires=1783958504&x-signature=gDVxJibTiwpLUZIMeOiUQdTBh%2Bc%3D&x-signature-webp=gDVxJibTiwpLUZIMeOiUQdTBh%2Bc%3D&ect=4g
1783954968335-10,https://www.tokopedia.com/baofengindonesia/product,Rp150.000,baterai ht baofeng uv 12 bl 12uv 1730166567855163087,,https://p16-images-sign-sg.tokopedia-static.net/tos-alisg-i-aphluv4xwc-sg/img/VqbcmM/2024/6/24/574497f6-6296-4e75-a467-7f0893186131.jpg~tplv-aphluv4xwc-origin-jpeg.webp?lk3s=7a10017b&x-expires=1783958504&x-signature=BsCeS%2B%2BoL6RkkXKXeALbZ2T4MHc%3D&x-signature-webp=BsCeS%2B%2BoL6RkkXKXeALbZ2T4MHc%3D&ect=4g
1783954968335-11,https://www.tokopedia.com/baofengindonesia/product,Rp400.000,baofeng uv e70 5w walkie talkie ht baofeng indonesia 1730166566728009423,,https://p16-images-sign-sg.tokopedia-static.net/tos-alisg-i-aphluv4xwc-sg/img/VqbcmM/2023/5/23/7f8959fa-b104-4d89-87a7-8c40f5349599.png~tplv-aphluv4xwc-origin-jpeg.webp?lk3s=7a10017b&x-expires=1783958504&x-signature=qS6qB4haUYXMm6lZfAJHe9ZtAqs%3D&x-signature-webp=qS6qB4haUYXMm6lZfAJHe9ZtAqs%3D&ect=4g
1783954968335-12,https://www.tokopedia.com/baofengindonesia/product,Rp150.000,baterai ht baofeng uv 10 bl 10uv 1730166568567015119,,https://p19-images-sign-sg.tokopedia-static.net/tos-alisg-i-aphluv4xwc-sg/img/VqbcmM/2024/6/24/0dac09b2-08d6-4023-add0-d00c3c51a984.jpg~tplv-aphluv4xwc-origin-jpeg.webp?lk3s=7a10017b&x-expires=1783958504&x-signature=%2FSs9F0PmlkX43%2BQ9pZvnOzUtFiI%3D&x-signature-webp=%2FSs9F0PmlkX43%2BQ9pZvnOzUtFiI%3D&ect=4g
1783954968335-13,https://www.tokopedia.com/baofengindonesia/product,Rp800.000,baofeng uv 25 quad band 5w walkie talkie ht baofeng indonesia 1730666748018919119,,https://p16-images-sign-sg.tokopedia-static.net/tos-alisg-i-aphluv4xwc-sg/84d0a499f98542f1856cd78b73efa36c~tplv-aphluv4xwc-origin-jpeg.webp?lk3s=7a10017b&x-expires=1783958504&x-signature=dQFGS38823jF3TFo%2BUU7X4m%2FqdA%3D&x-signature-webp=dQFGS38823jF3TFo%2BUU7X4m%2FqdA%3D&ect=4g
1783954968335-14,https://www.tokopedia.com/baofengindonesia/product,Rp275.000,baofeng v88 2w cloning walkie talkie ht baofeng indonesia 1730519745044514511,,https://p16-images-sign-sg.tokopedia-static.net/tos-alisg-i-aphluv4xwc-sg/a54af46b426a41ae9d01cf87395f8456~tplv-aphluv4xwc-origin-jpeg.webp?lk3s=7a10017b&x-expires=1783958504&x-signature=3kIir6vt4DFmRtROqsj7JXxp1fw%3D&x-signature-webp=3kIir6vt4DFmRtROqsj7JXxp1fw%3D&ect=4g
1783954968335-15,https://www.tokopedia.com/baofengindonesia/product,Rp150.000,baterai baofeng uv 13 pro bl 13uv,,https://p16-images-sign-sg.tokopedia-static.net/tos-alisg-i-aphluv4xwc-sg/img/VqbcmM/2024/11/22/ce0f14f8-16ab-4353-8009-ed466c04320f.jpg~tplv-aphluv4xwc-origin-jpeg.webp?lk3s=7a10017b&x-expires=1783958504&x-signature=sSLs2AVgFpl4aBVOObNWejd0fhk%3D&x-signature-webp=sSLs2AVgFpl4aBVOObNWejd0fhk%3D&ect=4g
1783954968335-16,https://www.tokopedia.com/baofengindonesia/product,Rp90.000,charger adaptor baofeng bf t1,,https://p16-images-sign-sg.tokopedia-static.net/tos-alisg-i-aphluv4xwc-sg/img/VqbcmM/2024/6/25/1c5ae103-f8e0-473a-8bb3-3c34b6f5e679.jpg~tplv-aphluv4xwc-origin-jpeg.webp?lk3s=7a10017b&x-expires=1783958504&x-signature=xe9vcbGjuC3jvU1LhQLgQhRtl50%3D&x-signature-webp=xe9vcbGjuC3jvU1LhQLgQhRtl50%3D&ect=4g
1783954968335-17,https://www.tokopedia.com/baofengindonesia/product,Rp150.000,charger ht baofeng bf h7,,https://p16-images-sign-sg.tokopedia-static.net/tos-alisg-i-aphluv4xwc-sg/img/VqbcmM/2024/6/25/709b3581-b279-424a-822c-a074f74496d4.jpg~tplv-aphluv4xwc-origin-jpeg.webp?lk3s=7a10017b&x-expires=1783958504&x-signature=I3KpiBZd6enJXTK2MntXgmAueCw%3D&x-signature-webp=I3KpiBZd6enJXTK2MntXgmAueCw%3D&ect=4g
1783954968335-18,https://www.tokopedia.com/baofengindonesia/product,Rp150.000,charger ht baofeng bf a58s,,https://p16-images-sign-sg.tokopedia-static.net/tos-alisg-i-aphluv4xwc-sg/img/VqbcmM/2024/6/25/be7440cf-de80-4e57-9a15-1feb4dd7b136.jpg~tplv-aphluv4xwc-origin-jpeg.webp?lk3s=7a10017b&x-expires=1783958504&x-signature=1lKHOLy%2Fb26yY1jq%2F7cEukmOw4Q%3D&x-signature-webp=1lKHOLy%2Fb26yY1jq%2F7cEukmOw4Q%3D&ect=4g
1783954968335-19,https://www.tokopedia.com/baofengindonesia/product,Rp150.000,charger ht baofeng uv 9r pro walkie 1731228384705283791,,https://p16-images-sign-sg.tokopedia-static.net/tos-alisg-i-aphluv4xwc-sg/img/VqbcmM/2024/6/25/9e12270a-2696-4859-a59c-b86fc5dd6474.jpg~tplv-aphluv4xwc-origin-jpeg.webp?lk3s=7a10017b&x-expires=1783958504&x-signature=2yw%2FKEI5c0%2FffXWat0GjWZ6t6Lg%3D&x-signature-webp=2yw%2FKEI5c0%2FffXWat0GjWZ6t6Lg%3D&ect=4g
1783954968335-20,https://www.tokopedia.com/baofengindonesia/product,Rp150.000,baterai ht baofeng uv 5rh bl 5rh,,https://p19-images-sign-sg.tokopedia-static.net/tos-alisg-i-aphluv4xwc-sg/img/VqbcmM/2024/6/24/b9c0fe4b-a66c-45d6-a8aa-7c08029bdfe9.jpg~tplv-aphluv4xwc-origin-jpeg.webp?lk3s=7a10017b&x-expires=1783958504&x-signature=J3Qr%2BJXQHRJ3MDNy8i%2F5xD7xcf0%3D&x-signature-webp=J3Qr%2BJXQHRJ3MDNy8i%2F5xD7xcf0%3D&ect=4g
1783954968335-21,https://www.tokopedia.com/baofengindonesia/product,Rp150.000,baterai ht baofeng uv 12 bl 12uv,,https://p16-images-sign-sg.tokopedia-static.net/tos-alisg-i-aphluv4xwc-sg/img/VqbcmM/2024/6/24/574497f6-6296-4e75-a467-7f0893186131.jpg~tplv-aphluv4xwc-origin-jpeg.webp?lk3s=7a10017b&x-expires=1783958504&x-signature=BsCeS%2B%2BoL6RkkXKXeALbZ2T4MHc%3D&x-signature-webp=BsCeS%2B%2BoL6RkkXKXeALbZ2T4MHc%3D&ect=4g
1783954968335-22,https://www.tokopedia.com/baofengindonesia/product,Rp150.000,baterai ht baofeng uv 10r,,https://p16-images-sign-sg.tokopedia-static.net/tos-alisg-i-aphluv4xwc-sg/img/VqbcmM/2024/6/24/a94d521e-7837-4998-abf6-3870c00ab388.jpg~tplv-aphluv4xwc-origin-jpeg.webp?lk3s=7a10017b&x-expires=1783958504&x-signature=fSdeK7Js42GisBiqEQ%2F4V6p%2B%2BTQ%3D&x-signature-webp=fSdeK7Js42GisBiqEQ%2F4V6p%2B%2BTQ%3D&ect=4g
1783954968335-23,https://www.tokopedia.com/baofengindonesia/product,Rp150.000,baterai ht baofeng uv 10 bl 10uv,,https://p16-images-sign-sg.tokopedia-static.net/tos-alisg-i-aphluv4xwc-sg/img/VqbcmM/2024/6/24/0dac09b2-08d6-4023-add0-d00c3c51a984.jpg~tplv-aphluv4xwc-origin-jpeg.webp?lk3s=7a10017b&x-expires=1783958504&x-signature=xwhiM3W4cPy%2FG1FyRgeD05b6npY%3D&x-signature-webp=xwhiM3W4cPy%2FG1FyRgeD05b6npY%3D&ect=4g
1783954968335-24,https://www.tokopedia.com/baofengindonesia/product,Rp150.000,baterai ht baofeng bf h7 dm 82,,https://p16-images-sign-sg.tokopedia-static.net/tos-alisg-i-aphluv4xwc-sg/img/VqbcmM/2024/6/24/679e3e8d-60c8-402a-9969-2d6fb55bf03d.jpg~tplv-aphluv4xwc-origin-jpeg.webp?lk3s=7a10017b&x-expires=1783958504&x-signature=2SyI9eme%2Bp4DgGPUz1HQnOuuEmE%3D&x-signature-webp=2SyI9eme%2Bp4DgGPUz1HQnOuuEmE%3D&ect=4g
1783954968335-25,https://www.tokopedia.com/baofengindonesia/product,Rp150.000,charger ht baofeng dm x,,https://p16-images-common-sign-sg.tokopedia-static.net/tos-maliva-i-o3syd03w52-us/59f881e8add341b1856806cab890033d~tplv-o3syd03w52-origin-jpeg.webp?lk3s=7a10017b&x-expires=1783958504&x-signature=uuh3dKUEG%2Bkc8Ey%2FXG0jU0gIiGg%3D&x-signature-webp=uuh3dKUEG%2Bkc8Ey%2FXG0jU0gIiGg%3D&ect=4g
1783954968336-26,https://www.tokopedia.com/baofengindonesia/product,Rp150.000,charger ht baofeng uv 6r,,https://p16-images-common-sign-sg.tokopedia-static.net/tos-maliva-i-o3syd03w52-us/e2e1b57f7442446d87c69b5a1ed70bb1~tplv-o3syd03w52-origin-jpeg.webp?lk3s=7a10017b&x-expires=1783958504&x-signature=T3dd22WH4p%2FXcPlHA%2FPpbP%2Fy3wI%3D&x-signature-webp=T3dd22WH4p%2FXcPlHA%2FPpbP%2Fy3wI%3D&ect=4g
1783954968336-27,https://www.tokopedia.com/baofengindonesia/product,Rp150.000,charger ht baofeng uv 9r plus new,,https://p16-images-common-sign-sg.tokopedia-static.net/tos-maliva-i-o3syd03w52-us/6935ef7f70cf49f584ae3c68b7b5fa9d~tplv-o3syd03w52-origin-jpeg.webp?lk3s=7a10017b&x-expires=1783958504&x-signature=FfO4pKtmys2oWhtq7U7ErkIlOS0%3D&x-signature-webp=FfO4pKtmys2oWhtq7U7ErkIlOS0%3D&ect=4g
1783954968336-28,https://www.tokopedia.com/baofengindonesia/product,Rp150.000,baterai ht baofeng uv 9r pro,,https://p16-images-common-sign-sg.tokopedia-static.net/tos-maliva-i-o3syd03w52-us/566bdeeed3be4c95adb18c235b163580~tplv-o3syd03w52-origin-jpeg.webp?lk3s=7a10017b&x-expires=1783958504&x-signature=JECOg6IGrzKtt05wdHh7mgem%2FMA%3D&x-signature-webp=JECOg6IGrzKtt05wdHh7mgem%2FMA%3D&ect=4g
1783954968336-29,https://www.tokopedia.com/baofengindonesia/product,Rp150.000,baterai ht baofeng uv 9r plus new,,https://p16-images-common-sign-sg.tokopedia-static.net/tos-maliva-i-o3syd03w52-us/27579ad976fb497d8b8652e380cbd23b~tplv-o3syd03w52-origin-jpeg.webp?lk3s=7a10017b&x-expires=1783958504&x-signature=4ZlRJYANXMY30Up%2FIS7tF3EaTkw%3D&x-signature-webp=4ZlRJYANXMY30Up%2FIS7tF3EaTkw%3D&ect=4g
1783954968336-30,https://www.tokopedia.com/baofengindonesia/product,Rp550.000,baofeng uv 13 pro 5w walkie talkie ht baofeng indonesia 1732629980614919887,,https://p16-images-sign-sg.tokopedia-static.net/tos-alisg-i-aphluv4xwc-sg/455b7ad5182d4e0388ad6ce97543b407~tplv-aphluv4xwc-origin-jpeg.webp?lk3s=7a10017b&x-expires=1783958504&x-signature=Vgszqpd62Anlss65BzeySk81GTw%3D&x-signature-webp=Vgszqpd62Anlss65BzeySk81GTw%3D&ect=4g
1783954968336-31,https://www.tokopedia.com/baofengindonesia/product,Rp600.000,baofeng uv 17 5w walkie talkie ht baofeng indonesia 1731228414529472207,,https://p16-images-sign-sg.tokopedia-static.net/tos-alisg-i-aphluv4xwc-sg/img/VqbcmM/2023/3/30/7a15811e-4f1c-45e7-8017-0271e4e0993d.png~tplv-aphluv4xwc-origin-jpeg.webp?lk3s=7a10017b&x-expires=1783958504&x-signature=OEz%2FtMKPIsAX7hnTrdrx6XW9BZQ%3D&x-signature-webp=OEz%2FtMKPIsAX7hnTrdrx6XW9BZQ%3D&ect=4g
1783954968336-32,https://www.tokopedia.com/baofengindonesia/product,Rp200.000,baterai ht baofeng dm x,,https://p16-images-common-sign-sg.tokopedia-static.net/tos-maliva-i-o3syd03w52-us/73d0c4214b1444b5a9c8cb35a8d1e02a~tplv-o3syd03w52-origin-jpeg.webp?lk3s=7a10017b&x-expires=1783958504&x-signature=4K3ZkPtc9JQ00X3IXLe4gf4EKik%3D&x-signature-webp=4K3ZkPtc9JQ00X3IXLe4gf4EKik%3D&ect=4g
1783954968336-33,https://www.tokopedia.com/baofengindonesia/product,Rp560.000,baofeng uv 9r pro 5w walkie talkie ht baofeng indonesia 1729713768572488399,,https://p16-images-sign-sg.tokopedia-static.net/tos-alisg-i-aphluv4xwc-sg/26a7a6b0ff404a3ca3dc7b74be882c8d~tplv-aphluv4xwc-origin-jpeg.webp?lk3s=7a10017b&x-expires=1783958504&x-signature=0rVNrhvM5DEmajzrl5IKFl7PvLo%3D&x-signature-webp=0rVNrhvM5DEmajzrl5IKFl7PvLo%3D&ect=4g
1783954968336-34,https://www.tokopedia.com/baofengindonesia/product,Rp400.000,baofeng bf t17 set 2 unit 2w walkie talkie baofeng indonesia 1731228398141277903,,https://p16-images-sign-sg.tokopedia-static.net/tos-alisg-i-aphluv4xwc-sg/89f67e37a1454caeb92f0ca7d6a11890~tplv-aphluv4xwc-origin-jpeg.webp?lk3s=7a10017b&x-expires=1783958504&x-signature=3LTMTgrNWx7gg%2FE%2BeRk913cwank%3D&x-signature-webp=3LTMTgrNWx7gg%2FE%2BeRk913cwank%3D&ect=4g
1783954968336-35,https://www.tokopedia.com/baofengindonesia/product,Rp75.000,adaptor charger ht baofeng,,https://p16-images-common-sign-sg.tokopedia-static.net/tos-maliva-i-o3syd03w52-us/fdb8e4f6c2c24ba1a54500beef89181f~tplv-o3syd03w52-origin-jpeg.webp?lk3s=7a10017b&x-expires=1783958504&x-signature=49GQQWc%2FGaUvBVe5sY78pcNzIho%3D&x-signature-webp=49GQQWc%2FGaUvBVe5sY78pcNzIho%3D&ect=4g
1783954968336-36,https://www.tokopedia.com/baofengindonesia/product,Rp150.000,charger ht baofeng gt 3tp,,https://p16-images-sign-sg.tokopedia-static.net/tos-alisg-i-aphluv4xwc-sg/b1fc68ca8de4451e97d4aca5bb53c54e~tplv-aphluv4xwc-origin-jpeg.webp?lk3s=7a10017b&x-expires=1783958504&x-signature=ZjUXyfmABqUKnXgT1fD1mgp2zp8%3D&x-signature-webp=ZjUXyfmABqUKnXgT1fD1mgp2zp8%3D&ect=4g
1783954968336-37,https://www.tokopedia.com/baofengindonesia/product,Rp100.000,baterai eliminator charger ht baofeng,,https://p16-images-common-sign-sg.tokopedia-static.net/tos-maliva-i-o3syd03w52-us/a50634a30edf42fdaa54998239a137f4~tplv-o3syd03w52-origin-jpeg.webp?lk3s=7a10017b&x-expires=1783958504&x-signature=uF66INKFDJXijWFuprXaqnzexYk%3D&x-signature-webp=uF66INKFDJXijWFuprXaqnzexYk%3D&ect=4g
1783954968336-38,https://www.tokopedia.com/baofengindonesia/product,Rp380.000,baofeng bf 888s set 2 unit 2w walkie talkie ht baofeng indonesia 1731228414485432015,,https://p16-images-sign-sg.tokopedia-static.net/tos-alisg-i-aphluv4xwc-sg/a13f2883d97741e7a5f022f7aab4e47a~tplv-aphluv4xwc-origin-jpeg.webp?lk3s=7a10017b&x-expires=1783958504&x-signature=mUFxJ2QGnIc19Kdf4K7fw5mFY38%3D&x-signature-webp=mUFxJ2QGnIc19Kdf4K7fw5mFY38%3D&ect=4g
1783954968336-39,https://www.tokopedia.com/baofengindonesia/product,Rp400.000,baofeng uv 6r 5w walkie talkie ht baofeng indonesia 1729645843697928911,,https://p16-images-sign-sg.tokopedia-static.net/tos-alisg-i-aphluv4xwc-sg/b56e057d0aa4498c8e9195ca1d4c7c8e~tplv-aphluv4xwc-origin-jpeg.webp?lk3s=7a10017b&x-expires=1783958504&x-signature=PkywyQN%2BH3jUS7xXsf3QhkK%2Fe90%3D&x-signature-webp=PkywyQN%2BH3jUS7xXsf3QhkK%2Fe90%3D&ect=4g
1783954968336-40,https://www.tokopedia.com/baofengindonesia/product,Rp90.000,charger baofeng bf 888s,,https://p16-images-sign-sg.tokopedia-static.net/tos-alisg-i-aphluv4xwc-sg/6cfcb06a57ab441b99b29b8b7715e2d4~tplv-aphluv4xwc-origin-jpeg.webp?lk3s=7a10017b&x-expires=1783958504&x-signature=dYEEM1F4ZyKEOU0Q4n82IzL2T4k%3D&x-signature-webp=dYEEM1F4ZyKEOU0Q4n82IzL2T4k%3D&ect=4g
1783954968336-41,https://www.tokopedia.com/baofengindonesia/product,Rp450.000,baofeng uv s9 plus 5w walkie talkie ht baofeng indonesia 1730166567855556303,,https://p16-images-sign-sg.tokopedia-static.net/tos-alisg-i-aphluv4xwc-sg/7042322de49f420ba15b2d25243c6501~tplv-aphluv4xwc-origin-jpeg.webp?lk3s=7a10017b&x-expires=1783958504&x-signature=WMjArGcOTMfa9Beynho0TO0URnU%3D&x-signature-webp=WMjArGcOTMfa9Beynho0TO0URnU%3D&ect=4g
1783954968336-42,https://www.tokopedia.com/baofengindonesia/product,Rp450.000,baofeng uv 10r 5w walkie talkie ht baofeng indonesia 1729645849798740687,,https://p16-images-sign-sg.tokopedia-static.net/tos-alisg-i-aphluv4xwc-sg/57dffa49a2d94a0e92887519462ab2da~tplv-aphluv4xwc-origin-jpeg.webp?lk3s=7a10017b&x-expires=1783958504&x-signature=r%2Fbk3L2vVj3D4nhnAtt%2F0MHxaU0%3D&x-signature-webp=r%2Fbk3L2vVj3D4nhnAtt%2F0MHxaU0%3D&ect=4g
1783954968336-43,https://www.tokopedia.com/baofengindonesia/product,Rp520.000,baofeng uv 5r 8w walkie talkie ht baofeng indonesia 1731228444324693711,,https://p16-images-sign-sg.tokopedia-static.net/tos-alisg-i-aphluv4xwc-sg/e066646add2f483ba992baf1a2c774da~tplv-aphluv4xwc-origin-jpeg.webp?lk3s=7a10017b&x-expires=1783958504&x-signature=9zFw3cP1DPH8tunGHk5wnEa6Emg%3D&x-signature-webp=9zFw3cP1DPH8tunGHk5wnEa6Emg%3D&ect=4g
1783954968336-44,https://www.tokopedia.com/baofengindonesia/product,Rp550.000,baofeng uv 9r plus new 5w walkie talkie ht baofeng indonesia 1731257141628602063,,https://p16-images-sign-sg.tokopedia-static.net/tos-alisg-i-aphluv4xwc-sg/3e88c60761ab45e598e1fd485cc84c3d~tplv-aphluv4xwc-origin-jpeg.webp?lk3s=7a10017b&x-expires=1783958504&x-signature=RJMsdvYdNDjeZTo5ynpXai4PC8U%3D&x-signature-webp=RJMsdvYdNDjeZTo5ynpXai4PC8U%3D&ect=4g
1783954968336-45,https://www.tokopedia.com/baofengindonesia/product,Rp150.000,charger ht baofeng uv 9r,,https://p16-images-common-sign-sg.tokopedia-static.net/tos-maliva-i-o3syd03w52-us/85638be30aef4044a3ad1b3a84aba061~tplv-o3syd03w52-origin-jpeg.webp?lk3s=7a10017b&x-expires=1783958504&x-signature=gK%2FOwmAxhGxV97JEfGMwAwVAA8U%3D&x-signature-webp=gK%2FOwmAxhGxV97JEfGMwAwVAA8U%3D&ect=4g
1783954968336-46,https://www.tokopedia.com/baofengindonesia/product,Rp190.000,wln kd c1 ht walkie talkie 1730166568510981839,,https://p16-images-sign-sg.tokopedia-static.net/tos-alisg-i-aphluv4xwc-sg/img/VqbcmM/2021/6/21/ae40485d-a207-4883-a753-9c4e4d72791a.png~tplv-aphluv4xwc-origin-jpeg.webp?lk3s=7a10017b&x-expires=1783958504&x-signature=za%2B1HTjvCTH%2Bl6jyfHorHeKEAi4%3D&x-signature-webp=za%2B1HTjvCTH%2Bl6jyfHorHeKEAi4%3D&ect=4g
1783954968336-47,https://www.tokopedia.com/baofengindonesia/product,Rp50.000,antena ht baofeng dual band,,https://p16-images-sign-sg.tokopedia-static.net/tos-alisg-i-aphluv4xwc-sg/img/VqbcmM/2024/7/23/47b920f1-8692-4fa1-8856-30ef1c6659a2.jpg~tplv-aphluv4xwc-origin-jpeg.webp?lk3s=7a10017b&x-expires=1783958504&x-signature=McauedtkH0GjeDotadSl2BHBbwI%3D&x-signature-webp=McauedtkH0GjeDotadSl2BHBbwI%3D&ect=4g
1783954968336-48,https://www.tokopedia.com/baofengindonesia/product,Rp150.000,charger ht baofeng bf h6,,https://p16-images-sign-sg.tokopedia-static.net/tos-alisg-i-aphluv4xwc-sg/2427ae83fcd042a78012cfccf62cd0b3~tplv-aphluv4xwc-origin-jpeg.webp?lk3s=7a10017b&x-expires=1783958504&x-signature=bOQLSIrp5oJ7lHFP%2BrrUmNWM8Zc%3D&x-signature-webp=bOQLSIrp5oJ7lHFP%2BrrUmNWM8Zc%3D&ect=4g
1783954968336-49,https://www.tokopedia.com/baofengindonesia/product,Rp40.000,earphone headset ht baofeng 1 pin 1 tombol 5d79b,,https://p16-images-common-sign-sg.tokopedia-static.net/tos-maliva-i-o3syd03w52-us/ee27c314419f487aa4d379b88a65ba3e~tplv-o3syd03w52-origin-jpeg.webp?lk3s=7a10017b&x-expires=1783958504&x-signature=U7OpZib0MC1BgFrxFAWtFIXBPI4%3D&x-signature-webp=U7OpZib0MC1BgFrxFAWtFIXBPI4%3D&ect=4g
1783954968336-50,https://www.tokopedia.com/baofengindonesia/product,Rp140.000,charger ht baofeng uv 82 uv 5r baofeng indonesia 1729988758121450191,,https://p16-images-common-sign-sg.tokopedia-static.net/tos-maliva-i-o3syd03w52-us/de15ff2d21594de4aa29430bfbbd6105~tplv-o3syd03w52-origin-jpeg.webp?lk3s=7a10017b&x-expires=1783958504&x-signature=xa4ieEwxlgFRbGagWpPCg%2B4zu8Q%3D&x-signature-webp=xa4ieEwxlgFRbGagWpPCg%2B4zu8Q%3D&ect=4g
1783954968336-51,https://www.tokopedia.com/baofengindonesia/product,Rp150.000,baterai ht baofeng gt 3tp,,https://p16-images-common-sign-sg.tokopedia-static.net/tos-maliva-i-o3syd03w52-us/e01f68e945a040eebe77a51792e13b4c~tplv-o3syd03w52-origin-jpeg.webp?lk3s=7a10017b&x-expires=1783958504&x-signature=rKBupJvDkPqKsUn2wF3yBzYoQMY%3D&x-signature-webp=rKBupJvDkPqKsUn2wF3yBzYoQMY%3D&ect=4g
1783954968336-52,https://www.tokopedia.com/baofengindonesia/product,Rp1.300.000,baofeng dm x 5w dmr walkie talkie ht baofeng indonesia 1729645837821709007,,https://p16-images-sign-sg.tokopedia-static.net/tos-alisg-i-aphluv4xwc-sg/719ae7a731304b00929048a1176d01e5~tplv-aphluv4xwc-origin-jpeg.webp?lk3s=7a10017b&x-expires=1783958504&x-signature=vo7n0HxNv72iGsf9fAPD0mFahF4%3D&x-signature-webp=vo7n0HxNv72iGsf9fAPD0mFahF4%3D&ect=4g
1783954968336-53,https://www.tokopedia.com/baofengindonesia/product,Rp90.000,baterai ht baofeng bf 888s,,https://p16-images-common-sign-sg.tokopedia-static.net/tos-maliva-i-o3syd03w52-us/d3c1251eb3b64db5917880deb6802b1a~tplv-o3syd03w52-origin-jpeg.webp?lk3s=7a10017b&x-expires=1783958504&x-signature=V4%2B3a1Ct8zoCqJMGPCIZCxEPRgk%3D&x-signature-webp=V4%2B3a1Ct8zoCqJMGPCIZCxEPRgk%3D&ect=4g
1783954968336-54,https://www.tokopedia.com/baofengindonesia/product,Rp540.000,baofeng uv 9r plus 5w walkie talkie ht baofeng indonesia 1731257200726345423,,https://p16-images-sign-sg.tokopedia-static.net/tos-alisg-i-aphluv4xwc-sg/64d9ace108b5478588c670951b03a521~tplv-aphluv4xwc-origin-jpeg.webp?lk3s=7a10017b&x-expires=1783958504&x-signature=M3gBf2ehHUCM8WpaxQoysRW5qG4%3D&x-signature-webp=M3gBf2ehHUCM8WpaxQoysRW5qG4%3D&ect=4g
1783954968336-55,https://www.tokopedia.com/baofengindonesia/product,Rp595.000,baofeng bf h6 10w walkie talkie ht baofeng indonesia 1729645848934320847,,https://p16-images-sign-sg.tokopedia-static.net/tos-alisg-i-aphluv4xwc-sg/a0584aeea5e34871ba3779c14e1d052a~tplv-aphluv4xwc-origin-jpeg.webp?lk3s=7a10017b&x-expires=1783958504&x-signature=72ZEYLY%2FZhymRxSsR%2B%2BOJAOi8o4%3D&x-signature-webp=72ZEYLY%2FZhymRxSsR%2B%2BOJAOi8o4%3D&ect=4g
1783954968336-56,https://www.tokopedia.com/baofengindonesia/product,Rp790.000,baofeng gt 3tp 8w walkie talkie ht baofeng indonesia 1729645846643116751,,https://p16-images-sign-sg.tokopedia-static.net/tos-alisg-i-aphluv4xwc-sg/a9c052bfe49648878d2bc921220aef5b~tplv-aphluv4xwc-origin-jpeg.webp?lk3s=7a10017b&x-expires=1783958504&x-signature=URcILRr5mQoq63UT1UeKmtlmoNo%3D&x-signature-webp=URcILRr5mQoq63UT1UeKmtlmoNo%3D&ect=4g
1783954968336-57,https://www.tokopedia.com/baofengindonesia/product,Rp300.000,baofeng bf t1 2w walkie talkie ht baofeng indonesia 1729645844444383951,,https://p16-images-sign-sg.tokopedia-static.net/tos-alisg-i-aphluv4xwc-sg/2b73c2e23a44437db48197dbb134b166~tplv-aphluv4xwc-origin-jpeg.webp?lk3s=7a10017b&x-expires=1783958504&x-signature=4K8q29naSmsw29V43C0ZQ3tccBw%3D&x-signature-webp=4K8q29naSmsw29V43C0ZQ3tccBw%3D&ect=4g
1783954968336-58,https://www.tokopedia.com/baofengindonesia/product,Rp520.000,baofeng bf a58 5w walkie talkie ht baofeng indonesia 1729645849956747983,,https://p16-images-sign-sg.tokopedia-static.net/tos-alisg-i-aphluv4xwc-sg/064fe96dcd5d48cbb1025ff5cee86971~tplv-aphluv4xwc-origin-jpeg.webp?lk3s=7a10017b&x-expires=1783958504&x-signature=2WxWjGK3UQfeTzeex733dv2w1SM%3D&x-signature-webp=2WxWjGK3UQfeTzeex733dv2w1SM%3D&ect=4g
1783954968337-59,https://www.tokopedia.com/baofengindonesia/product,Rp490.000,baofeng uv 5r 5w walkie talkie ht baofeng indonesia 1729645848635017935,,https://p16-images-sign-sg.tokopedia-static.net/tos-alisg-i-aphluv4xwc-sg/1759ee9cf3e34748ad8d189becf05b6f~tplv-aphluv4xwc-origin-jpeg.webp?lk3s=7a10017b&x-expires=1783958504&x-signature=fE3k8y7t84XQW756mH%2FxUsUDDwY%3D&x-signature-webp=fE3k8y7t84XQW756mH%2FxUsUDDwY%3D&ect=4g
1783954968337-60,https://www.tokopedia.com/baofengindonesia/product,Rp520.000,baofeng uv 82 8w walkie talkie ht baofeng indonesia 1729645845736098511,,https://p16-images-sign-sg.tokopedia-static.net/tos-alisg-i-aphluv4xwc-sg/7d03b9c754ac458d98940b60c5ada2a8~tplv-aphluv4xwc-origin-jpeg.webp?lk3s=7a10017b&x-expires=1783958504&x-signature=lGkhKMa26P5x0Im2EJkf1JSh%2Fd8%3D&x-signature-webp=lGkhKMa26P5x0Im2EJkf1JSh%2Fd8%3D&ect=4g
1783954968337-61,https://www.tokopedia.com/baofengindonesia/product,Rp490.000,baofeng uv 82 5w walkie talkie ht baofeng indonesia 1729645846860958415,,https://p16-images-sign-sg.tokopedia-static.net/tos-alisg-i-aphluv4xwc-sg/5a21a635f62d4f3b8089e8ab5af39c22~tplv-aphluv4xwc-origin-jpeg.webp?lk3s=7a10017b&x-expires=1783958504&x-signature=5EXmTr0QCZWxGSgJ%2FLk%2Bd4jxw%2BE%3D&x-signature-webp=5EXmTr0QCZWxGSgJ%2FLk%2Bd4jxw%2BE%3D&ect=4g
1783955180938-1,https://www.tokopedia.com/search?st=product&q=POFUNG,Rp232.000,ht pofung uv 82 handy talkie dual band uhf vhf bf uv82 walkie talkie,,https://p16-images-sign-sg.tokopedia-static.net/tos-alisg-i-aphluv4xwc-sg/img/VqbcmM/2021/12/16/5362da85-6bd3-456a-8468-80cebd0d6dbe.jpg~tplv-aphluv4xwc-white-pad-v1:200:200.webp?lk3s=97278606&x-expires=1783958709&x-signature=XHrgqfANwkGSuj7erEc5tnZMHWc%3D&x-signature-webp=XHrgqfANwkGSuj7erEc5tnZMHWc%3D&ect=4g
1783955180938-2,https://www.tokopedia.com/search?st=product&q=POFUNG,Rp225.000,ht pofung uv 5r dualband uhf vhf 1730742056082507578,,https://p16-images-sign-sg.tokopedia-static.net/tos-alisg-i-aphluv4xwc-sg/9c9a61637c5e439d9430d2057af43938~tplv-aphluv4xwc-white-pad-v1:200:200.webp?lk3s=97278606&x-expires=1783958709&x-signature=twiDHVpa527kDTMN4ah7n2bUO70%3D&x-signature-webp=twiDHVpa527kDTMN4ah7n2bUO70%3D&ect=4g
1783955180938-3,https://www.tokopedia.com/search?st=product&q=POFUNG,Rp302.500,iware handy talkie dualband pofung iw uv5r 5w 8w vhf uhf radio komunikasi fm radio led 1732333360035432111,,https://p16-images-sign-sg.tokopedia-static.net/tos-alisg-i-aphluv4xwc-sg/52b62b0f3aed450d894dfe0f0b319ee4~tplv-aphluv4xwc-white-pad-v1:200:200.webp?lk3s=97278606&x-expires=1783958709&x-signature=bC6rN6hxuUMQAwiJv696AcUXMEc%3D&x-signature-webp=bC6rN6hxuUMQAwiJv696AcUXMEc%3D&ect=4g
1783955180938-4,https://www.tokopedia.com/search?st=product&q=POFUNG,Rp175.000,iware x pofung ht walkie talkie iw 888s handy talky uhf 16 channel ht jarak jauh berizin postel original resmi 1732340023768286531,,https://p16-images-sign-sg.tokopedia-static.net/tos-alisg-i-aphluv4xwc-sg/664ba65aebd34e55824fd4e91b2f4ad1~tplv-aphluv4xwc-white-pad-v1:200:200.webp?lk3s=97278606&x-expires=1783958709&x-signature=SViRqwcmc0XofEW2YPU%2B3SVgprE%3D&x-signature-webp=SViRqwcmc0XofEW2YPU%2B3SVgprE%3D&ect=4g
1783955180938-5,https://www.tokopedia.com/search?st=product&q=POFUNG,Rp253.900,ht pofung uv 5r handy talky radio 1800mah uhf vhf 5 watt walkie talkie 1730960634972833341,,https://p16-images-sign-sg.tokopedia-static.net/tos-alisg-i-aphluv4xwc-sg/bca2c7ad351342aeae5d4991b5f57ef1~tplv-aphluv4xwc-white-pad-v1:200:200.webp?lk3s=97278606&x-expires=1783958709&x-signature=fMGCblIDOQHraLEFjnwWsbw%2BaB0%3D&x-signature-webp=fMGCblIDOQHraLEFjnwWsbw%2BaB0%3D&ect=4g
1783955180938-6,https://www.tokopedia.com/search?st=product&q=POFUNG,Rp268.400,pofung uv 82 walkie talkie radio ht walky talky black,,https://p16-images-sign-sg.tokopedia-static.net/tos-alisg-i-aphluv4xwc-sg/img/hDjmkQ/2021/11/23/ec9a24bb-be41-4342-b47b-638e234fa5be.jpg~tplv-aphluv4xwc-white-pad-v1:200:200.webp?lk3s=97278606&x-expires=1783958709&x-signature=ApzPWUNy8pvxrPQ6S8DUdWEu7eI%3D&x-signature-webp=ApzPWUNy8pvxrPQ6S8DUdWEu7eI%3D&ect=4g
1783955180938-7,https://www.tokopedia.com/search?st=product&q=POFUNG,Rp330.700,pofung uv 5r mini 5w 2200mah daya besar bluetooth pemrograman walkie talkie senter radio fm dual ptt walky talky 1732951713346652060,,https://p16-images-common-sign-sg.tokopedia-static.net/tos-maliva-i-o3syd03w52-us/21ab941e87674bcca0c1a9a6bbf0237c~tplv-o3syd03w52-resize-jpeg:200:200.webp?lk3s=97278606&x-expires=1783958709&x-signature=uhhN5Nor2K81NPMlNERtgYeSslE%3D&x-signature-webp=uhhN5Nor2K81NPMlNERtgYeSslE%3D&ect=4g
1783955180938-8,https://www.tokopedia.com/search?st=product&q=POFUNG,Rp220.000,ht wln pofung bf 888s bf888s new edition asli hologram sepasang 2unit,,https://p16-images-sign-sg.tokopedia-static.net/tos-alisg-i-aphluv4xwc-sg/ca35bf4ff65143f0bb99ff59bdf5bcb0~tplv-aphluv4xwc-white-pad-v1:200:200.webp?lk3s=97278606&x-expires=1783958709&x-signature=fy2GhGoWtlC%2F79MqGWitThHVgEY%3D&x-signature-webp=fy2GhGoWtlC%2F79MqGWitThHVgEY%3D&ect=4g
1783955180938-10,https://www.tokopedia.com/search?st=product&q=POFUNG,Rp245.000,ht pofung 888s set 4 unit handy talky radio 1500mah uhf400 470mhz walkie talkie 1730966480196306493,,https://p16-images-sign-sg.tokopedia-static.net/tos-alisg-i-aphluv4xwc-sg/679ff922c0c542b38b1fa5708458d389~tplv-aphluv4xwc-white-pad-v1:200:200.webp?lk3s=97278606&x-expires=1783958709&x-signature=lKssEuAp%2FYF8vUM9A%2Fk6AIMoM9w%3D&x-signature-webp=lKssEuAp%2FYF8vUM9A%2Fk6AIMoM9w%3D&ect=4g
1783955180938-11,https://www.tokopedia.com/search?st=product&q=POFUNG,Rp1.225.000,ht pofung 888s set 6 unit handy talky radio 1500mah uhf400 470mhz walkie talkie 1730968556151801405,,https://p16-images-sign-sg.tokopedia-static.net/tos-alisg-i-aphluv4xwc-sg/7b6adaf051154fc291155fc3c2a1f9a8~tplv-aphluv4xwc-white-pad-v1:200:200.webp?lk3s=97278606&x-expires=1783958709&x-signature=OWDVhB80Nt7kaZ79%2BbSJwGT%2BHX8%3D&x-signature-webp=OWDVhB80Nt7kaZ79%2BbSJwGT%2BHX8%3D&ect=4g
1783955180938-12,https://www.tokopedia.com/search?st=product&q=POFUNG,Rp299.788,ht walkie talkie pofung uv5r merah red 5w dual band vhf uhf 128 channel dengan headset adapter dan antena led jarak 5km cocok untuk hiking dan acara 1730806230246131441,,https://p16-images-sign-sg.tokopedia-static.net/tos-alisg-i-aphluv4xwc-sg/1eaf9b92a31d413186cb2073d8bb5ffe~tplv-aphluv4xwc-white-pad-v1:200:200.webp?lk3s=97278606&x-expires=1783958709&x-signature=PnVt%2F3RBhN7xHkEISlOVj827e0s%3D&x-signature-webp=PnVt%2F3RBhN7xHkEISlOVj827e0s%3D&ect=4g
1783955180938-13,https://www.tokopedia.com/search?st=product&q=POFUNG,Rp294.900,pofung uv5r walkie talkie radio ht a5 uhf vhf fm 5w 128ch dual band long range 20km 1731442212635183067,Mall,https://p16-images-sign-sg.tokopedia-static.net/tos-alisg-i-aphluv4xwc-sg/40a18d2ddc6646b1bcab7b447cc28d63~tplv-aphluv4xwc-white-pad-v1:200:200.webp?lk3s=97278606&x-expires=1783958709&x-signature=N8GSZvD7yAtkubNTWTUmNej14ZM%3D&x-signature-webp=N8GSZvD7yAtkubNTWTUmNej14ZM%3D&ect=4g
1783955180938-14,https://www.tokopedia.com/search?st=product&q=POFUNG,Rp242.550,ht walkie talkie pofung uv 5r dual band uhf vhf radio komunikasi 128ch fm mini jarak jauh untuk outdoor 2pcs 1734496707672049042,,https://p16-images-common-sign-sg.tokopedia-static.net/tos-maliva-i-o3syd03w52-us/a083098205104a32b692ed12bbbab579~tplv-o3syd03w52-resize-jpeg:200:200.webp?lk3s=97278606&x-expires=1783958709&x-signature=wWnCxBXOBL4dTu0s9mbqc3BZIZI%3D&x-signature-webp=wWnCxBXOBL4dTu0s9mbqc3BZIZI%3D&ect=4g
1783955180938-16,https://www.tokopedia.com/search?st=product&q=POFUNG,Rp225.000,ht pofung uv 5r dualband uhf vhf 1732517759589058362,,https://p16-images-sign-sg.tokopedia-static.net/tos-alisg-i-aphluv4xwc-sg/8d129740713540ceba6ff304b69fcd4d~tplv-aphluv4xwc-white-pad-v1:200:200.webp?lk3s=97278606&x-expires=1783958709&x-signature=uoz9ltAuVXa4JGJ9OPiJ%2B5QYVTU%3D&x-signature-webp=uoz9ltAuVXa4JGJ9OPiJ%2B5QYVTU%3D&ect=4g
1783955180938-17,https://www.tokopedia.com/search?st=product&q=POFUNG,Rp230.000,ht handy talky bandel uv 5re wln pofung uv5re plus asli hologram,,https://p16-images-sign-sg.tokopedia-static.net/tos-alisg-i-aphluv4xwc-sg/78caf9f9ef134b4b8e6f3fb7ae6ac603~tplv-aphluv4xwc-white-pad-v1:200:200.webp?lk3s=97278606&x-expires=1783958709&x-signature=Bgc0pdm7OdXgaaUZTi5MEfsDpoI%3D&x-signature-webp=Bgc0pdm7OdXgaaUZTi5MEfsDpoI%3D&ect=4g
1783955180938-18,https://www.tokopedia.com/search?st=product&q=POFUNG,Rp165.000,handy walkie talkie uhf transceiver iware iw 888s pofung 1732579479975331004,,https://p19-images-sign-sg.tokopedia-static.net/tos-alisg-i-aphluv4xwc-sg/4effbf9a28574bbfad178013a9820a6c~tplv-aphluv4xwc-white-pad-v1:200:200.webp?lk3s=97278606&x-expires=1783958709&x-signature=XWySKgwrBKAM67klk1TeYhAaPl4%3D&x-signature-webp=XWySKgwrBKAM67klk1TeYhAaPl4%3D&ect=4g
1783955180938-19,https://www.tokopedia.com/search?st=product&q=POFUNG,Rp243.900,ht pofung uv 5r set 2 unit handy talky radio 1800mah uhf vhf 5 watt walkie talkie 1731014092939363901,,https://p19-images-sign-sg.tokopedia-static.net/tos-alisg-i-aphluv4xwc-sg/3e625e466c2646cd8216839770372235~tplv-aphluv4xwc-white-pad-v1:200:200.webp?lk3s=97278606&x-expires=1783958709&x-signature=1MdIYQvapgG34Y9h5pH%2FzIAQQxc%3D&x-signature-webp=1MdIYQvapgG34Y9h5pH%2FzIAQQxc%3D&ect=4g
1783955180938-20,https://www.tokopedia.com/search?st=product&q=POFUNG,Rp134.000,walkie talkie bf 888s plus ht jarak jauh 10km waterproof radio handy talky isi 2 unit sudah type c suara jernih bergaransi resmi 1735005727913772058 1735005522868667418,,https://p16-images-sign-sg.tokopedia-static.net/tos-alisg-i-aphluv4xwc-sg/bf2b0aec78d340b3bf6cf9d4aea541f8~tplv-aphluv4xwc-white-pad-v1:200:200.webp?lk3s=97278606&x-expires=1783958709&x-signature=Mxemi7BArFU8TkoFRdCq%2FlBxCvo%3D&x-signature-webp=Mxemi7BArFU8TkoFRdCq%2FlBxCvo%3D&ect=4g
1783955180938-21,https://www.tokopedia.com/search?st=product&q=POFUNG,Rp265.000,ht pofung uv5r handy talkie dual band uhf vhf uv5r 2 walkie talkie,,https://p16-images-sign-sg.tokopedia-static.net/tos-alisg-i-aphluv4xwc-sg/img/VqbcmM/2021/11/26/22555a65-3d44-4c7e-aefc-db37c56008dd.jpg~tplv-aphluv4xwc-white-pad-v1:200:200.webp?lk3s=97278606&x-expires=1783958709&x-signature=XdKVj4xeQzwKJuBt8%2BmnErj%2Fx28%3D&x-signature-webp=XdKVj4xeQzwKJuBt8%2BmnErj%2Fx28%3D&ect=4g
1783955180938-22,https://www.tokopedia.com/search?st=product&q=POFUNG,Rp325.000,iware handy talkie pofung dualband vhf uhf iw uv82 5w 8w radio komunikasi with fm radio 1732340863093539991,,https://p16-images-sign-sg.tokopedia-static.net/tos-alisg-i-aphluv4xwc-sg/a00aa28462444b579c32048a54797017~tplv-aphluv4xwc-white-pad-v1:200:200.webp?lk3s=97278606&x-expires=1783958709&x-signature=JXsdqHdaUIgAESTbHjPD%2B9D6dJo%3D&x-signature-webp=JXsdqHdaUIgAESTbHjPD%2B9D6dJo%3D&ect=4g
1783955180938-23,https://www.tokopedia.com/search?st=product&q=POFUNG,Rp240.000,pofung uv 5r ht walkie talkie uhf vhf dual band 128ch radio fm mini jarak jauh fullset terkoneksi baterai 1800mah led flashlight 1735887874284881910 1735887895300573174,,https://p16-images-sign-sg.tokopedia-static.net/tos-alisg-i-aphluv4xwc-sg/33d1d5c96de14120816164a31e4fa2f4~tplv-aphluv4xwc-white-pad-v1:200:200.webp?lk3s=97278606&x-expires=1783958709&x-signature=qFpJ44JFdwlasxgXM%2Bi4XQKOt9w%3D&x-signature-webp=qFpJ44JFdwlasxgXM%2Bi4XQKOt9w%3D&ect=4g
1783955180938-24,https://www.tokopedia.com/search?st=product&q=POFUNG,Rp295.000,ht pofung uv5r dual band garansi resmi,,https://p16-images-sign-sg.tokopedia-static.net/tos-alisg-i-aphluv4xwc-sg/a6c2fbecc3fd49cebf4ebc993e5c31c2~tplv-aphluv4xwc-white-pad-v1:200:200.webp?lk3s=97278606&x-expires=1783958709&x-signature=6rU0S%2Bm2ZzTI6zWC1n5k%2Fn33Zto%3D&x-signature-webp=6rU0S%2Bm2ZzTI6zWC1n5k%2Fn33Zto%3D&ect=4g
1783955180938-25,https://www.tokopedia.com/search?st=product&q=POFUNG,Rp345.000,pofung uv 5r 8w high power ht dual band ori garansi dualband uv5r uv5,ORI,https://p19-images-sign-sg.tokopedia-static.net/tos-alisg-i-aphluv4xwc-sg/img/VqbcmM/2021/6/26/2590c7d6-c6e5-435f-9fa8-dc05b7dea5a8.jpg~tplv-aphluv4xwc-white-pad-v1:200:200.webp?lk3s=97278606&x-expires=1783958709&x-signature=ROe%2BrXCOYBWlH%2F2RDhH8he83Thc%3D&x-signature-webp=ROe%2BrXCOYBWlH%2F2RDhH8he83Thc%3D&ect=4g
1783955180938-26,https://www.tokopedia.com/search?st=product&q=POFUNG,Rp325.560,pofung walkie talkie professional hd speaker vhf uhf waterproof uv 9r walkie talkie pofung speaker hd vhf uhf waterproof komunikasi profesional peralatan outdoor 1731090275663710038,,https://p16-images-sign-sg.tokopedia-static.net/tos-alisg-i-aphluv4xwc-sg/7560715d012b4d549f3abf8fef3140fa~tplv-aphluv4xwc-white-pad-v1:200:200.webp?lk3s=97278606&x-expires=1783958709&x-signature=2YsJNgHf5EXKaKFHJY9Ub0xE%2BqI%3D&x-signature-webp=2YsJNgHf5EXKaKFHJY9Ub0xE%2BqI%3D&ect=4g
1783955180939-27,https://www.tokopedia.com/search?st=product&q=POFUNG,Rp140.000,ht walkie talkie pofung 888s 1 unit,,https://p16-images-sign-sg.tokopedia-static.net/tos-alisg-i-aphluv4xwc-sg/img/VqbcmM/2022/1/22/ad96cec5-3aff-45a2-8fe9-d0f4cf23b6a0.jpg~tplv-aphluv4xwc-white-pad-v1:200:200.webp?lk3s=97278606&x-expires=1783958709&x-signature=aqTa9MK%2F4mjMNlbXnbW8em%2FjJbM%3D&x-signature-webp=aqTa9MK%2F4mjMNlbXnbW8em%2FjJbM%3D&ect=4g
1783955180939-28,https://www.tokopedia.com/search?st=product&q=POFUNG,Rp300.000,jpos handy talkie ht comteck iw 888s iw 88s iw 17 single band by pofung 5watt 1732359136810468840,,https://p16-images-sign-sg.tokopedia-static.net/tos-alisg-i-aphluv4xwc-sg/4f620241ee5949328980987588328015~tplv-aphluv4xwc-white-pad-v1:200:200.webp?lk3s=97278606&x-expires=1783958709&x-signature=GNZCi0bVGJxqwADk8OZOLLCBWsk%3D&x-signature-webp=GNZCi0bVGJxqwADk8OZOLLCBWsk%3D&ect=4g
1783955180939-30,https://www.tokopedia.com/search?st=product&q=POFUNG,Rp305.000,iware handy talkie pofung dualband iw uv5r 5w 8w vhf uhf radio komunikasi fm radio led 1732340586214818967,,https://p16-images-sign-sg.tokopedia-static.net/tos-alisg-i-aphluv4xwc-sg/513d46f599434cbf9dd9d7b2a158e10c~tplv-aphluv4xwc-white-pad-v1:200:200.webp?lk3s=97278606&x-expires=1783958709&x-signature=W4AajyDxSywx4JUfIMSj6d4eZp4%3D&x-signature-webp=W4AajyDxSywx4JUfIMSj6d4eZp4%3D&ect=4g
1783955180939-32,https://www.tokopedia.com/search?st=product&q=POFUNG,Rp135.000,ht uhf multi fungsi pofung x1 1731136195857778217,,https://p19-images-sign-sg.tokopedia-static.net/tos-alisg-i-aphluv4xwc-sg/2ccde324583941cfaf205b8b3cbd924d~tplv-aphluv4xwc-white-pad-v1:200:200.webp?lk3s=97278606&x-expires=1783958709&x-signature=dVmssOyUHMiBaA2KTd0U%2FLr0aPY%3D&x-signature-webp=dVmssOyUHMiBaA2KTd0U%2FLr0aPY%3D&ect=4g
1783955180939-36,https://www.tokopedia.com/search?st=product&q=POFUNG,Rp242.550,ht handy talkie dual band pofung uv 5r 2 pcs untuk outdoor proyek 128 channel jarak jauh fm radio praktis 1736164044996838802 1736164043948524946,,https://p16-images-sign-sg.tokopedia-static.net/tos-alisg-i-aphluv4xwc-sg/ff8e6306d25b4bff87b8046438f3c17d~tplv-aphluv4xwc-white-pad-v1:200:200.webp?lk3s=97278606&x-expires=1783958709&x-signature=oI1jfkWBTIANvvPcrNpV%2BALQSBM%3D&x-signature-webp=oI1jfkWBTIANvvPcrNpV%2BALQSBM%3D&ect=4g
1783955180939-37,https://www.tokopedia.com/search?st=product&q=POFUNG,Rp242.550,walkie talkie jarak jauh 2 pcs pofung uv 5r ht mini dual band uhf vhf 128ch radio fm portable untuk outdoor 1734500617232877374,,https://p16-images-common-sign-sg.tokopedia-static.net/tos-maliva-i-o3syd03w52-us/c980934101a84c55af57f84fdbdefee0~tplv-o3syd03w52-resize-jpeg:200:200.webp?lk3s=97278606&x-expires=1783958709&x-signature=5%2BdTMz13oLz5natfhEdYcKfj%2Bkk%3D&x-signature-webp=5%2BdTMz13oLz5natfhEdYcKfj%2Bkk%3D&ect=4g
1783955180939-38,https://www.tokopedia.com/search?st=product&q=POFUNG,Rp235.000,pofung uv 82 8w 5w ht dual band ori dual band garansi uv82,ORI,https://p16-images-sign-sg.tokopedia-static.net/tos-alisg-i-aphluv4xwc-sg/img/VqbcmM/2021/8/21/71d625fd-ad8e-4cef-8863-2a071139c73f.jpg~tplv-aphluv4xwc-white-pad-v1:200:200.webp?lk3s=97278606&x-expires=1783958709&x-signature=lUKeZKOGev2HDzcOUE3uuKL3US8%3D&x-signature-webp=lUKeZKOGev2HDzcOUE3uuKL3US8%3D&ect=4g
1783955180939-39,https://www.tokopedia.com/search?st=product&q=POFUNG,Rp140.000,ht walkie talkie pofung bf 888s handy talkie radio komunikasi 1 unit,,https://p16-images-sign-sg.tokopedia-static.net/tos-alisg-i-aphluv4xwc-sg/img/VqbcmM/2022/1/23/85e00979-5cad-45c5-9625-a13f2b228eb5.jpg~tplv-aphluv4xwc-white-pad-v1:200:200.webp?lk3s=97278606&x-expires=1783958709&x-signature=ti4Fnv1da691VUR5ncKN%2F%2FFtGO4%3D&x-signature-webp=ti4Fnv1da691VUR5ncKN%2F%2FFtGO4%3D&ect=4g
1783955180939-40,https://www.tokopedia.com/search?st=product&q=POFUNG,Rp975.600,ht pofung uv 5r set 4 unit handy talky radio 1800mah uhf vhf 5 watt walkie talkie 8aaf1 uv 5r 4 98789,,https://p19-images-sign-sg.tokopedia-static.net/tos-alisg-i-aphluv4xwc-sg/b777fe6480144356b7071ba13167ade9~tplv-aphluv4xwc-white-pad-v1:200:200.webp?lk3s=97278606&x-expires=1783958709&x-signature=fYnV7VN%2BVSSIIVNqXxUU6COiu4M%3D&x-signature-webp=fYnV7VN%2BVSSIIVNqXxUU6COiu4M%3D&ect=4g
1783955180939-42,https://www.tokopedia.com/search?st=product&q=POFUNG,Rp260.000,ht baofeng pofung tipe 888s tampa layar isi 2 pcs 1729553719136455214,,https://p16-images-common-sign-sg.tokopedia-static.net/tos-maliva-i-o3syd03w52-us/7db51d3648144f3f8d81d0fd8b4b5118~tplv-o3syd03w52-resize-jpeg:200:200.webp?lk3s=97278606&x-expires=1783958709&x-signature=036fT%2FRWnUAeMrcPvX0ioHzDI6I%3D&x-signature-webp=036fT%2FRWnUAeMrcPvX0ioHzDI6I%3D&ect=4g
1783955180939-43,https://www.tokopedia.com/search?st=product&q=POFUNG,Rp310.000,radio ht iware pofung iw 888s 2in1 walkie talkie 1734014566298847160,,https://p16-images-sign-sg.tokopedia-static.net/tos-alisg-i-aphluv4xwc-sg/132ff284c87841a8914cf05980d47f0b~tplv-aphluv4xwc-white-pad-v1:200:200.webp?lk3s=97278606&x-expires=1783958709&x-signature=9BR1i65nqqoB8AEFNc11YevdAxw%3D&x-signature-webp=9BR1i65nqqoB8AEFNc11YevdAxw%3D&ect=4g
1783955180939-44,https://www.tokopedia.com/search?st=product&q=POFUNG,Rp242.550,pofung uv5r uv82 handy talky bf uv5r walkie talkie 2pcs uhf vhf dual band 128ch 1732863952524838633,,https://p19-images-common-sign-sg.tokopedia-static.net/tos-maliva-i-o3syd03w52-us/77eca950d3704aecb05633986004770c~tplv-o3syd03w52-resize-jpeg:200:200.webp?lk3s=97278606&x-expires=1783958709&x-signature=L1FG4wmTjMdVFwnhz0101T4rKk0%3D&x-signature-webp=L1FG4wmTjMdVFwnhz0101T4rKk0%3D&ect=4g
1783955180939-46,https://www.tokopedia.com/search?st=product&q=POFUNG,Rp295.000,radio ht iware pofung iw uv82 5w walkie talkie 1734074072664672184,,https://p16-images-sign-sg.tokopedia-static.net/tos-alisg-i-aphluv4xwc-sg/67d1706d52cb4d9fbdb8dfe57b9ecf18~tplv-aphluv4xwc-white-pad-v1:200:200.webp?lk3s=97278606&x-expires=1783958709&x-signature=O%2FZpIcfThzy0Dngv3gJrpv5A9dw%3D&x-signature-webp=O%2FZpIcfThzy0Dngv3gJrpv5A9dw%3D&ect=4g
1783955180939-47,https://www.tokopedia.com/search?st=product&q=POFUNG,Rp435.000,ht pofung,,https://p16-images-sign-sg.tokopedia-static.net/tos-alisg-i-aphluv4xwc-sg/img/VqbcmM/2024/5/21/c8268d5a-e417-4906-a6d4-a40755a337c3.jpg~tplv-aphluv4xwc-white-pad-v1:200:200.webp?lk3s=97278606&x-expires=1783958709&x-signature=cGPMf5mic7tAiNB1manMEXYWX%2Fc%3D&x-signature-webp=cGPMf5mic7tAiNB1manMEXYWX%2Fc%3D&ect=4g
1783955180939-48,https://www.tokopedia.com/search?st=product&q=POFUNG,Rp235.000,pofung uv 82 walkie talkie ht uv82 128ch vhf uhf 2 way radio doreng,,https://p19-images-sign-sg.tokopedia-static.net/tos-alisg-i-aphluv4xwc-sg/img/VqbcmM/2021/11/26/e3740020-cc03-4a7f-9d0e-52adfc291745.jpg~tplv-aphluv4xwc-white-pad-v1:200:200.webp?lk3s=97278606&x-expires=1783958709&x-signature=F853pb3dNEwujAAs7Kpzc%2FOj5rk%3D&x-signature-webp=F853pb3dNEwujAAs7Kpzc%2FOj5rk%3D&ect=4g
1783955180939-49,https://www.tokopedia.com/search?st=product&q=POFUNG,Rp36.000,walkie talkie charger handy talky bf888s pofung ori 100 asli pabrik cepat mengisi efisien aman portable charger dock bf888sterlaris berkualitas power stabil 1734036120388797465,ORI,https://p16-images-sign-sg.tokopedia-static.net/tos-alisg-i-aphluv4xwc-sg/a9a357a13b1241bb81729a6690c79079~tplv-aphluv4xwc-white-pad-v1:200:200.webp?lk3s=97278606&x-expires=1783958709&x-signature=wQTjvpQjROq6oV6i8y75rr81J8w%3D&x-signature-webp=wQTjvpQjROq6oV6i8y75rr81J8w%3D&ect=4g
1783955180939-51,https://www.tokopedia.com/search?st=product&q=POFUNG,Rp285.000,ht pofung uv 5r 5w walkie talkie vhf uhf 128 ch dual band two way radio original 1731228947324962254,,https://p16-images-sign-sg.tokopedia-static.net/tos-alisg-i-aphluv4xwc-sg/7fbe78686fb94e5ba3fe2254d73352a6~tplv-aphluv4xwc-white-pad-v1:200:200.webp?lk3s=97278606&x-expires=1783958709&x-signature=ujjjGRx2o5FDyKYW32WKuDXHbes%3D&x-signature-webp=ujjjGRx2o5FDyKYW32WKuDXHbes%3D&ect=4g
1783955180939-52,https://www.tokopedia.com/search?st=product&q=POFUNG,Rp135.000,baofeng pofung comteck type uv82 1730767817251260008,,https://p19-images-sign-sg.tokopedia-static.net/tos-alisg-i-aphluv4xwc-sg/img/VqbcmM/2025/1/10/6ee28c91-0f91-49ae-97c2-7884b45343b5.jpg~tplv-aphluv4xwc-white-pad-v1:200:200.webp?lk3s=97278606&x-expires=1783958709&x-signature=1R8nk4qjnBOrvDnSXxLj3XqD6hY%3D&x-signature-webp=1R8nk4qjnBOrvDnSXxLj3XqD6hY%3D&ect=4g
1783955180939-53,https://www.tokopedia.com/search?st=product&q=POFUNG,Rp179.990,ht murah walkie talkie handy talky pofung harve bf 888s bf888s bf 888s 1 ht box,,https://p16-images-sign-sg.tokopedia-static.net/tos-alisg-i-aphluv4xwc-sg/img/VqbcmM/2022/10/17/08b07b59-7ece-48ba-8fe7-8da6015d2920.jpg~tplv-aphluv4xwc-white-pad-v1:200:200.webp?lk3s=97278606&x-expires=1783958709&x-signature=cGYvM1dFmjHOcrEfOXVul4wn2rY%3D&x-signature-webp=cGYvM1dFmjHOcrEfOXVul4wn2rY%3D&ect=4g
1783955180939-54,https://www.tokopedia.com/search?st=product&q=POFUNG,Rp273.900,walkie talkie pofung dual band uhf vhf radio ht uv 82 handy talky uv82,,https://p16-images-sign-sg.tokopedia-static.net/tos-alisg-i-aphluv4xwc-sg/img/VqbcmM/2023/4/5/badf034b-6f34-4785-9cdb-ab29084ba818.jpg~tplv-aphluv4xwc-white-pad-v1:200:200.webp?lk3s=97278606&x-expires=1783958709&x-signature=umXOkiVfjRZeICdB9VPOGOE4VRQ%3D&x-signature-webp=umXOkiVfjRZeICdB9VPOGOE4VRQ%3D&ect=4g
1783955180939-55,https://www.tokopedia.com/search?st=product&q=POFUNG,Rp273.750,walkie talkie pofung dual band vhf uhf radio ht uv 82 handy talky uv82,,https://p16-images-sign-sg.tokopedia-static.net/tos-alisg-i-aphluv4xwc-sg/img/VqbcmM/2023/4/5/814e2765-ca17-4d74-b55a-3422a2950495.jpg~tplv-aphluv4xwc-white-pad-v1:200:200.webp?lk3s=97278606&x-expires=1783958709&x-signature=Rv97KUehIzbeZvWlt1CJW46IdK0%3D&x-signature-webp=Rv97KUehIzbeZvWlt1CJW46IdK0%3D&ect=4g
1783955180939-56,https://www.tokopedia.com/search?st=product&q=POFUNG,Rp290.000,handy talkie radio komunikasi ht iware pofung uv 82 dualband vhf 136 174mhz uhf 400 438mhz 8w 1733457707818845303,,https://p16-images-sign-sg.tokopedia-static.net/tos-alisg-i-aphluv4xwc-sg/09b723dfb80045c4be200e2369f5aae4~tplv-aphluv4xwc-white-pad-v1:200:200.webp?lk3s=97278606&x-expires=1783958709&x-signature=%2B013s%2FqHCtV6hb5wct1Psate3Ro%3D&x-signature-webp=%2B013s%2FqHCtV6hb5wct1Psate3Ro%3D&ect=4g
1783955180940-57,https://www.tokopedia.com/search?st=product&q=POFUNG,Rp480.000,handy talkie ht pofung uv5r walkie talkie uv 5r 5w 128ch uhf vhf dual band handy talkie radio walkie talkie original 1731053158966658485,,https://p16-images-sign-sg.tokopedia-static.net/tos-alisg-i-aphluv4xwc-sg/img/VqbcmM/2025/3/21/cbe61fe3-4622-455f-b255-02dc8d8a50e5.jpg~tplv-aphluv4xwc-white-pad-v1:200:200.webp?lk3s=97278606&x-expires=1783958709&x-signature=yQcKkcKVPeW7wjUd8Yd1QPnM5hA%3D&x-signature-webp=yQcKkcKVPeW7wjUd8Yd1QPnM5hA%3D&ect=4g
1783955180940-58,https://www.tokopedia.com/search?st=product&q=POFUNG,Rp239.000,ht pofung 888s 5w set of 2 two way radio 1500mah walkie talkie original 1731175863784342990,,https://p16-images-sign-sg.tokopedia-static.net/tos-alisg-i-aphluv4xwc-sg/ba8a7b2d55234b07ac48223d1d4512a0~tplv-aphluv4xwc-white-pad-v1:200:200.webp?lk3s=97278606&x-expires=1783958709&x-signature=sNgO7C1YL%2FSZaxDDLPya%2BLP%2F0BY%3D&x-signature-webp=sNgO7C1YL%2FSZaxDDLPya%2BLP%2F0BY%3D&ect=4g
1783955180940-60,https://www.tokopedia.com/search?st=product&q=POFUNG,Rp312.000,pofung x auqoz a8 led walkie talkie ht 99ch seri 888s pro walkie talkie jarak jauh 3 4 km uhf 2 units handy talky 1 unit c0c0a,,https://p16-images-sign-sg.tokopedia-static.net/tos-alisg-i-aphluv4xwc-sg/img/hDjmkQ/2024/9/26/51d0f445-e993-4d10-b23f-b8bea00f901a.jpg~tplv-aphluv4xwc-white-pad-v1:200:200.webp?lk3s=97278606&x-expires=1783958709&x-signature=iKlvzVAGL71OHdipRm8T9aBTrCg%3D&x-signature-webp=iKlvzVAGL71OHdipRm8T9aBTrCg%3D&ect=4g
1783955180940-61,https://www.tokopedia.com/search?st=product&q=POFUNG,Rp360.000,jpos sepasang pofung iw t17 ht uhf 400 438 mhz 5w ori baru garansi handie talkie iwt17 iware garansi 1tahun 1732359897490163176,ORI,https://p16-images-sign-sg.tokopedia-static.net/tos-alisg-i-aphluv4xwc-sg/a6253ce0d740427e8debbf30808788df~tplv-aphluv4xwc-white-pad-v1:200:200.webp?lk3s=97278606&x-expires=1783958765&x-signature=SgVO0Im8khvG2E185m21xL3C3RY%3D&x-signature-webp=SgVO0Im8khvG2E185m21xL3C3RY%3D&ect=4g
1783955180940-62,https://www.tokopedia.com/search?st=product&q=POFUNG,Rp289.000,pofung uv 6r 5watt 1800mah walkie talkie radio ht uv6r,,https://p16-images-sign-sg.tokopedia-static.net/tos-alisg-i-aphluv4xwc-sg/img/VqbcmM/2024/1/15/fad7283e-80c9-4be5-a37b-551ebbd41717.jpg~tplv-aphluv4xwc-white-pad-v1:200:200.webp?lk3s=97278606&x-expires=1783958765&x-signature=mshzMdcyxqXcIiQMLuKeFnM88q0%3D&x-signature-webp=mshzMdcyxqXcIiQMLuKeFnM88q0%3D&ect=4g
1783955180940-63,https://www.tokopedia.com/search?st=product&q=POFUNG,Rp140.000,ht pofung 888s tanpa box earset single band uhf pofung tanpa box 888s,,https://p16-images-sign-sg.tokopedia-static.net/tos-alisg-i-aphluv4xwc-sg/img/VqbcmM/2022/7/5/5d0721c9-4900-4216-a75a-125ce9a861d8.png~tplv-aphluv4xwc-white-pad-v1:200:200.webp?lk3s=97278606&x-expires=1783958765&x-signature=fcH%2FORimRektAzDCOsl3qFoUIN0%3D&x-signature-webp=fcH%2FORimRektAzDCOsl3qFoUIN0%3D&ect=4g
1783955180940-64,https://www.tokopedia.com/search?st=product&q=POFUNG,Rp400.000,ht handy talky pofung uv5r walkie talkie uv 5r dual band 5 watt baru baofeng,,https://p16-images-sign-sg.tokopedia-static.net/tos-alisg-i-aphluv4xwc-sg/img/VqbcmM/2021/9/21/dee8646d-fef5-4cd7-a968-2e0b0c383903.png~tplv-aphluv4xwc-white-pad-v1:200:200.webp?lk3s=97278606&x-expires=1783958765&x-signature=ndbpSEjfBruFeYeEnHvKEojUpBM%3D&x-signature-webp=ndbpSEjfBruFeYeEnHvKEojUpBM%3D&ect=4g
1783955180940-65,https://www.tokopedia.com/search?st=product&q=POFUNG,Rp132.000,pofung bf 888s walkie talkie uhf radio ht handy talky,,https://p16-images-sign-sg.tokopedia-static.net/tos-alisg-i-aphluv4xwc-sg/img/VqbcmM/2024/11/15/696717ca-e1ea-47a0-8dd6-88b872609761.jpg~tplv-aphluv4xwc-white-pad-v1:200:200.webp?lk3s=97278606&x-expires=1783958765&x-signature=nRENtACPdR9txus3LKf0LtkrxPE%3D&x-signature-webp=nRENtACPdR9txus3LKf0LtkrxPE%3D&ect=4g
1783955180940-66,https://www.tokopedia.com/search?st=product&q=POFUNG,Rp150.000,ht walkie talkie pofung 888s,,https://p16-images-sign-sg.tokopedia-static.net/tos-alisg-i-aphluv4xwc-sg/d5ee0ed613d043b5981e694532e100c5~tplv-aphluv4xwc-white-pad-v1:200:200.webp?lk3s=97278606&x-expires=1783958765&x-signature=amPt%2Fq5whUYGMNcCpjNlt30CMvQ%3D&x-signature-webp=amPt%2Fq5whUYGMNcCpjNlt30CMvQ%3D&ect=4g
1783955180940-67,https://www.tokopedia.com/search?st=product&q=POFUNG,Rp293.000,pofung uv 5r walkie talkie uhf vhf dual band 128ch 1729600693960870331,,https://p16-images-common-sign-sg.tokopedia-static.net/tos-maliva-i-o3syd03w52-us/484a0ab815a84e8d9ad60ec1bf0b04ef~tplv-o3syd03w52-resize-jpeg:200:200.webp?lk3s=97278606&x-expires=1783958765&x-signature=0hReY3AsgobslXz2rBPZxZQojHE%3D&x-signature-webp=0hReY3AsgobslXz2rBPZxZQojHE%3D&ect=4g
1783955180940-68,https://www.tokopedia.com/search?st=product&q=POFUNG,Rp100.000,walkie talkie pofung bf 888s baru satu product dengan baofeng 888s uhf 5 watt batangan new 1734517537373390045,,https://p16-images-sign-sg.tokopedia-static.net/tos-alisg-i-aphluv4xwc-sg/7dea8d071a974700a9a5d68918f50f54~tplv-aphluv4xwc-white-pad-v1:200:200.webp?lk3s=97278606&x-expires=1783958765&x-signature=U03lpponJ8taaMR%2B95b8nMkAhw4%3D&x-signature-webp=U03lpponJ8taaMR%2B95b8nMkAhw4%3D&ect=4g
1783955180940-69,https://www.tokopedia.com/search?st=product&q=POFUNG,Rp250.000,ht wln kd uv5r kduv5r dual band 5watt uv5r uv82 baofeng weierwei pofung 1730663572122732537,,https://p16-images-sign-sg.tokopedia-static.net/tos-alisg-i-aphluv4xwc-sg/6c0bf2d59b144bcd9f274560e48a9c12~tplv-aphluv4xwc-white-pad-v1:200:200.webp?lk3s=97278606&x-expires=1783958765&x-signature=0MsfsNmJBC1MyOq5BaLBaXu7N2s%3D&x-signature-webp=0MsfsNmJBC1MyOq5BaLBaXu7N2s%3D&ect=4g
1783955180940-70,https://www.tokopedia.com/search?st=product&q=POFUNG,Rp259.000,pofung ht uv 82 dual band ht uhf vhf uv 82 dualband plus fm walkie talkie 1729762466365998849,,https://p16-images-sign-sg.tokopedia-static.net/tos-alisg-i-aphluv4xwc-sg/ba73ae2d5752470eb7a76d53e1957dff~tplv-aphluv4xwc-white-pad-v1:200:200.webp?lk3s=97278606&x-expires=1783958765&x-signature=n8LhGRse5zRCYOl6naJbQ14NF7A%3D&x-signature-webp=n8LhGRse5zRCYOl6naJbQ14NF7A%3D&ect=4g
1783955180940-71,https://www.tokopedia.com/search?st=product&q=POFUNG,Rp159.900,ht handy talky pofung bs 888s uhf radio walkie talkie original,,https://p16-images-sign-sg.tokopedia-static.net/tos-alisg-i-aphluv4xwc-sg/img/VqbcmM/2023/7/6/08414485-d2e4-42c5-9357-9c6c17ab1aca.jpg~tplv-aphluv4xwc-white-pad-v1:200:200.webp?lk3s=97278606&x-expires=1783958765&x-signature=tgghLi9NLfVY%2F2XpCFfdQL96L7g%3D&x-signature-webp=tgghLi9NLfVY%2F2XpCFfdQL96L7g%3D&ect=4g
1783955180940-74,https://www.tokopedia.com/search?st=product&q=POFUNG,Rp105.000,unit ht pofung bf888s by baofeng electron co ltd ht pofung 888s kondisi baru power besar 5w frekuensi uhf 400 470mhz ht dan battery baru satu product dengan baofeng bf888 s batangan 1734517520780527610,,https://p16-images-sign-sg.tokopedia-static.net/tos-alisg-i-aphluv4xwc-sg/3c02f3b37e9c400b962d70af11e1affa~tplv-aphluv4xwc-white-pad-v1:200:200.webp?lk3s=97278606&x-expires=1783958765&x-signature=z6EeLmtr1z%2FxAlRJswhDaaSe%2Fws%3D&x-signature-webp=z6EeLmtr1z%2FxAlRJswhDaaSe%2Fws%3D&ect=4g
1783955180940-75,https://www.tokopedia.com/search?st=product&q=POFUNG,Rp39.000,pofung programming cable ht wla walkie talkie c1 c50 c51 c52 888s uv 5r uv82 1730955758299285053,,https://p16-images-sign-sg.tokopedia-static.net/tos-alisg-i-aphluv4xwc-sg/74c16b79aaf544bc88a055e700ecffe6~tplv-aphluv4xwc-white-pad-v1:200:200.webp?lk3s=97278606&x-expires=1783958765&x-signature=pS%2FMh%2Fgf4tIeNb07MPciRN1rcOU%3D&x-signature-webp=pS%2FMh%2Fgf4tIeNb07MPciRN1rcOU%3D&ect=4g
1783955180940-76,https://www.tokopedia.com/search?st=product&q=POFUNG,Rp23.000,antena mini boster ht dual band bf uv5r uv5re uv 82 888s pofung,,https://p16-images-sign-sg.tokopedia-static.net/tos-alisg-i-aphluv4xwc-sg/b3b3c254390f48d598492fe3030af33f~tplv-aphluv4xwc-white-pad-v1:200:200.webp?lk3s=97278606&x-expires=1783958765&x-signature=ekjwokxrzqLdWE6wD6cppzTIjhc%3D&x-signature-webp=ekjwokxrzqLdWE6wD6cppzTIjhc%3D&ect=4g
1783955180940-77,https://www.tokopedia.com/search?st=product&q=POFUNG,Rp430.000,ht motorola x8 10w sambungan jarak jauh radio portabel 10km,,https://p16-images-sign-sg.tokopedia-static.net/tos-alisg-i-aphluv4xwc-sg/img/VqbcmM/2023/8/12/348a5f6e-86ad-4b0c-9f4c-260bb2a82101.jpg~tplv-aphluv4xwc-white-pad-v1:200:200.webp?lk3s=97278606&x-expires=1783958765&x-signature=fDZU00llUC4lQMqSx1gQR5bZw%2Bw%3D&x-signature-webp=fDZU00llUC4lQMqSx1gQR5bZw%2Bw%3D&ect=4g
1783955180940-78,https://www.tokopedia.com/search?st=product&q=POFUNG,Rp260.000,ht bao feng uv5r 2800 mah uv 5r uv 5r 8 watt vhf uhf dualband bao feng adaptor walkie led dengan transceiver fm talkie 1729449999104051219,,https://p16-images-sign-sg.tokopedia-static.net/tos-alisg-i-aphluv4xwc-sg/e4de38a68a214b3faed6bad6e72eb172~tplv-aphluv4xwc-white-pad-v1:200:200.webp?lk3s=97278606&x-expires=1783958765&x-signature=5WflC3RuDoiHnQD2FNz9w%2BsZL8c%3D&x-signature-webp=5WflC3RuDoiHnQD2FNz9w%2BsZL8c%3D&ect=4g
1783955180940-79,https://www.tokopedia.com/search?st=product&q=POFUNG,Rp318.000,radio komunikasi handy talkie multi band dual band uv lengkap noaa cuaca layar hd type c fast charge sos emergency siap segala kondisi aktivitas promo murah cod garansi 1 tahun 1735801479172359186 1735801558726575122,,https://p16-images-sign-sg.tokopedia-static.net/tos-alisg-i-aphluv4xwc-sg/c71dcc5322964b8e8652d968bbd28ee6~tplv-aphluv4xwc-white-pad-v1:200:200.webp?lk3s=97278606&x-expires=1783958765&x-signature=OCzR1nEeBcVDdD5hmLELFw5uVr0%3D&x-signature-webp=OCzR1nEeBcVDdD5hmLELFw5uVr0%3D&ect=4g
1783955180940-80,https://www.tokopedia.com/search?st=product&q=POFUNG,Rp260.000,walkie talkie bao feng uv5r ht radio vhf uhf fm transceiver jarak jauh 20km kualitas suara terbaik bisa cod dilengkapi kabel charger 1733119762894456607,,https://p16-images-sign-sg.tokopedia-static.net/tos-alisg-i-aphluv4xwc-sg/f49c5826edef482cba6e532d956abe6d~tplv-aphluv4xwc-white-pad-v1:200:200.webp?lk3s=97278606&x-expires=1783958765&x-signature=bW8qrKOa7LTUZIM6nFlVa1CoPfA%3D&x-signature-webp=bW8qrKOa7LTUZIM6nFlVa1CoPfA%3D&ect=4g
1783955180940-81,https://www.tokopedia.com/search?st=product&q=POFUNG,Rp716.000,ht walkie talkie x8 jarak jauh 20km baterai besar 5500mah tahan lama dual band 200 saluran tahan air ip54 pengisian type c penerima noaa enkripsi suara 1733875675831043461,,https://p16-images-sign-sg.tokopedia-static.net/tos-alisg-i-aphluv4xwc-sg/f40b169ac30c4954a368fbd7fa2a67e4~tplv-aphluv4xwc-white-pad-v1:200:200.webp?lk3s=97278606&x-expires=1783958765&x-signature=HAHLXG0%2Fd0e%2BXKjRkcyqKUKJB0I%3D&x-signature-webp=HAHLXG0%2Fd0e%2BXKjRkcyqKUKJB0I%3D&ect=4g
1783955180940-82,https://www.tokopedia.com/search?st=product&q=POFUNG,Rp235.000,ht texas tx 2 sama uv5r walkie talkie premium jarak jauh,,https://p16-images-sign-sg.tokopedia-static.net/tos-alisg-i-aphluv4xwc-sg/img/VqbcmM/2025/4/24/6c2d94b5-68d1-4a16-8a33-1df1eaca7af8.jpg~tplv-aphluv4xwc-white-pad-v1:200:200.webp?lk3s=97278606&x-expires=1783958765&x-signature=jCyLIZ4J8nzxVB9pQ%2BUsNmG%2FqlY%3D&x-signature-webp=jCyLIZ4J8nzxVB9pQ%2BUsNmG%2FqlY%3D&ect=4g
1783955180940-83,https://www.tokopedia.com/search?st=product&q=POFUNG,Rp250.000,ht vertec vt82 vt 82 dualband vhf uhf 5 watt new original radio walkie talkie alternatif baofeng uv 82 uv82 5w 1732782684664399336,,https://p16-images-sign-sg.tokopedia-static.net/tos-alisg-i-aphluv4xwc-sg/a760ffa7fcf343f68a88ede9c0363eff~tplv-aphluv4xwc-white-pad-v1:200:200.webp?lk3s=97278606&x-expires=1783958765&x-signature=sPRRS1hMn9ZqbBLpmeKoh7KzvNI%3D&x-signature-webp=sPRRS1hMn9ZqbBLpmeKoh7KzvNI%3D&ect=4g
1783955180940-84,https://www.tokopedia.com/search?st=product&q=POFUNG,Rp270.000,ht bao feng uv82 2800 mah uv 82 uv 82 8 watt w bao feng vhf uhf dualband dual band vs 82 888s 888 s adaptor walkie led talkie dengan kabel headset 1729688659297994771,,https://p16-images-sign-sg.tokopedia-static.net/tos-alisg-i-aphluv4xwc-sg/9c6c33241164469d88ffa05b3a8a42cf~tplv-aphluv4xwc-white-pad-v1:200:200.webp?lk3s=97278606&x-expires=1783958765&x-signature=GWVqHFH08bsDkw077vEHQtfX8Ek%3D&x-signature-webp=GWVqHFH08bsDkw077vEHQtfX8Ek%3D&ect=4g
1783955180940-85,https://www.tokopedia.com/search?st=product&q=POFUNG,Rp235.000,walkie talkie tx 8 vhf two way radio jarak jauh led lcd tombol premium,,https://p16-images-common-sign-sg.tokopedia-static.net/tos-maliva-i-o3syd03w52-us/25478ab1f26e4824a85bae328179e619~tplv-o3syd03w52-resize-jpeg:200:200.webp?lk3s=97278606&x-expires=1783958765&x-signature=%2Bm3aaSTg4cLMPyrIjy1LQQxlO0Q%3D&x-signature-webp=%2Bm3aaSTg4cLMPyrIjy1LQQxlO0Q%3D&ect=4g
1783955180940-86,https://www.tokopedia.com/search?st=product&q=POFUNG,Rp225.000,ht baofeng uv 5r dualband uhf vhf 1731444109884032394,,https://p16-images-sign-sg.tokopedia-static.net/tos-alisg-i-aphluv4xwc-sg/img/VqbcmM/2025/5/17/230e46ce-9591-4eb4-acda-245e99225829.jpg~tplv-aphluv4xwc-white-pad-v1:200:200.webp?lk3s=97278606&x-expires=1783958765&x-signature=TJ65Tt5hl0v%2BoZR5KsB7CKwuwDQ%3D&x-signature-webp=TJ65Tt5hl0v%2BoZR5KsB7CKwuwDQ%3D&ect=4g
1783955180940-87,https://www.tokopedia.com/search?st=product&q=POFUNG,Rp298.600,baofeng uv 82 walkie talkie high power 8w uv82 dual band vhf uhf fm transceiver 10km long range hunting two way ham cb radio 1731441731807578075,Mall,https://p16-images-sign-sg.tokopedia-static.net/tos-alisg-i-aphluv4xwc-sg/aec19a10e5fd4087addc735af0d2978f~tplv-aphluv4xwc-white-pad-v1:200:200.webp?lk3s=97278606&x-expires=1783958765&x-signature=M4JYI5VTcS%2FteZJElNdo4hthkrw%3D&x-signature-webp=M4JYI5VTcS%2FteZJElNdo4hthkrw%3D&ect=4g
1783955180940-88,https://www.tokopedia.com/search?st=product&q=POFUNG,Rp161.430,terbaik ht bf uv82 pro 8watt 5000mah dualband uhf vhf walkie talkie jarak jauh original bergaransi bf888s adb1b,,https://p16-images-sign-sg.tokopedia-static.net/tos-alisg-i-aphluv4xwc-sg/bdc534df8aee43629e2d4a4327465988~tplv-aphluv4xwc-white-pad-v1:200:200.webp?lk3s=97278606&x-expires=1783958765&x-signature=%2FLMJrcnLoBl1QTZUF3B4zLZFH08%3D&x-signature-webp=%2FLMJrcnLoBl1QTZUF3B4zLZFH08%3D&ect=4g
1783955180940-89,https://www.tokopedia.com/search?st=product&q=POFUNG,Rp399.800,baofeng uv 9r plus 15w ip68 dual band waterproof walkie talkie 16km long range portable hf transceiver cb hunting ham radio 1731706474251585499 1736327863361832923,Mall,https://p16-images-sign-sg.tokopedia-static.net/tos-alisg-i-aphluv4xwc-sg/3b7871fb63ac4a4f9adc66b7cee25a22~tplv-aphluv4xwc-white-pad-v1:200:200.webp?lk3s=97278606&x-expires=1783958765&x-signature=NUUCmnuIByG0JzX58lfuOW6LUqc%3D&x-signature-webp=NUUCmnuIByG0JzX58lfuOW6LUqc%3D&ect=4g
1783955180940-90,https://www.tokopedia.com/search?st=product&q=POFUNG,Rp362.000,baofeng walkie talkie uv5r mini transparan bisa dengar frekuensi penerbangan am one key frequency cas type c praktis dengan layar besar 1 44 dan flashlight 1733737010279974900,,https://p16-images-sign-sg.tokopedia-static.net/tos-alisg-i-aphluv4xwc-sg/d614118007b54a689cee70ee3ed9e2dd~tplv-aphluv4xwc-white-pad-v1:200:200.webp?lk3s=97278606&x-expires=1783958765&x-signature=fCdUAsMhf%2Bag9VfK0JVQLSD%2Fj9Q%3D&x-signature-webp=fCdUAsMhf%2Bag9VfK0JVQLSD%2Fj9Q%3D&ect=4g
1783955180940-91,https://www.tokopedia.com/search?st=product&q=POFUNG,Rp299.900,portable baofeng uv5r walkie talkie compact design fm radio led flashlight easy to use with vox function perfect for hiking travel and family activities 1733614392697521653,Mall,https://p16-images-sign-sg.tokopedia-static.net/tos-alisg-i-aphluv4xwc-sg/c0da06ebcf3c4b05b3b5bd57c85ccf8a~tplv-aphluv4xwc-white-pad-v1:200:200.webp?lk3s=97278606&x-expires=1783958765&x-signature=3Wd9UpzPvfql2ym3T5qRaeW7YAE%3D&x-signature-webp=3Wd9UpzPvfql2ym3T5qRaeW7YAE%3D&ect=4g
1783955180941-92,https://www.tokopedia.com/search?st=product&q=POFUNG,Rp379.000,ksun x tfsi walkei talkie uv108d 5w uvband handy talky 256 channels ht jarak jauh 1731390315164959762 1735947956058227730,,https://p16-images-sign-sg.tokopedia-static.net/tos-alisg-i-aphluv4xwc-sg/4fc8baa7243b407eabf4b80a7e94d3a6~tplv-aphluv4xwc-white-pad-v1:200:200.webp?lk3s=97278606&x-expires=1783958765&x-signature=nyapP9ivmUAbQ8fMEPzf1mwgAQA%3D&x-signature-webp=nyapP9ivmUAbQ8fMEPzf1mwgAQA%3D&ect=4g
1783955180941-93,https://www.tokopedia.com/search?st=product&q=POFUNG,Rp250.000,wln walkie talkie uv 5r dual band 1 bulan garansi vhf uhf 5w 128ch handy talky talkie ht uv5r uv1 1731285101986678404,,https://p16-images-sign-sg.tokopedia-static.net/tos-alisg-i-aphluv4xwc-sg/img/hDjmkQ/2025/4/28/0ec3971a-1023-42f1-8b03-3dcf9c40a71e.jpg~tplv-aphluv4xwc-white-pad-v1:200:200.webp?lk3s=97278606&x-expires=1783958765&x-signature=Yt282I4nu5gMkNwtZHxQGZy3cEM%3D&x-signature-webp=Yt282I4nu5gMkNwtZHxQGZy3cEM%3D&ect=4g
1783955180941-94,https://www.tokopedia.com/search?st=product&q=POFUNG,Rp458.000,baofeng uv 5r handy talky 5w jarak 3 10km 128 channel portable radio vhf 136 174mhz uhf 400 520mhz untuk outdoor construction dan emergency communication 1734213563034666996,,https://p16-images-sign-sg.tokopedia-static.net/tos-alisg-i-aphluv4xwc-sg/be852db37d214fbcb63da40949d59612~tplv-aphluv4xwc-white-pad-v1:200:200.webp?lk3s=97278606&x-expires=1783958765&x-signature=boQJllUx%2Fg2QWZym%2BM5Eok9M13g%3D&x-signature-webp=boQJllUx%2Fg2QWZym%2BM5Eok9M13g%3D&ect=4g
1783955180941-96,https://www.tokopedia.com/search?st=product&q=POFUNG,Rp300.000,ht quansheng uv k5 multiband vhf uhf walkie talkie uvk5 uvk6 uv k6 uv5r plus uv 5rplus uv 5r handy talky air band alternatif berlin bl558n fastcom tssd texas tx3 uv 5r plus 1a418,,https://p16-images-sign-sg.tokopedia-static.net/tos-alisg-i-aphluv4xwc-sg/f28af12609714ed48cafcbbf1efee815~tplv-aphluv4xwc-white-pad-v1:200:200.webp?lk3s=97278606&x-expires=1783958765&x-signature=9aL7T9hlrgIT2s6a6mKZK%2BHpvAs%3D&x-signature-webp=9aL7T9hlrgIT2s6a6mKZK%2BHpvAs%3D&ect=4g
1783955180941-97,https://www.tokopedia.com/search?st=product&q=POFUNG,Rp299.600,radio ht baofeng uv 82 walkie talkie untuk outdoor anti air baterai 2800mah tahan lama komunikasi proyek konstruksi security dan event 1733573050046973429,Mall,https://p16-images-sign-sg.tokopedia-static.net/tos-alisg-i-aphluv4xwc-sg/a59da1c417764edba75b1af91806732a~tplv-aphluv4xwc-white-pad-v1:200:200.webp?lk3s=97278606&x-expires=1783958765&x-signature=4QwfEZ4hUVQRkOV6%2BOTg68%2FrPFI%3D&x-signature-webp=4QwfEZ4hUVQRkOV6%2BOTg68%2FrPFI%3D&ect=4g
1783955180941-98,https://www.tokopedia.com/search?st=product&q=POFUNG,Rp300.000,handy talky harve hv 88 5 watt ht harve hv88 dual ptt free headset,,https://p16-images-sign-sg.tokopedia-static.net/tos-alisg-i-aphluv4xwc-sg/img/VqbcmM/2021/3/16/9f329565-42fe-4ed9-84cf-b9105a37b60a.jpg~tplv-aphluv4xwc-white-pad-v1:200:200.webp?lk3s=97278606&x-expires=1783958765&x-signature=v66RUe6C8UaEhtJ%2F0T5dS9BUWmA%3D&x-signature-webp=v66RUe6C8UaEhtJ%2F0T5dS9BUWmA%3D&ect=4g
1783955180941-99,https://www.tokopedia.com/search?st=product&q=POFUNG,Rp266.654,htwln handy talkie uv82 d82 bk dual band fm radio vhf uhf 128 channel waterproof long lasting suara jernih jangkauan luas outdoor kuat awet 1731849979633435973,,https://p16-images-sign-sg.tokopedia-static.net/tos-alisg-i-aphluv4xwc-sg/1e14575cb31645f2a848957676153af1~tplv-aphluv4xwc-white-pad-v1:200:200.webp?lk3s=97278606&x-expires=1783958765&x-signature=eISQWglZjf2EV5kw%2FXsxh%2F37cP8%3D&x-signature-webp=eISQWglZjf2EV5kw%2FXsxh%2F37cP8%3D&ect=4g
1783955180941-100,https://www.tokopedia.com/search?st=product&q=POFUNG,Rp260.000,baofeng ht uv 82 dual band radio ham woki toki 5w 8w vhf uhf high power uv82 handheld vox walkie talkie dengan jarak berbicara 5 10km 1733025983651612660,,https://p16-images-common-sign-sg.tokopedia-static.net/tos-maliva-i-o3syd03w52-us/9ea29cac554c4b7aabda59804c944bb4~tplv-o3syd03w52-resize-jpeg:200:200.webp?lk3s=97278606&x-expires=1783958765&x-signature=KOmadz9jhbEcW%2FdMOwoR1eiKqpY%3D&x-signature-webp=KOmadz9jhbEcW%2FdMOwoR1eiKqpY%3D&ect=4g
1783955180941-101,https://www.tokopedia.com/search?st=product&q=POFUNG,Rp91.530,termurah ht bf uv82 pro 8watt 5000mah dualband uhf vhf walkie talkie jarak jauh original bergaransi baterai saja 09e9b,,https://p16-images-sign-sg.tokopedia-static.net/tos-alisg-i-aphluv4xwc-sg/8b8dbb458f144116956f3acc4feb2427~tplv-aphluv4xwc-white-pad-v1:200:200.webp?lk3s=97278606&x-expires=1783958765&x-signature=NiOpOEcij7O1pTPy8lIAv824XwA%3D&x-signature-webp=NiOpOEcij7O1pTPy8lIAv824XwA%3D&ect=4g
1783955180941-102,https://www.tokopedia.com/search?st=product&q=POFUNG,Rp228.000,fliestronic ht 888s jarak jauh handy walkie talkie walky talky isi 2 pcs waterproof portable 1729992790339652561,,https://p19-images-common-sign-sg.tokopedia-static.net/tos-maliva-i-o3syd03w52-us/88551e45bd3f4c8f87d2a8e8f4e80734~tplv-o3syd03w52-resize-jpeg:200:200.webp?lk3s=97278606&x-expires=1783958765&x-signature=AKXsfBKbUHTFD7hEpENPqlvUK9s%3D&x-signature-webp=AKXsfBKbUHTFD7hEpENPqlvUK9s%3D&ect=4g
1783955180941-103,https://www.tokopedia.com/search?st=product&q=POFUNG,Rp541.000,ht motorola 370s 15w asli 20km pemasangan satu tombol,,https://p16-images-sign-sg.tokopedia-static.net/tos-alisg-i-aphluv4xwc-sg/img/VqbcmM/2023/8/12/0e0a028e-e3af-45e2-9aaf-6d974c090647.jpg~tplv-aphluv4xwc-white-pad-v1:200:200.webp?lk3s=97278606&x-expires=1783958765&x-signature=AaJct0%2Br0UAynIzQ1IrUTQE2zfQ%3D&x-signature-webp=AaJct0%2Br0UAynIzQ1IrUTQE2zfQ%3D&ect=4g
1783955180941-104,https://www.tokopedia.com/search?st=product&q=POFUNG,Rp328.950,kntn indojaya ht comteck uv 82 dual band vhf uhf radio fm 1730812161006667706,,https://p16-images-sign-sg.tokopedia-static.net/tos-alisg-i-aphluv4xwc-sg/img/VqbcmM/2025/1/23/d01dc916-d6ec-45b4-89d0-38c653438d1c.jpg~tplv-aphluv4xwc-white-pad-v1:200:200.webp?lk3s=97278606&x-expires=1783958765&x-signature=snZ010t6nq1iQCMxXzf8ltdIwmo%3D&x-signature-webp=snZ010t6nq1iQCMxXzf8ltdIwmo%3D&ect=4g
1783955180941-105,https://www.tokopedia.com/search?st=product&q=POFUNG,Rp149.900,baofeng ht baofeng bf 888s original 6 pcs walkie talkie uhf 5w jarak jauh 10km max 16 channel anti air paket lengkap headset charger 1733567815247562229,Mall,https://p16-images-sign-sg.tokopedia-static.net/tos-alisg-i-aphluv4xwc-sg/75ba603c2931472994236d65cffad6e6~tplv-aphluv4xwc-white-pad-v1:200:200.webp?lk3s=97278606&x-expires=1783958765&x-signature=aYSsEqWj4TI8UKQ30Ji2SRApeOE%3D&x-signature-webp=aYSsEqWj4TI8UKQ30Ji2SRApeOE%3D&ect=4g
1783955180941-106,https://www.tokopedia.com/search?st=product&q=POFUNG,Rp299.600,baofeng uv 82 walkie talkie 8w dual band vhf uhf fm transceiver 10km jarak jauh antena adaptor hitam dengan fungsi vox dan penghematan baterai ht 1736042324503594971 1736042437747967963,Mall,https://p16-images-sign-sg.tokopedia-static.net/tos-alisg-i-aphluv4xwc-sg/aec19a10e5fd4087addc735af0d2978f~tplv-aphluv4xwc-white-pad-v1:200:200.webp?lk3s=97278606&x-expires=1783958765&x-signature=M4JYI5VTcS%2FteZJElNdo4hthkrw%3D&x-signature-webp=M4JYI5VTcS%2FteZJElNdo4hthkrw%3D&ect=4g
1783955180941-107,https://www.tokopedia.com/search?st=product&q=POFUNG,Rp24.929,antena sma f ht walkie talkie nagoya na 771 baofeng pofung bf uv5r bf 888s ufo 1 uv 82 transmisi 10km 1731119294295278875,,https://p16-images-sign-sg.tokopedia-static.net/tos-alisg-i-aphluv4xwc-sg/f052cfb1e3bd41888af1030d2c298e36~tplv-aphluv4xwc-white-pad-v1:200:200.webp?lk3s=97278606&x-expires=1783958765&x-signature=5LEEPwGMR84gPC73lfW72cKsApM%3D&x-signature-webp=5LEEPwGMR84gPC73lfW72cKsApM%3D&ect=4g
1783955180941-108,https://www.tokopedia.com/search?st=product&q=POFUNG,Rp355.000,ksun uv108d 5w long range dual band handheld dua way radio am fm radio walkie talkies noaa uhf vhf ham radio untuk berburu hiking ht 1734157172796720802,,https://p19-images-sign-sg.tokopedia-static.net/tos-alisg-i-aphluv4xwc-sg/25016d01b9f54c9f9c1a46b17545716d~tplv-aphluv4xwc-white-pad-v1:200:200.webp?lk3s=97278606&x-expires=1783958765&x-signature=ifyPICqbNhwLIA0qMYe1cGUisLc%3D&x-signature-webp=ifyPICqbNhwLIA0qMYe1cGUisLc%3D&ect=4g
1783955180941-109,https://www.tokopedia.com/search?st=product&q=POFUNG,Rp275.000,ht baofeng uv 5r ht baofeng uv5r asli frekuensi dual band vhf 136mhz,,https://p19-images-sign-sg.tokopedia-static.net/tos-alisg-i-aphluv4xwc-sg/img/VqbcmM/2023/12/17/c4a4dff1-b75a-4174-b2b7-2b7b93781e28.jpg~tplv-aphluv4xwc-white-pad-v1:200:200.webp?lk3s=97278606&x-expires=1783958765&x-signature=oLzDNUh%2BjgADWKeKCV5iNLWUnMs%3D&x-signature-webp=oLzDNUh%2BjgADWKeKCV5iNLWUnMs%3D&ect=4g
1783955180941-110,https://www.tokopedia.com/search?st=product&q=POFUNG,Rp299.900,baofeng uv 5r walkie talkie original 5w 128ch dual band vhf uhf handheld radio long range 10km with earphone and charger for outdoor construction hiking 1733607089614194165,Mall,https://p16-images-sign-sg.tokopedia-static.net/tos-alisg-i-aphluv4xwc-sg/8fbafb3c406049c9b345075109d17e48~tplv-aphluv4xwc-white-pad-v1:200:200.webp?lk3s=97278606&x-expires=1783958765&x-signature=2u7RJ2OcCQX%2FR8lbnexxJc3o%2FEE%3D&x-signature-webp=2u7RJ2OcCQX%2FR8lbnexxJc3o%2FEE%3D&ect=4g
1783955180941-111,https://www.tokopedia.com/search?st=product&q=POFUNG,Rp300.000,ht mstar uv6 dual band 5watt vhf uhf hf baofeng pofung weierwei wln 1730668740670162937,,https://p16-images-sign-sg.tokopedia-static.net/tos-alisg-i-aphluv4xwc-sg/a8ef9d34a764497393d2b3e7b739d03d~tplv-aphluv4xwc-white-pad-v1:200:200.webp?lk3s=97278606&x-expires=1783958765&x-signature=SQTdhQm4DXMeEnPBF1gILgfbhUc%3D&x-signature-webp=SQTdhQm4DXMeEnPBF1gILgfbhUc%3D&ect=4g
1783955180941-112,https://www.tokopedia.com/search?st=product&q=POFUNG,Rp130.000,handy talky bf 888s 100 authentic walkie talkie 5w daya besar baterai tahan lama uhf 400 438mhz garansi kualitas untuk bisnis outdoor 1734982215490307097 1734982580886340633,,https://p16-images-sign-sg.tokopedia-static.net/tos-alisg-i-aphluv4xwc-sg/51a896f990604a4db48a44d06788160d~tplv-aphluv4xwc-white-pad-v1:200:200.webp?lk3s=97278606&x-expires=1783958765&x-signature=upV89OiAQaBoER9o7ZCOfaQjFkw%3D&x-signature-webp=upV89OiAQaBoER9o7ZCOfaQjFkw%3D&ect=4g
1783955180941-113,https://www.tokopedia.com/search?st=product&q=POFUNG,Rp279.000,uv5r walkie talkie dual band 5w 128ch uhf vhf handy talkie waterproof portable with charger 1735694661504697929,,https://p16-images-sign-sg.tokopedia-static.net/tos-alisg-i-aphluv4xwc-sg/a9e0f5d6ba9e49bf88d2a8070480821e~tplv-aphluv4xwc-white-pad-v1:200:200.webp?lk3s=97278606&x-expires=1783958765&x-signature=Fu5rPs3dsRlM9n1Z7JRcKF31EVo%3D&x-signature-webp=Fu5rPs3dsRlM9n1Z7JRcKF31EVo%3D&ect=4g
1783955180941-114,https://www.tokopedia.com/search?st=product&q=POFUNG,Rp272.200,free earphone ht bf uv5r 8watt 2800mah dualband uhf vhf radio fm walkie talkie jarak jauh termurah original garansi,,https://p16-images-sign-sg.tokopedia-static.net/tos-alisg-i-aphluv4xwc-sg/707ffcaef61f47e2a712a8ba68b783a5~tplv-aphluv4xwc-white-pad-v1:200:200.webp?lk3s=97278606&x-expires=1783958765&x-signature=cK2jgvwHZhoaGMxOPJbDIbI32TY%3D&x-signature-webp=cK2jgvwHZhoaGMxOPJbDIbI32TY%3D&ect=4g
1783955180941-115,https://www.tokopedia.com/search?st=product&q=POFUNG,Rp270.000,bisa cod ht bao feng uv82 walkie talkie walky talky ht radio uv82 jarak jauh 20km walkie talkie jarak jauh ht murah dengan kualitas suara jernih 1733119506672486175,,https://p16-images-sign-sg.tokopedia-static.net/tos-alisg-i-aphluv4xwc-sg/8c70b7fc33964fdeb60d1236416fa42e~tplv-aphluv4xwc-white-pad-v1:200:200.webp?lk3s=97278606&x-expires=1783958765&x-signature=sucNo1%2BvDueQoC4EUx8KrPodLKg%3D&x-signature-webp=sucNo1%2BvDueQoC4EUx8KrPodLKg%3D&ect=4g
1783955180941-116,https://www.tokopedia.com/search?st=product&q=POFUNG,Rp520.000,ht bf uv21pro walkie talkie 15w layar 1 77 inch dual display dual standby fm radio 1732340768313673287,,https://p16-images-sign-sg.tokopedia-static.net/tos-alisg-i-aphluv4xwc-sg/839850c72d2b461b8a3b58c0b41be9cb~tplv-aphluv4xwc-white-pad-v1:200:200.webp?lk3s=97278606&x-expires=1783958765&x-signature=MX8%2BmyECflQ085Q7BsV%2FLgVPk5w%3D&x-signature-webp=MX8%2BmyECflQ085Q7BsV%2FLgVPk5w%3D&ect=4g
1783955180941-117,https://www.tokopedia.com/search?st=product&q=POFUNG,Rp299.900,ht baofeng uv 5r walkie talkie dual band radio komunikasi 1800mah 128ch vhf uhf handy talkie jarak jauh original 1733615073388300248,Mall,https://p16-images-sign-sg.tokopedia-static.net/tos-alisg-i-aphluv4xwc-sg/116cb6ba734d4a21b2ff9e8259dff971~tplv-aphluv4xwc-white-pad-v1:200:200.webp?lk3s=97278606&x-expires=1783958765&x-signature=NcPeBYqBAHsXN6Qk25gz5i8yBg0%3D&x-signature-webp=NcPeBYqBAHsXN6Qk25gz5i8yBg0%3D&ect=4g
1783955180941-118,https://www.tokopedia.com/search?st=product&q=POFUNG,Rp438.000,baofeng bf s5 x3 plus dual band radio waterproof walkie talkie 18w,,https://p16-images-sign-sg.tokopedia-static.net/tos-alisg-i-aphluv4xwc-sg/img/product-1/2021/1/14/123300/123300_9e41c418-0a73-441c-a119-34a522f87ac1.jpg~tplv-aphluv4xwc-white-pad-v1:200:200.webp?lk3s=97278606&x-expires=1783958765&x-signature=dr3XVF3tF79mjVQ3XPO1iaYGWH0%3D&x-signature-webp=dr3XVF3tF79mjVQ3XPO1iaYGWH0%3D&ect=4g
1783955180941-119,https://www.tokopedia.com/search?st=product&q=POFUNG,Rp282.400,bisa cod langsung kirim ht bf uv82 pro 8watt 5000mah dualband uhf vhf walkie talkie jarak jauh original bergaransi,,https://p16-images-sign-sg.tokopedia-static.net/tos-alisg-i-aphluv4xwc-sg/13ad92cbe5424e9f80abe57ff1a07ce8~tplv-aphluv4xwc-white-pad-v1:200:200.webp?lk3s=97278606&x-expires=1783958769&x-signature=BG%2BqJL7fsl5kCt256IOZD%2FouQOw%3D&x-signature-webp=BG%2BqJL7fsl5kCt256IOZD%2FouQOw%3D&ect=4g
1783955180941-120,https://www.tokopedia.com/search?st=product&q=POFUNG,Rp450.000,ht motorola two way radio walkie talkie long range 20km gp3188 vhf radio high power 10watt high capacity 4800mah ip54 tahan air original motorola walkie talkies suitable for outdoor hotel school construction site 1730939426692236456,,https://p16-images-sign-sg.tokopedia-static.net/tos-alisg-i-aphluv4xwc-sg/img/VqbcmM/2025/3/1/779403ee-b504-445b-8965-2a864662b2e8.jpg~tplv-aphluv4xwc-white-pad-v1:200:200.webp?lk3s=97278606&x-expires=1783958769&x-signature=uHylV%2FhWOay%2BwPU9Yjukvl%2BM9vs%3D&x-signature-webp=uHylV%2FhWOay%2BwPU9Yjukvl%2BM9vs%3D&ect=4g
1783955180941-121,https://www.tokopedia.com/search?st=product&q=POFUNG,Rp363.840,baofeng walkie talkies 5r mini multi band fm am 1600mah battery 999ch type c charger programming on phone 1734038269974513652,,https://p16-images-sign-sg.tokopedia-static.net/tos-alisg-i-aphluv4xwc-sg/3d75abc68f2f4f78859508c09d299f03~tplv-aphluv4xwc-white-pad-v1:200:200.webp?lk3s=97278606&x-expires=1783958769&x-signature=0xrZ8Wb%2BxjEpeOjLovodyB3Mk1c%3D&x-signature-webp=0xrZ8Wb%2BxjEpeOjLovodyB3Mk1c%3D&ect=4g
1783955180941-122,https://www.tokopedia.com/search?st=product&q=POFUNG,Rp418.000,motorola walkie talkie maritim 10w frequency copy tahan air ip54 ht radio gp3188 handy talky vhf 1730997932971426924,,https://p16-images-sign-sg.tokopedia-static.net/tos-alisg-i-aphluv4xwc-sg/img/VqbcmM/2025/3/11/da331ba1-2761-469c-96d2-f6b4a2668fdc.jpg~tplv-aphluv4xwc-white-pad-v1:200:200.webp?lk3s=97278606&x-expires=1783958769&x-signature=xSg4bwAOzZv0TvI%2FMhfH7A%2BklNI%3D&x-signature-webp=xSg4bwAOzZv0TvI%2FMhfH7A%2BklNI%3D&ect=4g
1783955180941-123,https://www.tokopedia.com/search?st=product&q=POFUNG,Rp280.000,ht uv5r walkie talkie dualband uhf vhf handy talky headset,,https://p16-images-sign-sg.tokopedia-static.net/tos-alisg-i-aphluv4xwc-sg/img/VqbcmM/2023/9/19/161e7c36-b631-4db4-b9ef-224fbb47a905.jpg~tplv-aphluv4xwc-white-pad-v1:200:200.webp?lk3s=97278606&x-expires=1783958769&x-signature=ZzmoAHVvgZHrAnw8zwCcP4b1UuE%3D&x-signature-webp=ZzmoAHVvgZHrAnw8zwCcP4b1UuE%3D&ect=4g
1783955180941-124,https://www.tokopedia.com/search?st=product&q=POFUNG,Rp270.000,handy talky harve hv 888s walkitalkie murah 1731696036374676876,,https://p16-images-sign-sg.tokopedia-static.net/tos-alisg-i-aphluv4xwc-sg/fe861075db734213985af99500d6a47c~tplv-aphluv4xwc-white-pad-v1:200:200.webp?lk3s=97278606&x-expires=1783958769&x-signature=M%2BTbbwaSa%2BlUHx5R4kWVvr6z9kQ%3D&x-signature-webp=M%2BTbbwaSa%2BlUHx5R4kWVvr6z9kQ%3D&ect=4g
1783955180941-125,https://www.tokopedia.com/search?st=product&q=POFUNG,Rp332.000,baofeng uv5rmini walkie talkie 5w daya besar bluetooth 999 saluran fm dual ptt handy talkie untuk kemah mendaki outdoor komunikasi nirkabel portabel 1733093177478318068,,https://p16-images-common-sign-sg.tokopedia-static.net/tos-maliva-i-o3syd03w52-us/86f190a3e04d4b78900e8c76314c2ed7~tplv-o3syd03w52-resize-jpeg:200:200.webp?lk3s=97278606&x-expires=1783958769&x-signature=TH0uLZPxdKXX61Cck1QKoIQT9PI%3D&x-signature-webp=TH0uLZPxdKXX61Cck1QKoIQT9PI%3D&ect=4g
1783955180941-126,https://www.tokopedia.com/search?st=product&q=POFUNG,Rp342.000,baofeng uv 5r mini ht transparan walkie talkie 999 channel bluetooth programming type c radio komunikasi outdoor 1735751337359017390 1735753732596139438,,https://p16-images-sign-sg.tokopedia-static.net/tos-alisg-i-aphluv4xwc-sg/2cac840cb2174aaa8f594e04fb8a914c~tplv-aphluv4xwc-white-pad-v1:200:200.webp?lk3s=97278606&x-expires=1783958769&x-signature=bpUyk6dl8R8jUArjqSt0WnUMUGk%3D&x-signature-webp=bpUyk6dl8R8jUArjqSt0WnUMUGk%3D&ect=4g
1783955180941-127,https://www.tokopedia.com/search?st=product&q=POFUNG,Rp299.600,ht baofeng uv 82 8w walkie talkie dual band vhf uhf 128 channel long range two way radio 2800mah battery with charger headset 1733572163237217781,Mall,https://p16-images-sign-sg.tokopedia-static.net/tos-alisg-i-aphluv4xwc-sg/dbb13413dbff4f908dfc6b4e13a08244~tplv-aphluv4xwc-white-pad-v1:200:200.webp?lk3s=97278606&x-expires=1783958769&x-signature=DWJ5%2BpKWbKLyrDJ%2FBPdFkWXDidU%3D&x-signature-webp=DWJ5%2BpKWbKLyrDJ%2FBPdFkWXDidU%3D&ect=4g
1783955180942-128,https://www.tokopedia.com/search?st=product&q=POFUNG,Rp298.600,baofeng uv 9r plus 15w ip68 waterproof walkie talkie dual band 20km long range portable vhf uhf transceiver cb hunting 1734872916089997275 1734873368065705947,Mall,https://p16-images-sign-sg.tokopedia-static.net/tos-alisg-i-aphluv4xwc-sg/d3d145b3170f46e1a9d117a1964bf3cd~tplv-aphluv4xwc-white-pad-v1:200:200.webp?lk3s=97278606&x-expires=1783958769&x-signature=ZNLTLKeluyEI%2FysYVvefoAd0lYQ%3D&x-signature-webp=ZNLTLKeluyEI%2FysYVvefoAd0lYQ%3D&ect=4g
1783955180942-129,https://www.tokopedia.com/search?st=product&q=POFUNG,Rp285.999,ht uv5r 8watt 2800mah dual band walkie talkie murah,,https://p16-images-sign-sg.tokopedia-static.net/tos-alisg-i-aphluv4xwc-sg/img/VqbcmM/2025/1/3/0bf24126-8d11-4d54-a96a-b5b1699c7d05.jpg~tplv-aphluv4xwc-white-pad-v1:200:200.webp?lk3s=97278606&x-expires=1783958769&x-signature=pRPVR%2FgYfnuKvo2E5LgFzzBY7hc%3D&x-signature-webp=pRPVR%2FgYfnuKvo2E5LgFzzBY7hc%3D&ect=4g
1783955180942-130,https://www.tokopedia.com/search?st=product&q=POFUNG,Rp270.000,ht nexton allband uv k5 walkie talkie multiband unlock two way radio komunikasi 1729626459082753823,,https://p16-images-sign-sg.tokopedia-static.net/tos-alisg-i-aphluv4xwc-sg/491afeeb6aae413aa664842f8dd1d126~tplv-aphluv4xwc-white-pad-v1:200:200.webp?lk3s=97278606&x-expires=1783958769&x-signature=A6uvAORTb1rC%2FzrBL1Iezpte4HA%3D&x-signature-webp=A6uvAORTb1rC%2FzrBL1Iezpte4HA%3D&ect=4g
1783955180942-131,https://www.tokopedia.com/search?st=product&q=POFUNG,Rp149.900,4pcs baofeng 888s walkie talkie 5w high power enhanced signal for clear calls over long distances ideal for construction sites and large venues 1734447720036730581,Mall,https://p16-images-sign-sg.tokopedia-static.net/tos-alisg-i-aphluv4xwc-sg/f2851230c7b14e8dafb0996e450ee990~tplv-aphluv4xwc-white-pad-v1:200:200.webp?lk3s=97278606&x-expires=1783958769&x-signature=AuAB0cabhcbKVZV8mhyoDpsVAls%3D&x-signature-webp=AuAB0cabhcbKVZV8mhyoDpsVAls%3D&ect=4g
1783955180942-132,https://www.tokopedia.com/search?st=product&q=POFUNG,Rp149.900,radio ht baofeng bf 888s walkie talkie uhf jarak jauh 16 channel untuk outdoor anti air ipx5 baterai 1500mah tahan lama komunikasi proyek konstruksi event dan security 1733567456758433269,Mall,https://p16-images-sign-sg.tokopedia-static.net/tos-alisg-i-aphluv4xwc-sg/242ff56210004f18a512072c002b212d~tplv-aphluv4xwc-white-pad-v1:200:200.webp?lk3s=97278606&x-expires=1783958769&x-signature=ILOWsGxXx5D%2BuiYOZE6SCZFpArg%3D&x-signature-webp=ILOWsGxXx5D%2BuiYOZE6SCZFpArg%3D&ect=4g
1783955180942-133,https://www.tokopedia.com/search?st=product&q=POFUNG,Rp264.000,ht baofeng baofeng uv5r hitam 1729862636680939567,,https://p16-images-common-sign-sg.tokopedia-static.net/tos-maliva-i-o3syd03w52-us/29de13966ca540f489801a837d441d3c~tplv-o3syd03w52-resize-jpeg:200:200.webp?lk3s=97278606&x-expires=1783958769&x-signature=IDJaeYefNwQyHqTLkhEC1vDL9Lk%3D&x-signature-webp=IDJaeYefNwQyHqTLkhEC1vDL9Lk%3D&ect=4g
1783955180942-134,https://www.tokopedia.com/search?st=product&q=POFUNG,Rp265.000,walkie talkie hd bf 888s jarak jauh 5 10km max ht wlan uhf 2 units handy talky waterproof portable with charger antena led handy talky 1730678119058539986,,https://p19-images-sign-sg.tokopedia-static.net/tos-alisg-i-aphluv4xwc-sg/a5de0bc9714a4b33b2bbab9054238bad~tplv-aphluv4xwc-white-pad-v1:200:200.webp?lk3s=97278606&x-expires=1783958769&x-signature=6FfgEo5AD88mWAXJBbmazENaj%2BU%3D&x-signature-webp=6FfgEo5AD88mWAXJBbmazENaj%2BU%3D&ect=4g
1783955180942-135,https://www.tokopedia.com/search?st=product&q=POFUNG,Rp175.000,unit ht uv5r mesin handy talkie baofeng uv5r atau merodith md22 dual band baru walkie talkie bf uv5re normal kondisi baru 1735333676005296122,,https://p16-images-sign-sg.tokopedia-static.net/tos-alisg-i-aphluv4xwc-sg/d8806c1697324de0b716f45c5e1759e0~tplv-aphluv4xwc-white-pad-v1:200:200.webp?lk3s=97278606&x-expires=1783958769&x-signature=7ktW2uasQe0tJhtfnADFB3SEv%2BQ%3D&x-signature-webp=7ktW2uasQe0tJhtfnADFB3SEv%2BQ%3D&ect=4g
1783955180942-136,https://www.tokopedia.com/search?st=product&q=POFUNG,Rp260.000,importir elektronik malang ht handy walkie talkie single band 16 channel vhf uhf fm transceiver 2 unit baterai hemat 5km garansi resmi 1729900289366590551,,https://p19-images-sign-sg.tokopedia-static.net/tos-alisg-i-aphluv4xwc-sg/img/VqbcmM/2023/3/18/e3eff2a9-183b-472a-9f06-3381697337dd.jpg~tplv-aphluv4xwc-white-pad-v1:200:200.webp?lk3s=97278606&x-expires=1783958769&x-signature=514a5UA81A4x9C2yRBmtaJwWvKQ%3D&x-signature-webp=514a5UA81A4x9C2yRBmtaJwWvKQ%3D&ect=4g
1783955180942-137,https://www.tokopedia.com/search?st=product&q=POFUNG,Rp375.210,garansi 5 tahun bf 888s walkie talkie 100 asli jarak jauh 10km max 2800mah ht wlan uhf 2 units handy talky waterproof portable with charger 1729627826184029991,,https://p16-images-sign-sg.tokopedia-static.net/tos-alisg-i-aphluv4xwc-sg/ce8ac0d049534ba6b5034bbcf2b5985c~tplv-aphluv4xwc-white-pad-v1:200:200.webp?lk3s=97278606&x-expires=1783958769&x-signature=5znhBQgNWMXS0CNUmdHWwHAEK1o%3D&x-signature-webp=5znhBQgNWMXS0CNUmdHWwHAEK1o%3D&ect=4g
1783955180942-138,https://www.tokopedia.com/search?st=product&q=POFUNG,Rp299.600,walkie talkie ht bf uv 82 walkie talkie talky ht radio uv82 walkie talkie jarak jauh 20km walkie talkie jarah jauh 100kmht bf ht jarak jauh murah ht murah cuci gudang 1733302023098107864,Mall,https://p16-images-sign-sg.tokopedia-static.net/tos-alisg-i-aphluv4xwc-sg/10d62237b1bb4f0f90b6047a9c85eefe~tplv-aphluv4xwc-white-pad-v1:200:200.webp?lk3s=97278606&x-expires=1783958769&x-signature=RIV6PJvjaOM42S75BDzSWz0zAvo%3D&x-signature-webp=RIV6PJvjaOM42S75BDzSWz0zAvo%3D&ect=4g
1783955180942-139,https://www.tokopedia.com/search?st=product&q=POFUNG,Rp308.000,ht nikcom n9 walkie talkie radio portabel jarak jauh 20km 12watt u v radio dua arah 200 saluran di luar ruangan tahan air handy talky 1734232266009511496,,https://p16-images-sign-sg.tokopedia-static.net/tos-alisg-i-aphluv4xwc-sg/eef3b9990cc34a8196171b34648b2a72~tplv-aphluv4xwc-white-pad-v1:200:200.webp?lk3s=97278606&x-expires=1783958769&x-signature=%2Bjy0EC5jpNzY1mecKQ4iRhichC4%3D&x-signature-webp=%2Bjy0EC5jpNzY1mecKQ4iRhichC4%3D&ect=4g
1783955180942-140,https://www.tokopedia.com/search?st=product&q=POFUNG,Rp595.000,baofeng bf h6 10w walkie talkie ht baofeng indonesia 1729645848934320847,,https://p16-images-sign-sg.tokopedia-static.net/tos-alisg-i-aphluv4xwc-sg/a0584aeea5e34871ba3779c14e1d052a~tplv-aphluv4xwc-white-pad-v1:200:200.webp?lk3s=97278606&x-expires=1783958769&x-signature=BwV2EX9nWofLl9s53lxjFc9rOhE%3D&x-signature-webp=BwV2EX9nWofLl9s53lxjFc9rOhE%3D&ect=4g
1783955180942-141,https://www.tokopedia.com/search?st=product&q=POFUNG,Rp395.000,ht scom uv7r uv 7r pro premium dualband walkie talkie scom uv7r premium,,https://p16-images-sign-sg.tokopedia-static.net/tos-alisg-i-aphluv4xwc-sg/img/VqbcmM/2024/4/22/e9220aed-778a-46df-a200-731e91285e2b.jpg~tplv-aphluv4xwc-white-pad-v1:200:200.webp?lk3s=97278606&x-expires=1783958769&x-signature=VZA3jKxaNU9NICUf2IWo%2FQQ69hU%3D&x-signature-webp=VZA3jKxaNU9NICUf2IWo%2FQQ69hU%3D&ect=4g
1783955180942-142,https://www.tokopedia.com/search?st=product&q=POFUNG,Rp130.000,handy talky bf 888s 100 original walkie talkie daya besar 5w baterai tahan lama 1500mah sinyal tanpa gangguan cocok outdoor bisnis 1735154608064660663 1735157470967989431,,https://p16-images-sign-sg.tokopedia-static.net/tos-alisg-i-aphluv4xwc-sg/2939794baf9049ee8693cdf3950179ea~tplv-aphluv4xwc-white-pad-v1:200:200.webp?lk3s=97278606&x-expires=1783958769&x-signature=30wuD1jRNe%2Fzoaj5Z57TE2BQtW8%3D&x-signature-webp=30wuD1jRNe%2Fzoaj5Z57TE2BQtW8%3D&ect=4g
1783955180942-143,https://www.tokopedia.com/search?st=product&q=POFUNG,Rp249.800,ht bf c50 set 2 unit bf c50 two way mini walkie talkie uhf single band 1729629019392935433,Mall,https://p16-images-sign-sg.tokopedia-static.net/tos-alisg-i-aphluv4xwc-sg/f7c9abb2a5e84ca1854bc1f03746d00b~tplv-aphluv4xwc-white-pad-v1:200:200.webp?lk3s=97278606&x-expires=1783958769&x-signature=qqCvjcMvDb6rsuMkdtXUY21Juig%3D&x-signature-webp=qqCvjcMvDb6rsuMkdtXUY21Juig%3D&ect=4g
1783955180942-144,https://www.tokopedia.com/search?st=product&q=POFUNG,Rp168.430,langsung kirim ht baofeng uv82 pro 8watt 5000mah dualband uhf vhf walkie talkie jarak jauh original bergaransi 1731768319984305965,,https://p16-images-sign-sg.tokopedia-static.net/tos-alisg-i-aphluv4xwc-sg/326632a14cc54b10ba1059ae79b3488a~tplv-aphluv4xwc-white-pad-v1:200:200.webp?lk3s=97278606&x-expires=1783958769&x-signature=nCWLqGNXAjsZ9JMiJ2J%2FHZg3YmU%3D&x-signature-webp=nCWLqGNXAjsZ9JMiJ2J%2FHZg3YmU%3D&ect=4g
1783955180942-145,https://www.tokopedia.com/search?st=product&q=POFUNG,Rp300.000,handy talky harve hv6r ht harve uv6r dual band,,https://p19-images-sign-sg.tokopedia-static.net/tos-alisg-i-aphluv4xwc-sg/img/VqbcmM/2021/4/24/0eb0d6f5-306c-43af-91d7-d02e9d6952e3.jpg~tplv-aphluv4xwc-white-pad-v1:200:200.webp?lk3s=97278606&x-expires=1783958769&x-signature=UF9RgXhD0ij8gKTQj7Gx7BIBPNQ%3D&x-signature-webp=UF9RgXhD0ij8gKTQj7Gx7BIBPNQ%3D&ect=4g
1783955180942-146,https://www.tokopedia.com/search?st=product&q=POFUNG,Rp288.000,ksun x tfsi walkie talkie allband handy talky 200 channels ht jarak jauh 5km 1729607197346792466,,https://p16-images-sign-sg.tokopedia-static.net/tos-alisg-i-aphluv4xwc-sg/a578ee689558450bb16fa3640c9952fb~tplv-aphluv4xwc-white-pad-v1:200:200.webp?lk3s=97278606&x-expires=1783958769&x-signature=UHftDRmweVce%2FdajBNGezCsEG1M%3D&x-signature-webp=UHftDRmweVce%2FdajBNGezCsEG1M%3D&ect=4g
1783955180942-147,https://www.tokopedia.com/search?st=product&q=POFUNG,Rp399.800,baofeng uv 9r plus 15w walkie talkie ip68 waterproof dual band long range portable vhf uhf transceiver cb hunting ham radio 2800maah 15km 1731778128065038299,Mall,https://p16-images-sign-sg.tokopedia-static.net/tos-alisg-i-aphluv4xwc-sg/050daaefc3b24e779795a79cb73474af~tplv-aphluv4xwc-white-pad-v1:200:200.webp?lk3s=97278606&x-expires=1783958769&x-signature=%2BSbg5Uf5tWVrz4svgizoqOPLXKo%3D&x-signature-webp=%2BSbg5Uf5tWVrz4svgizoqOPLXKo%3D&ect=4g
1783955180942-148,https://www.tokopedia.com/search?st=product&q=POFUNG,Rp145.000,ht comteck uv 82 dual band vhf uhf radio fm kiswarabandung 1732088824683005629,,https://p16-images-sign-sg.tokopedia-static.net/tos-alisg-i-aphluv4xwc-sg/img/VqbcmM/2022/12/10/0d3e5480-6fe8-43cf-a73e-31ed43f194a6.jpg~tplv-aphluv4xwc-white-pad-v1:200:200.webp?lk3s=97278606&x-expires=1783958769&x-signature=dDlmOVRaL8kSZhZnuLUzLu%2Bx7p0%3D&x-signature-webp=dDlmOVRaL8kSZhZnuLUzLu%2Bx7p0%3D&ect=4g
1783955180942-149,https://www.tokopedia.com/search?st=product&q=POFUNG,Rp337.200,ht scom uv7r pro premium speaker dual band vhf uhf garansi resmi murah 1731674188833850741,,https://p16-images-sign-sg.tokopedia-static.net/tos-alisg-i-aphluv4xwc-sg/7669d846ef3b4d17baf31ff4628913c1~tplv-aphluv4xwc-white-pad-v1:200:200.webp?lk3s=97278606&x-expires=1783958769&x-signature=Lgds2b%2BomGzNjbr3Pupg6hohcM4%3D&x-signature-webp=Lgds2b%2BomGzNjbr3Pupg6hohcM4%3D&ect=4g
1783955180942-150,https://www.tokopedia.com/search?st=product&q=POFUNG,Rp319.800,baofeng bf a58s original tri band walkie talkie 8w 128ch ip57 waterproof 2800mah jarak jauh 10km dengan headset charger 1733645245316433397,Mall,https://p16-images-sign-sg.tokopedia-static.net/tos-alisg-i-aphluv4xwc-sg/f97dbe277c8e4cb8a6e1b962061851d4~tplv-aphluv4xwc-white-pad-v1:200:200.webp?lk3s=97278606&x-expires=1783958769&x-signature=Dyev5K%2BgXT6qm0cOzU7SPJlQOM4%3D&x-signature-webp=Dyev5K%2BgXT6qm0cOzU7SPJlQOM4%3D&ect=4g
1783955180942-151,https://www.tokopedia.com/search?st=product&q=POFUNG,Rp315.000,handy talky baofeng uv 82 1733463802729825936,,https://p16-images-sign-sg.tokopedia-static.net/tos-alisg-i-aphluv4xwc-sg/737c0eb6e2a9420abbc58a74db1c39fd~tplv-aphluv4xwc-white-pad-v1:200:200.webp?lk3s=97278606&x-expires=1783958769&x-signature=69PdjK4WJZgpEoHHCyVZPEeDDcA%3D&x-signature-webp=69PdjK4WJZgpEoHHCyVZPEeDDcA%3D&ect=4g
1783955180942-152,https://www.tokopedia.com/search?st=product&q=POFUNG,Rp283.739,cod ht merodith uv5r walkie talkie dual band 5w 128 channel uhf vhf komunikasi jernih led antena 1733693332542621341 1735863615414961821,,https://p16-images-sign-sg.tokopedia-static.net/tos-alisg-i-aphluv4xwc-sg/1bb2db2a64f044c7a56acdbee920eb0b~tplv-aphluv4xwc-white-pad-v1:200:200.webp?lk3s=97278606&x-expires=1783958769&x-signature=4cDkmyNkBMwttWu%2FH5uDfGORHWk%3D&x-signature-webp=4cDkmyNkBMwttWu%2FH5uDfGORHWk%3D&ect=4g
1783955180942-153,https://www.tokopedia.com/search?st=product&q=POFUNG,Rp299.600,handy talky baofeng uv 82 walkie talkie untuk outdoor proyek radio komunikasi jarak jauh 10km anti air ideal untuk security konstruksi dan event 1733572494467630581,Mall,https://p16-images-sign-sg.tokopedia-static.net/tos-alisg-i-aphluv4xwc-sg/e230efe845c247d7b3fa203cb79f82ff~tplv-aphluv4xwc-white-pad-v1:200:200.webp?lk3s=97278606&x-expires=1783958769&x-signature=BsGCK6Pe3VAp9xoITg4WcDIHMzE%3D&x-signature-webp=BsGCK6Pe3VAp9xoITg4WcDIHMzE%3D&ect=4g
1783955180942-154,https://www.tokopedia.com/search?st=product&q=POFUNG,Rp299.600,baofeng uv 82 8w walkie talkie original 2800mah battery 128 channel dual band vhf uhf long range 10km with charger headset 1733605135687058933,Mall,https://p16-images-sign-sg.tokopedia-static.net/tos-alisg-i-aphluv4xwc-sg/78ac64f31026471786814b8b19fbaff9~tplv-aphluv4xwc-white-pad-v1:200:200.webp?lk3s=97278606&x-expires=1783958769&x-signature=QgaBUWR34UYSeSKX4LT6usi2V5A%3D&x-signature-webp=QgaBUWR34UYSeSKX4LT6usi2V5A%3D&ect=4g
1783955180942-155,https://www.tokopedia.com/search?st=product&q=POFUNG,Rp310.500,paket standart ht wln kd uv1 dual band uhf vhf daya 5 watt paket standar,,https://p16-images-sign-sg.tokopedia-static.net/tos-alisg-i-aphluv4xwc-sg/img/VqbcmM/2023/3/10/dd02009b-d695-4a6c-aa1e-16ecc9f7a77b.png~tplv-aphluv4xwc-white-pad-v1:200:200.webp?lk3s=97278606&x-expires=1783958769&x-signature=q8b4lmXJseXR0e1kusB9T9qATgo%3D&x-signature-webp=q8b4lmXJseXR0e1kusB9T9qATgo%3D&ect=4g
1783955180942-156,https://www.tokopedia.com/search?st=product&q=POFUNG,Rp296.593,merodith walkie talkie uv82 md 333 black dual band vhf uhf 5w dengan fm antena adaptor led pengaturan kanal frekuensi daya hemat energi vox subtone digital analog 1733724189732538080,,https://p16-images-sign-sg.tokopedia-static.net/tos-alisg-i-aphluv4xwc-sg/11130c258b444bf781d2504c4faad99a~tplv-aphluv4xwc-white-pad-v1:200:200.webp?lk3s=97278606&x-expires=1783958769&x-signature=9PXIUOkiQJ2wnJxz0xNGcg68fGw%3D&x-signature-webp=9PXIUOkiQJ2wnJxz0xNGcg68fGw%3D&ect=4g
1783955180942-157,https://www.tokopedia.com/search?st=product&q=POFUNG,Rp342.000,baofeng 5r mini walkie talkie 5w high power bluetooth programming led flashlight fm radio dual ptt handy talkie portable untuk outdoor hiking camping 1735725762180777390 1735729375398757806,,https://p16-images-sign-sg.tokopedia-static.net/tos-alisg-i-aphluv4xwc-sg/c3b84e53485a45368161d81b4dfa5e3f~tplv-aphluv4xwc-white-pad-v1:200:200.webp?lk3s=97278606&x-expires=1783958769&x-signature=KdQp1vDdunAy90jzE1m%2FnsWYfGI%3D&x-signature-webp=KdQp1vDdunAy90jzE1m%2FnsWYfGI%3D&ect=4g
1783955180942-158,https://www.tokopedia.com/search?st=product&q=POFUNG,Rp265.000,comteck uv 5r uv 5r ht dual band vhf uhf radio fm garansi 1 tahun,,https://p16-images-sign-sg.tokopedia-static.net/tos-alisg-i-aphluv4xwc-sg/img/VqbcmM/2021/7/30/bd6ae053-3604-489a-8083-a5e01c3b727c.jpg~tplv-aphluv4xwc-white-pad-v1:200:200.webp?lk3s=97278606&x-expires=1783958769&x-signature=Nb1siUgKEcjUgkg7k681IxETWZM%3D&x-signature-webp=Nb1siUgKEcjUgkg7k681IxETWZM%3D&ect=4g
1783955180943-159,https://www.tokopedia.com/search?st=product&q=POFUNG,Rp149.900,baofeng bf 888s 5w walkie talkie uhf two way radio set of 2 400 470mhz 16 channels with headset long range clear communication for outdoor commercial use 1734447570977130197,Mall,https://p16-images-sign-sg.tokopedia-static.net/tos-alisg-i-aphluv4xwc-sg/651b4f1550974dd1afa5ba9de05879b5~tplv-aphluv4xwc-white-pad-v1:200:200.webp?lk3s=97278606&x-expires=1783958769&x-signature=hokB37bfr4DURztwyhwjpLRVpuA%3D&x-signature-webp=hokB37bfr4DURztwyhwjpLRVpuA%3D&ect=4g
1783955180943-160,https://www.tokopedia.com/search?st=product&q=POFUNG,Rp294.800,ht walkie talkie original uv82 vhf uhf fm 5w dual band 2 way radio handy talkie uv82 asli handy talky 1729579943015712954,,https://p16-images-common-sign-sg.tokopedia-static.net/tos-maliva-i-o3syd03w52-us/d5b1b429a3a44f2cb106bf3d1d5b0a30~tplv-o3syd03w52-resize-jpeg:200:200.webp?lk3s=97278606&x-expires=1783958769&x-signature=Lt4%2FSJ32XHUQKjqYEcIzAf5gFJg%3D&x-signature-webp=Lt4%2FSJ32XHUQKjqYEcIzAf5gFJg%3D&ect=4g
1783955180943-161,https://www.tokopedia.com/search?st=product&q=POFUNG,Rp365.999,1pcs baofeng uv82 power 8w ht uv 82 uv 82 dual band dualband vhf uhf,,https://p16-images-sign-sg.tokopedia-static.net/tos-alisg-i-aphluv4xwc-sg/img/hDjmkQ/2023/9/4/d5a497d0-12c8-4cdc-9892-3d8598814d12.jpg~tplv-aphluv4xwc-white-pad-v1:200:200.webp?lk3s=97278606&x-expires=1783958769&x-signature=rkdWQb9%2FTGtfod4%2FeQ0qF%2F17j%2FY%3D&x-signature-webp=rkdWQb9%2FTGtfod4%2FeQ0qF%2F17j%2FY%3D&ect=4g
1783955180943-162,https://www.tokopedia.com/search?st=product&q=POFUNG,Rp290.000,radio ht baofeng uv 82 dual band vhf uhf,,https://p16-images-sign-sg.tokopedia-static.net/tos-alisg-i-aphluv4xwc-sg/img/VqbcmM/2022/5/11/ed3f5fc2-38bf-43ac-aa2d-43562dd144d0.jpg~tplv-aphluv4xwc-white-pad-v1:200:200.webp?lk3s=97278606&x-expires=1783958769&x-signature=ij%2FofRa7y6BvGNv%2FYSnsdPvA%2Bt0%3D&x-signature-webp=ij%2FofRa7y6BvGNv%2FYSnsdPvA%2Bt0%3D&ect=4g
1783955180943-163,https://www.tokopedia.com/search?st=product&q=POFUNG,Rp205.000,ht handy talkie walkie talkie radio komunikasi uhf setting siap pakai 1731405313297319182,,https://p19-images-sign-sg.tokopedia-static.net/tos-alisg-i-aphluv4xwc-sg/img/VqbcmM/2025/5/13/debeb859-e5ca-4fcf-a936-5f4a6dab849c.jpg~tplv-aphluv4xwc-white-pad-v1:200:200.webp?lk3s=97278606&x-expires=1783958769&x-signature=SeEabiztsC4Gx1wCqH4QY8IlZJ4%3D&x-signature-webp=SeEabiztsC4Gx1wCqH4QY8IlZJ4%3D&ect=4g
1783955180943-164,https://www.tokopedia.com/search?st=product&q=POFUNG,Rp490.000,baofeng uv 82 5w walkie talkie ht baofeng indonesia 1729645846860958415,,https://p16-images-sign-sg.tokopedia-static.net/tos-alisg-i-aphluv4xwc-sg/5a21a635f62d4f3b8089e8ab5af39c22~tplv-aphluv4xwc-white-pad-v1:200:200.webp?lk3s=97278606&x-expires=1783958769&x-signature=fof2qrxwv%2F0IokqLbHx8A75TPfg%3D&x-signature-webp=fof2qrxwv%2F0IokqLbHx8A75TPfg%3D&ect=4g
1783955180943-165,https://www.tokopedia.com/search?st=product&q=POFUNG,Rp225.000,ht merodith md 222 dualband original 1734268933623220026,,https://p16-images-sign-sg.tokopedia-static.net/tos-alisg-i-aphluv4xwc-sg/ecfaced78cd64aaaa42767cf586aae89~tplv-aphluv4xwc-white-pad-v1:200:200.webp?lk3s=97278606&x-expires=1783958769&x-signature=CHHdhmW4bRXjyRadlGdAL1gTAy4%3D&x-signature-webp=CHHdhmW4bRXjyRadlGdAL1gTAy4%3D&ect=4g
1783955180943-166,https://www.tokopedia.com/search?st=product&q=POFUNG,Rp298.600,pofung uv82 ht handy walkie talkie dual band uhf vhf bf uv82 8w 5000mah walkie talkie walky jarak jauh 10km 1734950000638068699 1734950002310088667,Mall,https://p16-images-sign-sg.tokopedia-static.net/tos-alisg-i-aphluv4xwc-sg/56e3857ea87944c08db96d8cf61c3faf~tplv-aphluv4xwc-white-pad-v1:200:200.webp?lk3s=97278606&x-expires=1783958769&x-signature=4BIXKMSdXO6bZKlKpHDsCQaBTQU%3D&x-signature-webp=4BIXKMSdXO6bZKlKpHDsCQaBTQU%3D&ect=4g
1783955180943-167,https://www.tokopedia.com/search?st=product&q=POFUNG,Rp320.000,walkie talkie bf 888s 2pcs jarak jauh hingga 10 km waterproof portable lengkap dengan charger dan baterai cocok untuk komunikasi jarak jauh dan tahan lama antena ht led 1730806054875531022,,https://p16-images-sign-sg.tokopedia-static.net/tos-alisg-i-aphluv4xwc-sg/e34d33d72d2548b1bb4b8a037b53d671~tplv-aphluv4xwc-white-pad-v1:200:200.webp?lk3s=97278606&x-expires=1783958769&x-signature=xWTfjHcpNJUastSnoxDh1Mb4nYU%3D&x-signature-webp=xWTfjHcpNJUastSnoxDh1Mb4nYU%3D&ect=4g
1783955180943-168,https://www.tokopedia.com/search?st=product&q=POFUNG,Rp306.000,2pcs ht motorola walkie talkie long range 5km mt918 high power 30w high capacity 29800mah 16 channels two way radio military small steel cannon automatic intercom ip54 walkie talkie waterproof mini construction site outdoor wireless handheld self driving hijau b6add,Mall,https://p16-images-sign-sg.tokopedia-static.net/tos-alisg-i-aphluv4xwc-sg/img/VqbcmM/2024/11/8/a5c43b49-cdf0-4a7c-9dfc-eaac873815a1.jpg~tplv-aphluv4xwc-white-pad-v1:200:200.webp?lk3s=97278606&x-expires=1783958769&x-signature=GBHub9ToCPzuKqfk2FAoM%2B%2Fakc8%3D&x-signature-webp=GBHub9ToCPzuKqfk2FAoM%2B%2Fakc8%3D&ect=4g
1783955180943-170,https://www.tokopedia.com/search?st=product&q=POFUNG,Rp448.000,free headset motorola hx 380 walkie talkie high power 10w uv dual green 0f479,,https://p19-images-sign-sg.tokopedia-static.net/tos-alisg-i-aphluv4xwc-sg/img/hDjmkQ/2024/6/8/22566d7c-282a-45c4-be96-ba95e12e042e.jpg~tplv-aphluv4xwc-white-pad-v1:200:200.webp?lk3s=97278606&x-expires=1783958769&x-signature=oOAf3076S5cr9HnznsSHehrOUHw%3D&x-signature-webp=oOAf3076S5cr9HnznsSHehrOUHw%3D&ect=4g
1783955180943-171,https://www.tokopedia.com/search?st=product&q=POFUNG,Rp159.410,terlaris ht bf uv 82 pro 8watt 5000mah dualband walkie talkie jarak jauh walky talky ht uv82 bergaransi singleband d02dd,,https://p16-images-sign-sg.tokopedia-static.net/tos-alisg-i-aphluv4xwc-sg/27fb569e62fa477895f4ee82a3ff7f1b~tplv-aphluv4xwc-white-pad-v1:200:200.webp?lk3s=97278606&x-expires=1783958769&x-signature=H6VnTAMTkCUBq6IAnjmY%2B2VPIUw%3D&x-signature-webp=H6VnTAMTkCUBq6IAnjmY%2B2VPIUw%3D&ect=4g
1783955180943-172,https://www.tokopedia.com/search?st=product&q=POFUNG,Rp725.000,ht bofeng baopeng x5 x 5 plus 20watt 20km dualband 9800mah waterproof,,https://p16-images-sign-sg.tokopedia-static.net/tos-alisg-i-aphluv4xwc-sg/img/VqbcmM/2023/3/12/3eacd462-ac24-43d8-835a-a8dfb8e3c8b9.jpg~tplv-aphluv4xwc-white-pad-v1:200:200.webp?lk3s=97278606&x-expires=1783958769&x-signature=tgxa9ibtPD%2BL5UutrZsog%2BnL%2F%2FY%3D&x-signature-webp=tgxa9ibtPD%2BL5UutrZsog%2BnL%2F%2FY%3D&ect=4g
1783955180943-173,https://www.tokopedia.com/search?st=product&q=POFUNG,Rp430.000,ht motorola x8 two way radio walkie talkie jarak jauh 20km daya tinggi 10w 200 saluran radio fm portabel walkie talkie frekuensi penerbangan berkapasitas tinggi 5500mah led type c ip54 tahan air tahan debu cocok untuk luar ruangan hotel,,https://p16-images-sign-sg.tokopedia-static.net/tos-alisg-i-aphluv4xwc-sg/img/VqbcmM/2024/6/29/a5388866-5a2c-4b54-bc65-e321d1e75faf.jpg~tplv-aphluv4xwc-white-pad-v1:200:200.webp?lk3s=97278606&x-expires=1783958769&x-signature=dRAeabNQwpoWyz1U6TzUPj315ac%3D&x-signature-webp=dRAeabNQwpoWyz1U6TzUPj315ac%3D&ect=4g
1783955180943-174,https://www.tokopedia.com/search?st=product&q=POFUNG,Rp37.500,mic ht baofeng uv5r uv82 original bf888s bjh comteck toriphone merodith pofung uv 5r uv 82 uorris nexton berlin fm v6r pxton ucomm x5 wln kd uv1 texas tx 2 harve hv v10 3comx one uv x2firstcom weierwei berlin extramic 1731464440959501915,,https://p16-images-sign-sg.tokopedia-static.net/tos-alisg-i-aphluv4xwc-sg/img/VqbcmM/2025/5/3/43d53546-48c3-429c-a0d9-634022fd87b3.jpg~tplv-aphluv4xwc-white-pad-v1:200:200.webp?lk3s=97278606&x-expires=1783958769&x-signature=lj03ss5hwn7hOfKnOwR9sMqiCVM%3D&x-signature-webp=lj03ss5hwn7hOfKnOwR9sMqiCVM%3D&ect=4g
1783955180943-175,https://www.tokopedia.com/search?st=product&q=POFUNG,Rp135.999,walkie talkie bf 888s waterproof portable with headset handy talky radio ht bf888s jarak jauh 10 km walky talky uhf 2 units led charger earphone antena radio ht portable hd 1733122783043093944,,https://p16-images-sign-sg.tokopedia-static.net/tos-alisg-i-aphluv4xwc-sg/7494bede5e744bf0bc70f6f7462da697~tplv-aphluv4xwc-white-pad-v1:200:200.webp?lk3s=97278606&x-expires=1783958769&x-signature=LFYtz%2B0V21HQttIXXt3vUwhCpQ8%3D&x-signature-webp=LFYtz%2B0V21HQttIXXt3vUwhCpQ8%3D&ect=4g
1783955180943-176,https://www.tokopedia.com/search?st=product&q=POFUNG,Rp269.000,ht nikcom n9 walkie talkie ht jarak jauh 20km 12w dual band 200 channels ip54 water proof 6800mah 1733591261341975652,,https://p16-images-sign-sg.tokopedia-static.net/tos-alisg-i-aphluv4xwc-sg/de6058c9e94d417e818ac621f1b340b7~tplv-aphluv4xwc-white-pad-v1:200:200.webp?lk3s=97278606&x-expires=1783958769&x-signature=AOhzMFnYkPgy08eVRB6IcmcMF1I%3D&x-signature-webp=AOhzMFnYkPgy08eVRB6IcmcMF1I%3D&ect=4g
1783955325205-1,https://www.tokopedia.com/search?st=product&q=kenwood%20HT&srp_component_id=02.01.00.00&srp_page_id=&srp_page_title=&navsource=,Rp400.000,ht kenwood thk20 prequency vhf 1736377505952138514,,https://p16-images-sign-sg.tokopedia-static.net/tos-alisg-i-aphluv4xwc-sg/db97a45ad7ac4c8eaabcd42e094047ae~tplv-aphluv4xwc-white-pad-v1:200:200.webp?lk3s=97278606&x-expires=1783958884&x-signature=Ly56gP1IqjfdXyGQEobsYEQPYb4%3D&x-signature-webp=Ly56gP1IqjfdXyGQEobsYEQPYb4%3D&ect=4g
1783955325205-2,https://www.tokopedia.com/search?st=product&q=kenwood%20HT&srp_component_id=02.01.00.00&srp_page_id=&srp_page_title=&navsource=,Rp2.100.000,kenwood th k20a,,https://p16-images-sign-sg.tokopedia-static.net/tos-alisg-i-aphluv4xwc-sg/img/VqbcmM/2023/11/24/9db2009a-2107-4ac8-8553-3bad49c96c91.jpg~tplv-aphluv4xwc-white-pad-v1:200:200.webp?lk3s=97278606&x-expires=1783958884&x-signature=UkqEtcHKdL6QEne0yW4j6JrCyiw%3D&x-signature-webp=UkqEtcHKdL6QEne0yW4j6JrCyiw%3D&ect=4g
1783955325205-3,https://www.tokopedia.com/search?st=product&q=kenwood%20HT&srp_component_id=02.01.00.00&srp_page_id=&srp_page_title=&navsource=,Rp2.108.780,ht kenwood th k20a original ht kenwood th k20a 1731521753917588752,,https://p16-images-sign-sg.tokopedia-static.net/tos-alisg-i-aphluv4xwc-sg/img/VqbcmM/2020/8/2/786c8c81-fe94-4588-8970-30faa46164fe.jpg~tplv-aphluv4xwc-white-pad-v1:200:200.webp?lk3s=97278606&x-expires=1783958884&x-signature=xxfBZNAez6lHLFUUOQF6mVIchKs%3D&x-signature-webp=xxfBZNAez6lHLFUUOQF6mVIchKs%3D&ect=4g
1783955325205-4,https://www.tokopedia.com/search?st=product&q=kenwood%20HT&srp_component_id=02.01.00.00&srp_page_id=&srp_page_title=&navsource=,Rp1.830.000,kenwood thk20a ht vhf th k20a handie talky 1732779954274927810,,https://p16-images-sign-sg.tokopedia-static.net/tos-alisg-i-aphluv4xwc-sg/913400a25a904535b82b2edfc630af02~tplv-aphluv4xwc-white-pad-v1:200:200.webp?lk3s=97278606&x-expires=1783958884&x-signature=W93%2BgDUMCm4rA882x9qGYj7V2X0%3D&x-signature-webp=W93%2BgDUMCm4rA882x9qGYj7V2X0%3D&ect=4g
1783955325205-6,https://www.tokopedia.com/search?st=product&q=kenwood%20HT&srp_component_id=02.01.00.00&srp_page_id=&srp_page_title=&navsource=,Rp1.830.000,ht kenwood thk20a th k20a thk 20a vhf 1732779841727595714,,https://p16-images-sign-sg.tokopedia-static.net/tos-alisg-i-aphluv4xwc-sg/aa59a1078f874a8292a2453fec785e7c~tplv-aphluv4xwc-white-pad-v1:200:200.webp?lk3s=97278606&x-expires=1783958884&x-signature=CJbErbw3551A33bLqnd%2FTsr%2FRyM%3D&x-signature-webp=CJbErbw3551A33bLqnd%2FTsr%2FRyM%3D&ect=4g
1783955325205-7,https://www.tokopedia.com/search?st=product&q=kenwood%20HT&srp_component_id=02.01.00.00&srp_page_id=&srp_page_title=&navsource=,Rp500.000,ht kenwood th225a th 255a,,https://p16-images-sign-sg.tokopedia-static.net/tos-alisg-i-aphluv4xwc-sg/img/VqbcmM/2022/7/4/fe87736c-8b22-483c-9162-74f2021e5fb0.jpg~tplv-aphluv4xwc-white-pad-v1:200:200.webp?lk3s=97278606&x-expires=1783958884&x-signature=QuKEdKpYw%2FKwaGU75KJzVKwPVgM%3D&x-signature-webp=QuKEdKpYw%2FKwaGU75KJzVKwPVgM%3D&ect=4g
1783955325205-8,https://www.tokopedia.com/search?st=product&q=kenwood%20HT&srp_component_id=02.01.00.00&srp_page_id=&srp_page_title=&navsource=,Rp2.250.000,kenwood thk20a ht kenwood th k20a thk 20a thk 20 th k20 original resmi,,https://p16-images-common-sign-sg.tokopedia-static.net/tos-maliva-i-o3syd03w52-us/18a2e75c8f6549399edf0044b2967304~tplv-o3syd03w52-resize-jpeg:200:200.webp?lk3s=97278606&x-expires=1783958884&x-signature=8wfxitSo%2FT8ERcwGpjkoFYVwvAA%3D&x-signature-webp=8wfxitSo%2FT8ERcwGpjkoFYVwvAA%3D&ect=4g
1783955325205-9,https://www.tokopedia.com/search?st=product&q=kenwood%20HT&srp_component_id=02.01.00.00&srp_page_id=&srp_page_title=&navsource=,Rp2.275.000,kenwood rig kenwood tm281a tm281 vhf 65 watt radio walkie talkie ht lcd display 32 step 1734543086616610336,,https://p16-images-sign-sg.tokopedia-static.net/tos-alisg-i-aphluv4xwc-sg/3c84a4da09f947b7a0604fa2873817a6~tplv-aphluv4xwc-white-pad-v1:200:200.webp?lk3s=97278606&x-expires=1783958884&x-signature=r42Im1zcne29pZxlmK7MiYRLDP8%3D&x-signature-webp=r42Im1zcne29pZxlmK7MiYRLDP8%3D&ect=4g
1783955325205-10,https://www.tokopedia.com/search?st=product&q=kenwood%20HT&srp_component_id=02.01.00.00&srp_page_id=&srp_page_title=&navsource=,Rp2.075.000,ht handy talkie kenwood th k20a vhf 5 5 watt original,,https://p16-images-sign-sg.tokopedia-static.net/tos-alisg-i-aphluv4xwc-sg/img/VqbcmM/2021/2/15/9d0b8475-0ea0-40f9-bca6-615c70e22159.jpg~tplv-aphluv4xwc-white-pad-v1:200:200.webp?lk3s=97278606&x-expires=1783958884&x-signature=5%2BR0aLxvQVFmqaoivWEwCiGN53o%3D&x-signature-webp=5%2BR0aLxvQVFmqaoivWEwCiGN53o%3D&ect=4g
1783955325205-11,https://www.tokopedia.com/search?st=product&q=kenwood%20HT&srp_component_id=02.01.00.00&srp_page_id=&srp_page_title=&navsource=,Rp250.000,keeone ht mini jarak jauh 2 units walkie talkie 10km max 2800mah ht wlan uhf520mhz handy talky waterproof portable walkie talkie jarak jauh with charger headset 1 kotok 2 pcs 1731976266752558099,,https://p16-images-sign-sg.tokopedia-static.net/tos-alisg-i-aphluv4xwc-sg/d32f1b2c1fd44803956d9e9d9e90c016~tplv-aphluv4xwc-white-pad-v1:200:200.webp?lk3s=97278606&x-expires=1783958884&x-signature=%2FTOSLQNMLkfidzi2x8%2B8uszTQQM%3D&x-signature-webp=%2FTOSLQNMLkfidzi2x8%2B8uszTQQM%3D&ect=4g
1783955325205-12,https://www.tokopedia.com/search?st=product&q=kenwood%20HT&srp_component_id=02.01.00.00&srp_page_id=&srp_page_title=&navsource=,Rp2.600.000,jual ht kenwood th k20a murah,,https://p16-images-sign-sg.tokopedia-static.net/tos-alisg-i-aphluv4xwc-sg/img/product-1/2020/7/11/16922911/16922911_6f09c9d9-c5bb-40fd-beca-fa9fa4b74576_1083_1083.jpg~tplv-aphluv4xwc-white-pad-v1:200:200.webp?lk3s=97278606&x-expires=1783958884&x-signature=iWcQAz7yAvi96G1eAWlSy%2BrN20k%3D&x-signature-webp=iWcQAz7yAvi96G1eAWlSy%2BrN20k%3D&ect=4g
1783955325205-13,https://www.tokopedia.com/search?st=product&q=kenwood%20HT&srp_component_id=02.01.00.00&srp_page_id=&srp_page_title=&navsource=,Rp3.539.375,radio ht kenwood nx 1300d m3 uhf,,https://p19-images-sign-sg.tokopedia-static.net/tos-alisg-i-aphluv4xwc-sg/img/VqbcmM/2024/3/19/0947d187-e4ca-40c4-83da-11ea2d920b4f.jpg~tplv-aphluv4xwc-white-pad-v1:200:200.webp?lk3s=97278606&x-expires=1783958884&x-signature=d%2Fv44CxR2wHeia%2F5vFAUP18IPfw%3D&x-signature-webp=d%2Fv44CxR2wHeia%2F5vFAUP18IPfw%3D&ect=4g
1783955325205-14,https://www.tokopedia.com/search?st=product&q=kenwood%20HT&srp_component_id=02.01.00.00&srp_page_id=&srp_page_title=&navsource=,Rp2.050.000,jual ht kenwood thk 20a handie talky thk 20a vhf bergaransi original,,https://p16-images-sign-sg.tokopedia-static.net/tos-alisg-i-aphluv4xwc-sg/img/product-1/2019/1/14/933650/933650_fd2d188f-092b-4ad6-b79c-b7e0203c76ce_960_960.jpg~tplv-aphluv4xwc-white-pad-v1:200:200.webp?lk3s=97278606&x-expires=1783958884&x-signature=lgFV%2BQpQPSdOqHR9C8W%2FlA4eFMQ%3D&x-signature-webp=lgFV%2BQpQPSdOqHR9C8W%2FlA4eFMQ%3D&ect=4g
1783955325205-15,https://www.tokopedia.com/search?st=product&q=kenwood%20HT&srp_component_id=02.01.00.00&srp_page_id=&srp_page_title=&navsource=,Rp2.750.000,ht kenwood thk 40a uhf 400 470mhz garansi kenwood thk40a uhf walkie talkie 1731751043963717359,,https://p16-images-sign-sg.tokopedia-static.net/tos-alisg-i-aphluv4xwc-sg/img/product-1/2017/2/8/801163/801163_96349034-8e5b-42ed-af0b-744c147be32b.jpg~tplv-aphluv4xwc-white-pad-v1:200:200.webp?lk3s=97278606&x-expires=1783958884&x-signature=g%2FvBYO%2B%2BGCE25615XAifuSAvhAQ%3D&x-signature-webp=g%2FvBYO%2B%2BGCE25615XAifuSAvhAQ%3D&ect=4g
1783955325205-16,https://www.tokopedia.com/search?st=product&q=kenwood%20HT&srp_component_id=02.01.00.00&srp_page_id=&srp_page_title=&navsource=,Rp2.250.000,ht kenwood th k20a vhf original ht kenwood th k20 vhf original resmi,,https://p16-images-sign-sg.tokopedia-static.net/tos-alisg-i-aphluv4xwc-sg/img/VqbcmM/2021/7/17/219b7342-312d-4c0d-a690-4e135cf8a4c8.png~tplv-aphluv4xwc-white-pad-v1:200:200.webp?lk3s=97278606&x-expires=1783958884&x-signature=Vw3M2TpuG3Mk1vXgOxf8sqeqUHc%3D&x-signature-webp=Vw3M2TpuG3Mk1vXgOxf8sqeqUHc%3D&ect=4g
1783955325205-17,https://www.tokopedia.com/search?st=product&q=kenwood%20HT&srp_component_id=02.01.00.00&srp_page_id=&srp_page_title=&navsource=,Rp1.999.000,handy talkie ht kenwood th k20a vhf original,,https://p16-images-sign-sg.tokopedia-static.net/tos-alisg-i-aphluv4xwc-sg/img/product-1/2020/6/6/1338215/1338215_55535a11-021e-4d50-9e9f-723f2d7a2d88_1080_1080.jpg~tplv-aphluv4xwc-white-pad-v1:200:200.webp?lk3s=97278606&x-expires=1783958884&x-signature=%2BDcC%2F3XUJdp%2FoAwSGS6DO8kfyYw%3D&x-signature-webp=%2BDcC%2F3XUJdp%2FoAwSGS6DO8kfyYw%3D&ect=4g
1783955325205-18,https://www.tokopedia.com/search?st=product&q=kenwood%20HT&srp_component_id=02.01.00.00&srp_page_id=&srp_page_title=&navsource=,Rp2.150.000,ht kenwood th k20a walkie talkie kenwood th k20a handy talky kenwood,,https://p19-images-sign-sg.tokopedia-static.net/tos-alisg-i-aphluv4xwc-sg/img/attachment/2018/10/10/153914693811946/153914693811946_a86f993a-28f2-4324-8266-ffa32c89c888.png~tplv-aphluv4xwc-white-pad-v1:200:200.webp?lk3s=97278606&x-expires=1783958884&x-signature=VuZWF8zaoHppqJTKP%2FIaciGmIk4%3D&x-signature-webp=VuZWF8zaoHppqJTKP%2FIaciGmIk4%3D&ect=4g
1783955325206-19,https://www.tokopedia.com/search?st=product&q=kenwood%20HT&srp_component_id=02.01.00.00&srp_page_id=&srp_page_title=&navsource=,Rp2.140.000,kenwood thk20a ht vhf ori new garansi 1 tahun th k20a handie talkie,ORI,https://p16-images-sign-sg.tokopedia-static.net/tos-alisg-i-aphluv4xwc-sg/d210435bbbd04d8bb146eae2dd34bd97~tplv-aphluv4xwc-white-pad-v1:200:200.webp?lk3s=97278606&x-expires=1783958884&x-signature=%2Bxs3i4A6uVAhb9vdw5bXvFA4oIg%3D&x-signature-webp=%2Bxs3i4A6uVAhb9vdw5bXvFA4oIg%3D&ect=4g
1783955325206-20,https://www.tokopedia.com/search?st=product&q=kenwood%20HT&srp_component_id=02.01.00.00&srp_page_id=&srp_page_title=&navsource=,Rp2.000.000,ht handy talkie kenwood th k20a vhf,,https://p16-images-sign-sg.tokopedia-static.net/tos-alisg-i-aphluv4xwc-sg/img/VqbcmM/2021/6/22/b4ee6cb4-ac84-41b3-874a-aa1dab62b1e3.jpg~tplv-aphluv4xwc-white-pad-v1:200:200.webp?lk3s=97278606&x-expires=1783958884&x-signature=g%2BDemzEkUfoKDXac3RjIx6kWJ7w%3D&x-signature-webp=g%2BDemzEkUfoKDXac3RjIx6kWJ7w%3D&ect=4g
1783955325206-21,https://www.tokopedia.com/search?st=product&q=kenwood%20HT&srp_component_id=02.01.00.00&srp_page_id=&srp_page_title=&navsource=,Rp2.250.000,jual ht kenwood th k20a vhf garansi resmi,,https://p16-images-sign-sg.tokopedia-static.net/tos-alisg-i-aphluv4xwc-sg/img/product-1/2020/8/18/73740657/73740657_0d539c24-e80d-4a87-b699-67c04f982d67_700_700~tplv-aphluv4xwc-white-pad-v1:200:200.webp?lk3s=97278606&x-expires=1783958884&x-signature=9w9%2BfwMrZpTCOdqtPcTWBECk5Jc%3D&x-signature-webp=9w9%2BfwMrZpTCOdqtPcTWBECk5Jc%3D&ect=4g
1783955325206-22,https://www.tokopedia.com/search?st=product&q=kenwood%20HT&srp_component_id=02.01.00.00&srp_page_id=&srp_page_title=&navsource=,Rp1.950.000,ht kenwood th 255a ready stok,,https://p19-images-sign-sg.tokopedia-static.net/tos-alisg-i-aphluv4xwc-sg/img/VqbcmM/2020/10/28/cba4e277-2d7f-467f-bab5-37609095b519.jpg~tplv-aphluv4xwc-white-pad-v1:200:200.webp?lk3s=97278606&x-expires=1783958884&x-signature=w5v%2FGC1wPy79Zv763%2F31FHH3XKo%3D&x-signature-webp=w5v%2FGC1wPy79Zv763%2F31FHH3XKo%3D&ect=4g
1783955325206-23,https://www.tokopedia.com/search?st=product&q=kenwood%20HT&srp_component_id=02.01.00.00&srp_page_id=&srp_page_title=&navsource=,Rp2.150.000,kenwood thk 20a vhf ori garansi radio walkie talkie thk 20a ht 1729812012459394419,ORI,https://p16-images-sign-sg.tokopedia-static.net/tos-alisg-i-aphluv4xwc-sg/img/product-1/2016/7/18/933650/933650_f937c853-c09a-432c-b68a-3f7124ce6e24.jpg~tplv-aphluv4xwc-white-pad-v1:200:200.webp?lk3s=97278606&x-expires=1783958884&x-signature=kOHd6O3GF647GG%2FhvdWePBtTjfY%3D&x-signature-webp=kOHd6O3GF647GG%2FhvdWePBtTjfY%3D&ect=4g
1783955325206-24,https://www.tokopedia.com/search?st=product&q=kenwood%20HT&srp_component_id=02.01.00.00&srp_page_id=&srp_page_title=&navsource=,Rp550.000,ht kenwood th255a dan psu matahri 7a,,https://p16-images-sign-sg.tokopedia-static.net/tos-alisg-i-aphluv4xwc-sg/img/VqbcmM/2024/7/8/8fba087e-ef63-4df9-b431-818c91a5873e.jpg~tplv-aphluv4xwc-white-pad-v1:200:200.webp?lk3s=97278606&x-expires=1783958884&x-signature=QCqUKD%2Fj1iQ3IoWxOvUNnqDMtIM%3D&x-signature-webp=QCqUKD%2Fj1iQ3IoWxOvUNnqDMtIM%3D&ect=4g
1783955325206-25,https://www.tokopedia.com/search?st=product&q=kenwood%20HT&srp_component_id=02.01.00.00&srp_page_id=&srp_page_title=&navsource=,Rp1.000.000,ht alinco dj crx1 kenwood thk 20a,,https://p19-images-sign-sg.tokopedia-static.net/tos-alisg-i-aphluv4xwc-sg/img/VqbcmM/2021/8/28/c9b3ee43-3168-46ef-8500-800be733820b.jpg~tplv-aphluv4xwc-white-pad-v1:200:200.webp?lk3s=97278606&x-expires=1783958884&x-signature=t0GQWw7Lcz%2BsNSlljr%2BlImNsRnw%3D&x-signature-webp=t0GQWw7Lcz%2BsNSlljr%2BlImNsRnw%3D&ect=4g
1783955325206-26,https://www.tokopedia.com/search?st=product&q=kenwood%20HT&srp_component_id=02.01.00.00&srp_page_id=&srp_page_title=&navsource=,Rp2.550.000,ht kenwood thk40a uhf,,https://p19-images-sign-sg.tokopedia-static.net/tos-alisg-i-aphluv4xwc-sg/img/product-1/2018/4/28/933650/933650_1a191801-5c40-46c6-ac18-7cd7c12243ce_720_1280.jpg~tplv-aphluv4xwc-white-pad-v1:200:200.webp?lk3s=97278606&x-expires=1783958884&x-signature=hmDKmWCEzBzVEOgidtfX44k%2FPlg%3D&x-signature-webp=hmDKmWCEzBzVEOgidtfX44k%2FPlg%3D&ect=4g
1783955325206-27,https://www.tokopedia.com/search?st=product&q=kenwood%20HT&srp_component_id=02.01.00.00&srp_page_id=&srp_page_title=&navsource=,Rp1.900.000,kenwood th k20a vhf ori ht kenwood th k20,ORI,https://p19-images-sign-sg.tokopedia-static.net/tos-alisg-i-aphluv4xwc-sg/img/product-1/2020/8/25/1256353/1256353_f904c962-4391-4c69-8f77-73b455c0f7a9_960_960.jpg~tplv-aphluv4xwc-white-pad-v1:200:200.webp?lk3s=97278606&x-expires=1783958884&x-signature=6XxjeTHFqjpxFsd7JlFrSjWbwrg%3D&x-signature-webp=6XxjeTHFqjpxFsd7JlFrSjWbwrg%3D&ect=4g
1783955325206-28,https://www.tokopedia.com/search?st=product&q=kenwood%20HT&srp_component_id=02.01.00.00&srp_page_id=&srp_page_title=&navsource=,Rp2.050.000,ht kenwood thk 20a vhf,,https://p16-images-sign-sg.tokopedia-static.net/tos-alisg-i-aphluv4xwc-sg/img/VqbcmM/2021/8/7/f7eee197-5a7d-450c-9939-331d9c994397.jpg~tplv-aphluv4xwc-white-pad-v1:200:200.webp?lk3s=97278606&x-expires=1783958884&x-signature=FjCtyBFZHRM48egaUIklYcrCiv4%3D&x-signature-webp=FjCtyBFZHRM48egaUIklYcrCiv4%3D&ect=4g
1783955325206-29,https://www.tokopedia.com/search?st=product&q=kenwood%20HT&srp_component_id=02.01.00.00&srp_page_id=&srp_page_title=&navsource=,Rp2.432.425,pasti promo ht kenwood thk20 kenwood thk 20 original ramadhan ekstra 1730871299907160062,,https://p16-images-sign-sg.tokopedia-static.net/tos-alisg-i-aphluv4xwc-sg/img/hDjmkQ/2025/2/16/b565ee26-c521-47f9-8d64-8afda0e8f248.jpg~tplv-aphluv4xwc-white-pad-v1:200:200.webp?lk3s=97278606&x-expires=1783958884&x-signature=9QJzisNg22xP0O8Cy0exWie73J8%3D&x-signature-webp=9QJzisNg22xP0O8Cy0exWie73J8%3D&ect=4g
1783955325206-30,https://www.tokopedia.com/search?st=product&q=kenwood%20HT&srp_component_id=02.01.00.00&srp_page_id=&srp_page_title=&navsource=,Rp2.065.000,ht kenwood thk 20a vhf new original,,https://p16-images-sign-sg.tokopedia-static.net/tos-alisg-i-aphluv4xwc-sg/img/product-1/2020/9/26/11142882/11142882_8ebb9780-714c-47d9-b61a-a1786e2e29d3_959_959~tplv-aphluv4xwc-white-pad-v1:200:200.webp?lk3s=97278606&x-expires=1783958884&x-signature=8JdFwh3dCKgApd55AIkCGIJY7YM%3D&x-signature-webp=8JdFwh3dCKgApd55AIkCGIJY7YM%3D&ect=4g
1783955325206-31,https://www.tokopedia.com/search?st=product&q=kenwood%20HT&srp_component_id=02.01.00.00&srp_page_id=&srp_page_title=&navsource=,Rp1.650.000,kenwood tm281a original vhf 1731088504909432424,,https://p16-images-sign-sg.tokopedia-static.net/tos-alisg-i-aphluv4xwc-sg/img/VqbcmM/2025/3/28/ff6e5036-87d9-4352-a502-00ade467228f.jpg~tplv-aphluv4xwc-white-pad-v1:200:200.webp?lk3s=97278606&x-expires=1783958884&x-signature=tuKeWF8LIwWprx%2FPVr9lMJvauSk%3D&x-signature-webp=tuKeWF8LIwWprx%2FPVr9lMJvauSk%3D&ect=4g
1783955325206-33,https://www.tokopedia.com/search?st=product&q=kenwood%20HT&srp_component_id=02.01.00.00&srp_page_id=&srp_page_title=&navsource=,Rp2.550.000,ht kenwood thk 40a uhf,,https://p16-images-sign-sg.tokopedia-static.net/tos-alisg-i-aphluv4xwc-sg/img/product-1/2018/5/24/87234425/87234425_1e4b4d78-565c-4ebc-9fb8-6977061b8e3f_2048_2730.jpg~tplv-aphluv4xwc-white-pad-v1:200:200.webp?lk3s=97278606&x-expires=1783958884&x-signature=brHyyi4IUCVIDF36wW9T%2FjV2YLA%3D&x-signature-webp=brHyyi4IUCVIDF36wW9T%2FjV2YLA%3D&ect=4g
1783955325206-34,https://www.tokopedia.com/search?st=product&q=kenwood%20HT&srp_component_id=02.01.00.00&srp_page_id=&srp_page_title=&navsource=,Rp2.800.000,radio ht kenwood nx 1200a m3,,https://p16-images-sign-sg.tokopedia-static.net/tos-alisg-i-aphluv4xwc-sg/img/VqbcmM/2024/2/4/83415d03-9238-4e1f-8c21-f28ffd7d0ff9.jpg~tplv-aphluv4xwc-white-pad-v1:200:200.webp?lk3s=97278606&x-expires=1783958884&x-signature=OGBKXOAOjGqqSA8XaeHFBHE45Gc%3D&x-signature-webp=OGBKXOAOjGqqSA8XaeHFBHE45Gc%3D&ect=4g
1783955325206-35,https://www.tokopedia.com/search?st=product&q=kenwood%20HT&srp_component_id=02.01.00.00&srp_page_id=&srp_page_title=&navsource=,Rp2.250.000,ht kenwood vhf thk20a thk 20a th k20a original thk 20 thk20 th k20,,https://p16-images-common-sign-sg.tokopedia-static.net/tos-maliva-i-o3syd03w52-us/20de8f6b8631415f99e7179ab097494f~tplv-o3syd03w52-resize-jpeg:200:200.webp?lk3s=97278606&x-expires=1783958884&x-signature=nHiW%2BpbkbOlUKUVuL56NK4CT%2FlU%3D&x-signature-webp=nHiW%2BpbkbOlUKUVuL56NK4CT%2FlU%3D&ect=4g
1783955325206-36,https://www.tokopedia.com/search?st=product&q=kenwood%20HT&srp_component_id=02.01.00.00&srp_page_id=&srp_page_title=&navsource=,Rp15.000.000,vhf all mode kenwood tr 9130 1733704225988118035,,https://p16-images-sign-sg.tokopedia-static.net/tos-alisg-i-aphluv4xwc-sg/dd8b795e606c4970b762dfeed8e8128d~tplv-aphluv4xwc-white-pad-v1:200:200.webp?lk3s=97278606&x-expires=1783958884&x-signature=slEugD0LpCxzgoJn0gqVe9ufFPg%3D&x-signature-webp=slEugD0LpCxzgoJn0gqVe9ufFPg%3D&ect=4g
1783955325206-37,https://www.tokopedia.com/search?st=product&q=kenwood%20HT&srp_component_id=02.01.00.00&srp_page_id=&srp_page_title=&navsource=,Rp300.000,ht kenwood th255a frequency vhf,,https://p16-images-sign-sg.tokopedia-static.net/tos-alisg-i-aphluv4xwc-sg/img/VqbcmM/2025/4/18/674fc965-edb1-4b48-9dc0-2dd86764ce73.jpg~tplv-aphluv4xwc-white-pad-v1:200:200.webp?lk3s=97278606&x-expires=1783958884&x-signature=hlFbHJQXMQ8lZJoSKsKWKfbfKcs%3D&x-signature-webp=hlFbHJQXMQ8lZJoSKsKWKfbfKcs%3D&ect=4g
1783955325206-38,https://www.tokopedia.com/search?st=product&q=kenwood%20HT&srp_component_id=02.01.00.00&srp_page_id=&srp_page_title=&navsource=,Rp2.650.000,kenwood radio rig kenwood tm281a vhf 65w walkie talkie ht rig dengan speaker depan besar lcd display 32 step kecerahan 1731548149674510091,,https://p16-images-sign-sg.tokopedia-static.net/tos-alisg-i-aphluv4xwc-sg/20aa58dd3b9f42f5b721a5db469d6512~tplv-aphluv4xwc-white-pad-v1:200:200.webp?lk3s=97278606&x-expires=1783958884&x-signature=t7XV5Lu9dYG3FVoOu22V7zHFgiM%3D&x-signature-webp=t7XV5Lu9dYG3FVoOu22V7zHFgiM%3D&ect=4g
1783955325206-39,https://www.tokopedia.com/search?st=product&q=kenwood%20HT&srp_component_id=02.01.00.00&srp_page_id=&srp_page_title=&navsource=,Rp4.250.000,ht kenwood th f6 144 220 440mhz tribanner 1730081613621003487,,https://p19-images-sign-sg.tokopedia-static.net/tos-alisg-i-aphluv4xwc-sg/img/VqbcmM/2024/6/22/35243fbd-1a37-4251-861d-d951ab139933.jpg~tplv-aphluv4xwc-white-pad-v1:200:200.webp?lk3s=97278606&x-expires=1783958884&x-signature=Lx8xIeOZqHs%2Bhl8IL5z8hM%2BK7Ws%3D&x-signature-webp=Lx8xIeOZqHs%2Bhl8IL5z8hM%2BK7Ws%3D&ect=4g
1783955325206-40,https://www.tokopedia.com/search?st=product&q=kenwood%20HT&srp_component_id=02.01.00.00&srp_page_id=&srp_page_title=&navsource=,Rp750.000,ht kenwood tk260,,https://p16-images-sign-sg.tokopedia-static.net/tos-alisg-i-aphluv4xwc-sg/img/VqbcmM/2024/3/26/cc243ddd-b5b6-49d0-85f7-89ec23f1a6d9.jpg~tplv-aphluv4xwc-white-pad-v1:200:200.webp?lk3s=97278606&x-expires=1783958884&x-signature=DTYE5WkKFlmSJM2o2mX0p4RkHy8%3D&x-signature-webp=DTYE5WkKFlmSJM2o2mX0p4RkHy8%3D&ect=4g
1783955325206-41,https://www.tokopedia.com/search?st=product&q=kenwood%20HT&srp_component_id=02.01.00.00&srp_page_id=&srp_page_title=&navsource=,Rp300.000,ht hyt tc 500 uhf normal walkie talkie kenwood tc500 tc400 1729814627207775288,,https://p19-images-sign-sg.tokopedia-static.net/tos-alisg-i-aphluv4xwc-sg/img/product-1/2019/7/10/12003485/12003485_94c60d9b-3245-4625-a127-90a2de3afba5_1024_1024~tplv-aphluv4xwc-white-pad-v1:200:200.webp?lk3s=97278606&x-expires=1783958884&x-signature=VAfn1sx8U7i34A0FgSNRSCAVmgg%3D&x-signature-webp=VAfn1sx8U7i34A0FgSNRSCAVmgg%3D&ect=4g
1783955325206-42,https://www.tokopedia.com/search?st=product&q=kenwood%20HT&srp_component_id=02.01.00.00&srp_page_id=&srp_page_title=&navsource=,Rp150.000,walkie talkie ht kenwood th255a th 255a vhf kelengkapan unit sesuai foto 1731314711549806134,,https://p19-images-sign-sg.tokopedia-static.net/tos-alisg-i-aphluv4xwc-sg/52b47590cf9d4af4b4179a36346a3b8a~tplv-aphluv4xwc-white-pad-v1:200:200.webp?lk3s=97278606&x-expires=1783958884&x-signature=aG4Aq8S0FuuUoWjp5jD9JWMywGw%3D&x-signature-webp=aG4Aq8S0FuuUoWjp5jD9JWMywGw%3D&ect=4g
1783955325206-43,https://www.tokopedia.com/search?st=product&q=kenwood%20HT&srp_component_id=02.01.00.00&srp_page_id=&srp_page_title=&navsource=,Rp7.000.000,kenwood ts 790 uhf vhf shf peranti komunikasi fleksibel untuk frekuensi ultra high very high dan super high frequency 1733045405250455153,,https://p16-images-sign-sg.tokopedia-static.net/tos-alisg-i-aphluv4xwc-sg/1b8b11eac97b4f9ca06bfbc0c6e587b5~tplv-aphluv4xwc-white-pad-v1:200:200.webp?lk3s=97278606&x-expires=1783958884&x-signature=cs4jCxocduQIsOMtr3O07pgoico%3D&x-signature-webp=cs4jCxocduQIsOMtr3O07pgoico%3D&ect=4g
1783955325206-44,https://www.tokopedia.com/search?st=product&q=kenwood%20HT&srp_component_id=02.01.00.00&srp_page_id=&srp_page_title=&navsource=,Rp225.000,ht kenwood th255a vhf batangan normal batangan th 255 a apa adanya,,https://p16-images-sign-sg.tokopedia-static.net/tos-alisg-i-aphluv4xwc-sg/img/VqbcmM/2023/10/15/cfe0029a-e572-4909-9703-b3dbf955e546.jpg~tplv-aphluv4xwc-white-pad-v1:200:200.webp?lk3s=97278606&x-expires=1783958884&x-signature=XQNsG09RXKT9rYpUCYo5OOIzydo%3D&x-signature-webp=XQNsG09RXKT9rYpUCYo5OOIzydo%3D&ect=4g
1783955325206-45,https://www.tokopedia.com/search?st=product&q=kenwood%20HT&srp_component_id=02.01.00.00&srp_page_id=&srp_page_title=&navsource=,Rp2.050.000,ht kenwood thk20 vhf,,https://p16-images-sign-sg.tokopedia-static.net/tos-alisg-i-aphluv4xwc-sg/img/VqbcmM/2023/3/29/8997a4c6-e70d-4531-8239-dafd6fcfb40e.jpg~tplv-aphluv4xwc-white-pad-v1:200:200.webp?lk3s=97278606&x-expires=1783958884&x-signature=5i9R35y1Q8Jl8TydtLpB6UUgzT4%3D&x-signature-webp=5i9R35y1Q8Jl8TydtLpB6UUgzT4%3D&ect=4g
1783955325206-46,https://www.tokopedia.com/search?st=product&q=kenwood%20HT&srp_component_id=02.01.00.00&srp_page_id=&srp_page_title=&navsource=,Rp3.000.000,kenwood ddx 419 bt hitam,,https://p16-images-sign-sg.tokopedia-static.net/tos-alisg-i-aphluv4xwc-sg/img/product-1/2019/6/2/6111503/6111503_0e23e3ac-7b63-4cbb-bc1e-635b8171cb44_1071_1071.jpg~tplv-aphluv4xwc-white-pad-v1:200:200.webp?lk3s=97278606&x-expires=1783958884&x-signature=%2B46LPDflSjTzV89Snp8ebaqeLOw%3D&x-signature-webp=%2B46LPDflSjTzV89Snp8ebaqeLOw%3D&ect=4g
1783955325206-47,https://www.tokopedia.com/search?st=product&q=kenwood%20HT&srp_component_id=02.01.00.00&srp_page_id=&srp_page_title=&navsource=,Rp430.000,ht motorola x8 10w sambungan jarak jauh radio portabel 10km,,https://p16-images-sign-sg.tokopedia-static.net/tos-alisg-i-aphluv4xwc-sg/img/VqbcmM/2023/8/12/348a5f6e-86ad-4b0c-9f4c-260bb2a82101.jpg~tplv-aphluv4xwc-white-pad-v1:200:200.webp?lk3s=97278606&x-expires=1783958884&x-signature=sQJc3h%2FZY8w9LVks6wqI2T9FVZc%3D&x-signature-webp=sQJc3h%2FZY8w9LVks6wqI2T9FVZc%3D&ect=4g
1783955325206-48,https://www.tokopedia.com/search?st=product&q=kenwood%20HT&srp_component_id=02.01.00.00&srp_page_id=&srp_page_title=&navsource=,Rp541.000,ht motorola 370s 15w asli 20km pemasangan satu tombol,,https://p16-images-sign-sg.tokopedia-static.net/tos-alisg-i-aphluv4xwc-sg/img/VqbcmM/2023/8/12/0e0a028e-e3af-45e2-9aaf-6d974c090647.jpg~tplv-aphluv4xwc-white-pad-v1:200:200.webp?lk3s=97278606&x-expires=1783958884&x-signature=eKPpxL9yaLLr5Yao%2FvsRGWeuQAQ%3D&x-signature-webp=eKPpxL9yaLLr5Yao%2FvsRGWeuQAQ%3D&ect=4g
1783955325207-49,https://www.tokopedia.com/search?st=product&q=kenwood%20HT&srp_component_id=02.01.00.00&srp_page_id=&srp_page_title=&navsource=,Rp450.000,ht motorola two way radio walkie talkie long range 20km gp3188 vhf radio high power 10watt high capacity 4800mah ip54 tahan air original motorola walkie talkies suitable for outdoor hotel school construction site 1730939426692236456,,https://p16-images-sign-sg.tokopedia-static.net/tos-alisg-i-aphluv4xwc-sg/img/VqbcmM/2025/3/1/779403ee-b504-445b-8965-2a864662b2e8.jpg~tplv-aphluv4xwc-white-pad-v1:200:200.webp?lk3s=97278606&x-expires=1783958884&x-signature=2SM6DKhIgZw2txWzN8rFZvOY%2F2Q%3D&x-signature-webp=2SM6DKhIgZw2txWzN8rFZvOY%2F2Q%3D&ect=4g
1783955325207-50,https://www.tokopedia.com/search?st=product&q=kenwood%20HT&srp_component_id=02.01.00.00&srp_page_id=&srp_page_title=&navsource=,Rp396.000,ht walkie talkie radio x8 portabel jarak jauh 10 watt walkie talkie u v radio dua arah 199 saluran di luar ruangan tahan air handy talky 1733984905417229793,,https://p19-images-sign-sg.tokopedia-static.net/tos-alisg-i-aphluv4xwc-sg/b229a151245545e4a31273ef56a2cb5a~tplv-aphluv4xwc-white-pad-v1:200:200.webp?lk3s=97278606&x-expires=1783958884&x-signature=eI%2BE%2FPWfRZfUw1OnWTuh8hNzxOM%3D&x-signature-webp=eI%2BE%2FPWfRZfUw1OnWTuh8hNzxOM%3D&ect=4g
1783955325207-51,https://www.tokopedia.com/search?st=product&q=kenwood%20HT&srp_component_id=02.01.00.00&srp_page_id=&srp_page_title=&navsource=,Rp250.000,ht vertec vt 82 dualband vhf uhf new original radio walkie talkie vt82 alternatif baofeng uv 82 uv82 5w 5 watt 1732782648130700776,,https://p19-images-sign-sg.tokopedia-static.net/tos-alisg-i-aphluv4xwc-sg/c54f34e1fe3d411c85d25f4852eaab43~tplv-aphluv4xwc-white-pad-v1:200:200.webp?lk3s=97278606&x-expires=1783958884&x-signature=VHrd0NCe33e%2B3otbxtXzvDL5yHM%3D&x-signature-webp=VHrd0NCe33e%2B3otbxtXzvDL5yHM%3D&ect=4g
1783955325207-52,https://www.tokopedia.com/search?st=product&q=kenwood%20HT&srp_component_id=02.01.00.00&srp_page_id=&srp_page_title=&navsource=,Rp247.000,ht vertec vt 5r dualband vhf uhf new original radio walkie talkie vt5r alternatif baofeng uv 5r uv5r 5w 5 watt 1732782303636850152,,https://p16-images-sign-sg.tokopedia-static.net/tos-alisg-i-aphluv4xwc-sg/7fb54d1067ee4a7c9e093f83ebb201bb~tplv-aphluv4xwc-white-pad-v1:200:200.webp?lk3s=97278606&x-expires=1783958884&x-signature=xeVRrRDCbfyXWMjASUArPXiyy2Q%3D&x-signature-webp=xeVRrRDCbfyXWMjASUArPXiyy2Q%3D&ect=4g
1783955325207-53,https://www.tokopedia.com/search?st=product&q=kenwood%20HT&srp_component_id=02.01.00.00&srp_page_id=&srp_page_title=&navsource=,Rp379.000,ksun x tfsi walkei talkie uv108d 5w uvband handy talky 256 channels ht jarak jauh 1731390315164959762 1735947956058227730,,https://p16-images-sign-sg.tokopedia-static.net/tos-alisg-i-aphluv4xwc-sg/4fc8baa7243b407eabf4b80a7e94d3a6~tplv-aphluv4xwc-white-pad-v1:200:200.webp?lk3s=97278606&x-expires=1783958884&x-signature=uBxMAVzv%2FycanyPDNiev1%2FQNuIM%3D&x-signature-webp=uBxMAVzv%2FycanyPDNiev1%2FQNuIM%3D&ect=4g
1783955325207-54,https://www.tokopedia.com/search?st=product&q=kenwood%20HT&srp_component_id=02.01.00.00&srp_page_id=&srp_page_title=&navsource=,Rp100.000,mic ht kenwood china ptt extramic original asli compatible baofeng uv5r uv82 vertec uv vt 5r 82 bf 888s pofung bjh comteck toriphone merodith uorris berlin fm v6r pxton ucomm x5 wln kd uv1 kd c1 texas harve 3comx one uv x2 firstcom weierwei vev 3288 1730654293762082280,,https://p16-images-sign-sg.tokopedia-static.net/tos-alisg-i-aphluv4xwc-sg/3f5b7b9fbc7547d7b9d4d356af086a15~tplv-aphluv4xwc-white-pad-v1:200:200.webp?lk3s=97278606&x-expires=1783958884&x-signature=D8p23Ucbnh8NAduwJztkzdtbbeQ%3D&x-signature-webp=D8p23Ucbnh8NAduwJztkzdtbbeQ%3D&ect=4g
1783955325207-55,https://www.tokopedia.com/search?st=product&q=kenwood%20HT&srp_component_id=02.01.00.00&srp_page_id=&srp_page_title=&navsource=,Rp597.000,ht motorola gp338 plus walkie talkie gp 338 plus radio 15w anti air jarak jauh 20km,,https://p16-images-sign-sg.tokopedia-static.net/tos-alisg-i-aphluv4xwc-sg/img/VqbcmM/2024/6/28/79fefde0-9959-4afc-b59e-ba188ee4f648.jpg~tplv-aphluv4xwc-white-pad-v1:200:200.webp?lk3s=97278606&x-expires=1783958884&x-signature=LjxCsr1zVanAN5GZaQJhxs1tE6M%3D&x-signature-webp=LjxCsr1zVanAN5GZaQJhxs1tE6M%3D&ect=4g
1783955325207-56,https://www.tokopedia.com/search?st=product&q=kenwood%20HT&srp_component_id=02.01.00.00&srp_page_id=&srp_page_title=&navsource=,Rp615.000,ip68 super tahan air motorola 410s walkie talkie 15w ht radio dua arah 999ch noaa peringatan cuaca mendaki gunung petualangan 1733109468238349420,,https://p16-images-sign-sg.tokopedia-static.net/tos-alisg-i-aphluv4xwc-sg/67c7a558b555451d90bf6b25f92f4ed8~tplv-aphluv4xwc-white-pad-v1:200:200.webp?lk3s=97278606&x-expires=1783958884&x-signature=QpSV2Gz1jxF1aLKQuw5PNo3k7s8%3D&x-signature-webp=QpSV2Gz1jxF1aLKQuw5PNo3k7s8%3D&ect=4g
1783955325207-57,https://www.tokopedia.com/search?st=product&q=kenwood%20HT&srp_component_id=02.01.00.00&srp_page_id=&srp_page_title=&navsource=,Rp399.800,baofeng uv 9r plus 15w ip68 dual band waterproof walkie talkie 16km long range portable hf transceiver cb hunting ham radio 1731706474251585499 1736327863361832923,Mall,https://p16-images-sign-sg.tokopedia-static.net/tos-alisg-i-aphluv4xwc-sg/3b7871fb63ac4a4f9adc66b7cee25a22~tplv-aphluv4xwc-white-pad-v1:200:200.webp?lk3s=97278606&x-expires=1783958884&x-signature=ial649KG8VmGy85fTMZ0v%2FNQFTQ%3D&x-signature-webp=ial649KG8VmGy85fTMZ0v%2FNQFTQ%3D&ect=4g
1783955325207-58,https://www.tokopedia.com/search?st=product&q=kenwood%20HT&srp_component_id=02.01.00.00&srp_page_id=&srp_page_title=&navsource=,Rp288.000,ksun x tfsi walkie talkie allband handy talky 200 channels ht jarak jauh 5km 1729607197346792466,,https://p16-images-sign-sg.tokopedia-static.net/tos-alisg-i-aphluv4xwc-sg/a578ee689558450bb16fa3640c9952fb~tplv-aphluv4xwc-white-pad-v1:200:200.webp?lk3s=97278606&x-expires=1783958884&x-signature=yyrjLA4GEpcuBlPNAiv6%2FIPTeGg%3D&x-signature-webp=yyrjLA4GEpcuBlPNAiv6%2FIPTeGg%3D&ect=4g
1783955325207-59,https://www.tokopedia.com/search?st=product&q=kenwood%20HT&srp_component_id=02.01.00.00&srp_page_id=&srp_page_title=&navsource=,Rp235.000,walkie talkie tx 8 vhf two way radio jarak jauh led lcd tombol premium,,https://p16-images-common-sign-sg.tokopedia-static.net/tos-maliva-i-o3syd03w52-us/25478ab1f26e4824a85bae328179e619~tplv-o3syd03w52-resize-jpeg:200:200.webp?lk3s=97278606&x-expires=1783958884&x-signature=CqS3r%2FiTVx8A3aFiAk24MwJvL4U%3D&x-signature-webp=CqS3r%2FiTVx8A3aFiAk24MwJvL4U%3D&ect=4g
1783955407899-1,https://www.tokopedia.com/search?st=product&q=kenwood%20rig&srp_component_id=02.01.00.00&srp_page_id=&srp_page_title=&navsource=,Rp2.275.000,kenwood rig kenwood tm281a tm281 vhf 65 watt radio walkie talkie ht lcd display 32 step 1734543086616610336,,https://p16-images-sign-sg.tokopedia-static.net/tos-alisg-i-aphluv4xwc-sg/3c84a4da09f947b7a0604fa2873817a6~tplv-aphluv4xwc-white-pad-v1:200:200.webp?lk3s=97278606&x-expires=1783958986&x-signature=EA2dr1gldmZsCMwP%2FXBMWy6cplA%3D&x-signature-webp=EA2dr1gldmZsCMwP%2FXBMWy6cplA%3D&ect=4g
1783955407899-2,https://www.tokopedia.com/search?st=product&q=kenwood%20rig&srp_component_id=02.01.00.00&srp_page_id=&srp_page_title=&navsource=,Rp825.000,radio rig vhf kenwood tk 7108 normal bukan icon yaesu alinco motorola,,https://p16-images-sign-sg.tokopedia-static.net/tos-alisg-i-aphluv4xwc-sg/img/VqbcmM/2022/12/5/3e48d5e1-fb1b-469e-87fe-ce992a6b75db.jpg~tplv-aphluv4xwc-white-pad-v1:200:200.webp?lk3s=97278606&x-expires=1783958986&x-signature=HDQziaL6vYuNJRvmhFAJkOd5ZPY%3D&x-signature-webp=HDQziaL6vYuNJRvmhFAJkOd5ZPY%3D&ect=4g
1783955407899-3,https://www.tokopedia.com/search?st=product&q=kenwood%20rig&srp_component_id=02.01.00.00&srp_page_id=&srp_page_title=&navsource=,Rp2.250.000,rig kenwood tm281 original,,https://p16-images-sign-sg.tokopedia-static.net/tos-alisg-i-aphluv4xwc-sg/img/VqbcmM/2024/10/10/c588764c-4612-4fec-be42-eebbb1bf4985.jpg~tplv-aphluv4xwc-white-pad-v1:200:200.webp?lk3s=97278606&x-expires=1783958986&x-signature=ROWTDIHDJmUv6LBzE4Kn8dFlxvs%3D&x-signature-webp=ROWTDIHDJmUv6LBzE4Kn8dFlxvs%3D&ect=4g
1783955407899-4,https://www.tokopedia.com/search?st=product&q=kenwood%20rig&srp_component_id=02.01.00.00&srp_page_id=&srp_page_title=&navsource=,Rp2.200.000,kenwood radio rig mobile tm281a vhf 65w tm281a 1735842906518291474,,https://p19-images-sign-sg.tokopedia-static.net/tos-alisg-i-aphluv4xwc-sg/e683ebb71dce414d84a592bffa5dde21~tplv-aphluv4xwc-white-pad-v1:200:200.webp?lk3s=97278606&x-expires=1783958986&x-signature=VQHtsyMqFFxPpnAi3e%2FXN639y7E%3D&x-signature-webp=VQHtsyMqFFxPpnAi3e%2FXN639y7E%3D&ect=4g
1783955407899-5,https://www.tokopedia.com/search?st=product&q=kenwood%20rig&srp_component_id=02.01.00.00&srp_page_id=&srp_page_title=&navsource=,Rp1.500.000,radio rig kenwood tm 281a second normal,,https://p16-images-sign-sg.tokopedia-static.net/tos-alisg-i-aphluv4xwc-sg/img/VqbcmM/2021/1/12/95b399b4-ea01-49ac-ab4c-913f0fd741a6.jpg~tplv-aphluv4xwc-white-pad-v1:200:200.webp?lk3s=97278606&x-expires=1783958986&x-signature=vsNzJUaM%2FgqXs4vow9gasUXbZ5k%3D&x-signature-webp=vsNzJUaM%2FgqXs4vow9gasUXbZ5k%3D&ect=4g
1783955407899-6,https://www.tokopedia.com/search?st=product&q=kenwood%20rig&srp_component_id=02.01.00.00&srp_page_id=&srp_page_title=&navsource=,Rp2.277.000,radio rig kenwod tm281 a 1735483262877468539,,https://p16-images-sign-sg.tokopedia-static.net/tos-alisg-i-aphluv4xwc-sg/2ef00efe5b67412cafd8a5798c217c63~tplv-aphluv4xwc-white-pad-v1:200:200.webp?lk3s=97278606&x-expires=1783958986&x-signature=8kYA3HOdSlRNkOVsIDy0nkGE%2Bw0%3D&x-signature-webp=8kYA3HOdSlRNkOVsIDy0nkGE%2Bw0%3D&ect=4g
1783955407899-7,https://www.tokopedia.com/search?st=product&q=kenwood%20rig&srp_component_id=02.01.00.00&srp_page_id=&srp_page_title=&navsource=,Rp1.550.000,radio rig kenwood tm 281 rx tx normal,,https://p16-images-sign-sg.tokopedia-static.net/tos-alisg-i-aphluv4xwc-sg/img/product-1/2020/10/13/257413/257413_cf90ea54-aa14-4c13-b81a-5a01ebe829f1_1728_1728.jpg~tplv-aphluv4xwc-white-pad-v1:200:200.webp?lk3s=97278606&x-expires=1783958986&x-signature=C6N9WKlBWA0zNhQokB4vIhIcM5k%3D&x-signature-webp=C6N9WKlBWA0zNhQokB4vIhIcM5k%3D&ect=4g
1783955407899-8,https://www.tokopedia.com/search?st=product&q=kenwood%20rig&srp_component_id=02.01.00.00&srp_page_id=&srp_page_title=&navsource=,Rp1.830.000,radio rig kenwood thk20a ht vhf th k20a handie talky 1732780030664869391,,https://p16-images-sign-sg.tokopedia-static.net/tos-alisg-i-aphluv4xwc-sg/c54e1a91b43b4ceab5e3c7a44df545f0~tplv-aphluv4xwc-white-pad-v1:200:200.webp?lk3s=97278606&x-expires=1783958986&x-signature=zm3xLFzDzxeNYd%2Btlz2nHevA1yM%3D&x-signature-webp=zm3xLFzDzxeNYd%2Btlz2nHevA1yM%3D&ect=4g
1783955407899-9,https://www.tokopedia.com/search?st=product&q=kenwood%20rig&srp_component_id=02.01.00.00&srp_page_id=&srp_page_title=&navsource=,Rp4.750.000,radio rig hf kenwood ts430s all band power 100 watt lebih radio ssb kenwood ts 430 s normal bekas 1736184466043602938,,https://p16-images-sign-sg.tokopedia-static.net/tos-alisg-i-aphluv4xwc-sg/f47414c70bfd4a30a39461ca2256d65d~tplv-aphluv4xwc-white-pad-v1:200:200.webp?lk3s=97278606&x-expires=1783958986&x-signature=P5zKC61lHPqX9waVw929RKX2rlA%3D&x-signature-webp=P5zKC61lHPqX9waVw929RKX2rlA%3D&ect=4g
1783955407899-10,https://www.tokopedia.com/search?st=product&q=kenwood%20rig&srp_component_id=02.01.00.00&srp_page_id=&srp_page_title=&navsource=,Rp1.600.000,trio tr 7700 rig vhf freq 140 145 mhz radio jadul langka vintage trio kenwood tr7700 kondisi normal rx dan tx daleman ori power output max 10 watt sudah open freq rapi tidak ada hand mic ada kabel dc cord radio ex japan 1733506016183814141,ORI,https://p19-images-sign-sg.tokopedia-static.net/tos-alisg-i-aphluv4xwc-sg/0e6ba25e83de44ffa3146cc387a1749c~tplv-aphluv4xwc-white-pad-v1:200:200.webp?lk3s=97278606&x-expires=1783958986&x-signature=eG%2B0A4d0t6XwZsJglXr3K%2FZNGvg%3D&x-signature-webp=eG%2B0A4d0t6XwZsJglXr3K%2FZNGvg%3D&ect=4g
1783955407899-12,https://www.tokopedia.com/search?st=product&q=kenwood%20rig&srp_component_id=02.01.00.00&srp_page_id=&srp_page_title=&navsource=,Rp2.650.000,kenwood radio rig kenwood tm281a vhf 65w walkie talkie ht rig dengan speaker depan besar lcd display 32 step kecerahan 1731548149674510091,,https://p16-images-sign-sg.tokopedia-static.net/tos-alisg-i-aphluv4xwc-sg/20aa58dd3b9f42f5b721a5db469d6512~tplv-aphluv4xwc-white-pad-v1:200:200.webp?lk3s=97278606&x-expires=1783958986&x-signature=bZulCkqKI9FKV2%2FCGftaAo6VgmA%3D&x-signature-webp=bZulCkqKI9FKV2%2FCGftaAo6VgmA%3D&ect=4g
1783955407899-13,https://www.tokopedia.com/search?st=product&q=kenwood%20rig&srp_component_id=02.01.00.00&srp_page_id=&srp_page_title=&navsource=,Rp3.000.000,ht rig mobil kenwood tm 28 1a radio ht rig mobil ht komunikasi,,https://p16-images-sign-sg.tokopedia-static.net/tos-alisg-i-aphluv4xwc-sg/img/VqbcmM/2023/9/16/35a1d4a9-92cb-4c4d-b2d7-9f8d46158e97.jpg~tplv-aphluv4xwc-white-pad-v1:200:200.webp?lk3s=97278606&x-expires=1783958986&x-signature=HLEuD87SNLg6OuhBA%2FcJfbKqRLI%3D&x-signature-webp=HLEuD87SNLg6OuhBA%2FcJfbKqRLI%3D&ect=4g
1783955407899-14,https://www.tokopedia.com/search?st=product&q=kenwood%20rig&srp_component_id=02.01.00.00&srp_page_id=&srp_page_title=&navsource=,Rp3.950.000,radio rig kenwood tm 281a vhf rig kenwood tm 281 original,,https://p16-images-sign-sg.tokopedia-static.net/tos-alisg-i-aphluv4xwc-sg/img/VqbcmM/2024/9/4/745c23ab-c6ad-4973-a105-cbc47cbca08e.jpg~tplv-aphluv4xwc-white-pad-v1:200:200.webp?lk3s=97278606&x-expires=1783958986&x-signature=XZRozeXLvvQ8LVVljqktpirBKzg%3D&x-signature-webp=XZRozeXLvvQ8LVVljqktpirBKzg%3D&ect=4g
1783955407899-15,https://www.tokopedia.com/search?st=product&q=kenwood%20rig&srp_component_id=02.01.00.00&srp_page_id=&srp_page_title=&navsource=,Rp3.700.000,ready radio walkie talkie ht rig kenwood tm281 tm 281 281a tm281a vhf 1730843022784235345,,https://p16-images-sign-sg.tokopedia-static.net/tos-alisg-i-aphluv4xwc-sg/img/VqbcmM/2025/2/8/4fa81d25-4eb0-40ab-be61-f3ca7c2e74db.jpg~tplv-aphluv4xwc-white-pad-v1:200:200.webp?lk3s=97278606&x-expires=1783958986&x-signature=DxsQivpPkTvEPgphjeLKFe%2B2OmI%3D&x-signature-webp=DxsQivpPkTvEPgphjeLKFe%2B2OmI%3D&ect=4g
1783955407899-16,https://www.tokopedia.com/search?st=product&q=kenwood%20rig&srp_component_id=02.01.00.00&srp_page_id=&srp_page_title=&navsource=,Rp3.000.000,ht radio mobil rig kenwood tm 28 1a radio komunikasi ht mobil 144 mhz,,https://p16-images-sign-sg.tokopedia-static.net/tos-alisg-i-aphluv4xwc-sg/img/VqbcmM/2023/9/16/182041c3-6fe9-473a-a356-c115cc1fa948.jpg~tplv-aphluv4xwc-white-pad-v1:200:200.webp?lk3s=97278606&x-expires=1783958986&x-signature=hZUfQwIUQtkx3QxieLkcJmNiirI%3D&x-signature-webp=hZUfQwIUQtkx3QxieLkcJmNiirI%3D&ect=4g
1783955407899-17,https://www.tokopedia.com/search?st=product&q=kenwood%20rig&srp_component_id=02.01.00.00&srp_page_id=&srp_page_title=&navsource=,Rp1.750.000,rig kenwood tm 281 mulus masih segel,,https://p16-images-sign-sg.tokopedia-static.net/tos-alisg-i-aphluv4xwc-sg/img/VqbcmM/2022/9/11/d9ad64c4-8a14-425d-8e67-888fbb26916d.jpg~tplv-aphluv4xwc-white-pad-v1:200:200.webp?lk3s=97278606&x-expires=1783958986&x-signature=3IQMZpJtEfaOowMETcokwmxbiTA%3D&x-signature-webp=3IQMZpJtEfaOowMETcokwmxbiTA%3D&ect=4g
1783955407899-18,https://www.tokopedia.com/search?st=product&q=kenwood%20rig&srp_component_id=02.01.00.00&srp_page_id=&srp_page_title=&navsource=,Rp4.950.000,rig kenwood nx1700 vhf digital original 1732313004139186003,,https://p16-images-sign-sg.tokopedia-static.net/tos-alisg-i-aphluv4xwc-sg/93d7ac2b82b142438226feb9a9c63560~tplv-aphluv4xwc-white-pad-v1:200:200.webp?lk3s=97278606&x-expires=1783958986&x-signature=VwrXIr1EM52rFSJCvZS3juZOSsA%3D&x-signature-webp=VwrXIr1EM52rFSJCvZS3juZOSsA%3D&ect=4g
1783955407899-19,https://www.tokopedia.com/search?st=product&q=kenwood%20rig&srp_component_id=02.01.00.00&srp_page_id=&srp_page_title=&navsource=,Rp1.400.000,radio rig kenwood tm 271 normal,,https://p16-images-sign-sg.tokopedia-static.net/tos-alisg-i-aphluv4xwc-sg/img/VqbcmM/2020/9/7/46669f80-9539-4916-a38d-cd3a8ebc7caf.jpg~tplv-aphluv4xwc-white-pad-v1:200:200.webp?lk3s=97278606&x-expires=1783958986&x-signature=ge8z9EYdDd75Z8NJ2OJWMRrxtSg%3D&x-signature-webp=ge8z9EYdDd75Z8NJ2OJWMRrxtSg%3D&ect=4g
1783955407899-20,https://www.tokopedia.com/search?st=product&q=kenwood%20rig&srp_component_id=02.01.00.00&srp_page_id=&srp_page_title=&navsource=,Rp1.320.000,radio rig kenwood tm281 a original 1731329893506647620,,https://p16-images-sign-sg.tokopedia-static.net/tos-alisg-i-aphluv4xwc-sg/img/VqbcmM/2025/5/4/f0de7213-a45d-4c13-9066-a302aa32f8af.jpg~tplv-aphluv4xwc-white-pad-v1:200:200.webp?lk3s=97278606&x-expires=1783958986&x-signature=djkr5XjH5V3t6JS7OkBc1BybmRA%3D&x-signature-webp=djkr5XjH5V3t6JS7OkBc1BybmRA%3D&ect=4g
1783955407899-21,https://www.tokopedia.com/search?st=product&q=kenwood%20rig&srp_component_id=02.01.00.00&srp_page_id=&srp_page_title=&navsource=,Rp3.000.000,kenwood radio rig tm281 tm 281 281a tm281a vhf transceiver fm 144 mhz untuk komunikasi profesional 1734010345114600869,,https://p16-images-sign-sg.tokopedia-static.net/tos-alisg-i-aphluv4xwc-sg/bfef46e416ae4802bbd5f811355e2663~tplv-aphluv4xwc-white-pad-v1:200:200.webp?lk3s=97278606&x-expires=1783958986&x-signature=Tvr3UQovCfcLbkLbMAVkVXzMVXw%3D&x-signature-webp=Tvr3UQovCfcLbkLbMAVkVXzMVXw%3D&ect=4g
1783955407899-22,https://www.tokopedia.com/search?st=product&q=kenwood%20rig&srp_component_id=02.01.00.00&srp_page_id=&srp_page_title=&navsource=,Rp5.650.000,original ori radio rig kenwood nx1800 digital analog uhf 400 470mhz,ORI,https://p16-images-sign-sg.tokopedia-static.net/tos-alisg-i-aphluv4xwc-sg/img/VqbcmM/2024/9/30/25faae27-0f8f-40e4-9e1a-4fa52ac42480.jpg~tplv-aphluv4xwc-white-pad-v1:200:200.webp?lk3s=97278606&x-expires=1783958986&x-signature=K48bpHH2UXxKXydAHMxZuWTVYuo%3D&x-signature-webp=K48bpHH2UXxKXydAHMxZuWTVYuo%3D&ect=4g
1783955407899-23,https://www.tokopedia.com/search?st=product&q=kenwood%20rig&srp_component_id=02.01.00.00&srp_page_id=&srp_page_title=&navsource=,Rp4.600.000,rig kenwood nx 1700 vhf analog,,https://p16-images-sign-sg.tokopedia-static.net/tos-alisg-i-aphluv4xwc-sg/img/VqbcmM/2024/10/27/832b22bb-8b0d-41f8-97b6-0f6dc9c8ba38.jpg~tplv-aphluv4xwc-white-pad-v1:200:200.webp?lk3s=97278606&x-expires=1783958986&x-signature=7vZDCiQhMk%2F9J4%2Bp9lHSALx0cWE%3D&x-signature-webp=7vZDCiQhMk%2F9J4%2Bp9lHSALx0cWE%3D&ect=4g
1783955407899-24,https://www.tokopedia.com/search?st=product&q=kenwood%20rig&srp_component_id=02.01.00.00&srp_page_id=&srp_page_title=&navsource=,Rp1.750.000,radio rig kenwood nx 700h 50 watt,,https://p16-images-sign-sg.tokopedia-static.net/tos-alisg-i-aphluv4xwc-sg/img/VqbcmM/2022/7/31/167533ac-3c58-469b-98b9-9e5d5868115a.jpg~tplv-aphluv4xwc-white-pad-v1:200:200.webp?lk3s=97278606&x-expires=1783958986&x-signature=b62EapUgFpmGsAC%2BtXfkt7VHvWs%3D&x-signature-webp=b62EapUgFpmGsAC%2BtXfkt7VHvWs%3D&ect=4g
1783955407899-25,https://www.tokopedia.com/search?st=product&q=kenwood%20rig&srp_component_id=02.01.00.00&srp_page_id=&srp_page_title=&navsource=,Rp2.823.000,produk ready terbaru rig kenwood tm 281 vhf 50watt seken,,https://p16-images-sign-sg.tokopedia-static.net/tos-alisg-i-aphluv4xwc-sg/img/hDjmkQ/2023/11/28/1fb429da-04e6-405f-8408-6ce858fcfdca.jpg~tplv-aphluv4xwc-white-pad-v1:200:200.webp?lk3s=97278606&x-expires=1783958986&x-signature=KZMSGCxD0zC5UuWTGKC8iwUokJI%3D&x-signature-webp=KZMSGCxD0zC5UuWTGKC8iwUokJI%3D&ect=4g
1783955407899-26,https://www.tokopedia.com/search?st=product&q=kenwood%20rig&srp_component_id=02.01.00.00&srp_page_id=&srp_page_title=&navsource=,Rp1.500.000,radio rig kenwood tm 281a 60 watt normal,,https://p16-images-sign-sg.tokopedia-static.net/tos-alisg-i-aphluv4xwc-sg/img/VqbcmM/2021/1/24/139e9976-49ae-4ecf-96ec-3f629c0fa062.jpg~tplv-aphluv4xwc-white-pad-v1:200:200.webp?lk3s=97278606&x-expires=1783958986&x-signature=zUBkXjGLEumE3AWxQALTKjwEanM%3D&x-signature-webp=zUBkXjGLEumE3AWxQALTKjwEanM%3D&ect=4g
1783955407899-27,https://www.tokopedia.com/search?st=product&q=kenwood%20rig&srp_component_id=02.01.00.00&srp_page_id=&srp_page_title=&navsource=,Rp3.150.000,kenwood tm 281a rig vhf kenwood tm281 ori 100,ORI,https://p19-images-sign-sg.tokopedia-static.net/tos-alisg-i-aphluv4xwc-sg/img/product-1/2020/8/26/1256353/1256353_feeeb64c-c164-4641-aa0b-e254535369b8_768_768.jpg~tplv-aphluv4xwc-white-pad-v1:200:200.webp?lk3s=97278606&x-expires=1783958986&x-signature=jiD%2BtGloIVww8RjPfM4OPzewj3Q%3D&x-signature-webp=jiD%2BtGloIVww8RjPfM4OPzewj3Q%3D&ect=4g
1783955407900-28,https://www.tokopedia.com/search?st=product&q=kenwood%20rig&srp_component_id=02.01.00.00&srp_page_id=&srp_page_title=&navsource=,Rp9.500.000,kenwood ts 690s radio rig hf allband plus 50 mhz 1732844151738500227,,https://p16-images-sign-sg.tokopedia-static.net/tos-alisg-i-aphluv4xwc-sg/1dd30cee7ba8463b8a728a127ace0700~tplv-aphluv4xwc-white-pad-v1:200:200.webp?lk3s=97278606&x-expires=1783958986&x-signature=QqoydReDNzDcQodYHj%2BBPfhZm6Q%3D&x-signature-webp=QqoydReDNzDcQodYHj%2BBPfhZm6Q%3D&ect=4g
1783955407900-29,https://www.tokopedia.com/search?st=product&q=kenwood%20rig&srp_component_id=02.01.00.00&srp_page_id=&srp_page_title=&navsource=,Rp1.550.000,radio rig kenwood tm 281a normal,,https://p16-images-sign-sg.tokopedia-static.net/tos-alisg-i-aphluv4xwc-sg/img/VqbcmM/2021/12/6/845a1087-3a6a-4ac3-b898-40116b0b0137.jpg~tplv-aphluv4xwc-white-pad-v1:200:200.webp?lk3s=97278606&x-expires=1783958986&x-signature=RiXDuTchTQO72XhPgag0QXXQAGk%3D&x-signature-webp=RiXDuTchTQO72XhPgag0QXXQAGk%3D&ect=4g
1783955407900-30,https://www.tokopedia.com/search?st=product&q=kenwood%20rig&srp_component_id=02.01.00.00&srp_page_id=&srp_page_title=&navsource=,Rp5.750.000,kenwood tr 9130 rig,,https://p19-images-sign-sg.tokopedia-static.net/tos-alisg-i-aphluv4xwc-sg/img/VqbcmM/2021/2/22/f46cd403-2565-4c59-8f3a-0bafc42b9696.jpg~tplv-aphluv4xwc-white-pad-v1:200:200.webp?lk3s=97278606&x-expires=1783958986&x-signature=ODTpiyT08ObeaMewHaZcp5lsgfc%3D&x-signature-webp=ODTpiyT08ObeaMewHaZcp5lsgfc%3D&ect=4g
1783955407900-31,https://www.tokopedia.com/search?st=product&q=kenwood%20rig&srp_component_id=02.01.00.00&srp_page_id=&srp_page_title=&navsource=,Rp1.750.000,radio second rig kenwood 281 normal,,https://p16-images-sign-sg.tokopedia-static.net/tos-alisg-i-aphluv4xwc-sg/img/VqbcmM/2023/3/26/07020885-fbbd-4f0d-9555-44b20d2239ae.jpg~tplv-aphluv4xwc-white-pad-v1:200:200.webp?lk3s=97278606&x-expires=1783958986&x-signature=Bi1%2FlgeA4sEy0sCKQZMwABsSpkc%3D&x-signature-webp=Bi1%2FlgeA4sEy0sCKQZMwABsSpkc%3D&ect=4g
1783955407900-32,https://www.tokopedia.com/search?st=product&q=kenwood%20rig&srp_component_id=02.01.00.00&srp_page_id=&srp_page_title=&navsource=,Rp4.900.000,kenwood nx 740h vhf digital analog radio rig 2m nexedge nx740h nx740,,https://p16-images-sign-sg.tokopedia-static.net/tos-alisg-i-aphluv4xwc-sg/img/VqbcmM/2023/9/18/86a6da99-ac28-41ff-88b2-b5d509be49f8.jpg~tplv-aphluv4xwc-white-pad-v1:200:200.webp?lk3s=97278606&x-expires=1783958986&x-signature=ieeSl0kicAyGgaTHO8FJvOK3iN0%3D&x-signature-webp=ieeSl0kicAyGgaTHO8FJvOK3iN0%3D&ect=4g
1783955407900-33,https://www.tokopedia.com/search?st=product&q=kenwood%20rig&srp_component_id=02.01.00.00&srp_page_id=&srp_page_title=&navsource=,Rp1.320.000,radio rig kenwood tm 271,,https://p16-images-sign-sg.tokopedia-static.net/tos-alisg-i-aphluv4xwc-sg/img/VqbcmM/2023/8/2/eaad79b1-fd67-4616-82c5-1644968b27e2.jpg~tplv-aphluv4xwc-white-pad-v1:200:200.webp?lk3s=97278606&x-expires=1783958986&x-signature=MZHQ%2FQX2QJ3CoctJ5piG9caG5lw%3D&x-signature-webp=MZHQ%2FQX2QJ3CoctJ5piG9caG5lw%3D&ect=4g
1783955407900-34,https://www.tokopedia.com/search?st=product&q=kenwood%20rig&srp_component_id=02.01.00.00&srp_page_id=&srp_page_title=&navsource=,Rp6.000.000,radio rig kenwood tr 9130 2m all mode transceiver sold out,,https://p16-images-sign-sg.tokopedia-static.net/tos-alisg-i-aphluv4xwc-sg/img/VqbcmM/2024/2/4/f2d26799-ebb4-48f6-9897-277f889e5984.jpg~tplv-aphluv4xwc-white-pad-v1:200:200.webp?lk3s=97278606&x-expires=1783958986&x-signature=FmpzwpO4Ll8mhyWhqL0gI%2F%2Fefzc%3D&x-signature-webp=FmpzwpO4Ll8mhyWhqL0gI%2F%2Fefzc%3D&ect=4g
1783955407900-35,https://www.tokopedia.com/search?st=product&q=kenwood%20rig&srp_component_id=02.01.00.00&srp_page_id=&srp_page_title=&navsource=,Rp1.400.000,radio rig kenwood tm 271 50 watt,,https://p16-images-sign-sg.tokopedia-static.net/tos-alisg-i-aphluv4xwc-sg/img/VqbcmM/2021/8/26/ec86b4e2-7cd3-41a9-86c6-f45c451912ae.jpg~tplv-aphluv4xwc-white-pad-v1:200:200.webp?lk3s=97278606&x-expires=1783958986&x-signature=gnKWB5%2FdZNDEXrHBe0UueNIZWWA%3D&x-signature-webp=gnKWB5%2FdZNDEXrHBe0UueNIZWWA%3D&ect=4g
1783955407900-36,https://www.tokopedia.com/search?st=product&q=kenwood%20rig&srp_component_id=02.01.00.00&srp_page_id=&srp_page_title=&navsource=,Rp119.120,mic rig kenwood tm281 tm271 kmc32 tm 281 tm 271 kmc 32 tm281a tm271a ptt extramic handmic microphone extra mikrofon radio 1731463730614732379,,https://p16-images-sign-sg.tokopedia-static.net/tos-alisg-i-aphluv4xwc-sg/6ff93b95f63c4fc9864bfb8fd04cf585~tplv-aphluv4xwc-white-pad-v1:200:200.webp?lk3s=97278606&x-expires=1783958986&x-signature=cXX4TTQ%2FJORgEgF4iHFZlG8tJDk%3D&x-signature-webp=cXX4TTQ%2FJORgEgF4iHFZlG8tJDk%3D&ect=4g
1783955407900-37,https://www.tokopedia.com/search?st=product&q=kenwood%20rig&srp_component_id=02.01.00.00&srp_page_id=&srp_page_title=&navsource=,Rp1.500.000,radio rig kenwood nx 700h 1731459695381873738,,https://p16-images-sign-sg.tokopedia-static.net/tos-alisg-i-aphluv4xwc-sg/img/VqbcmM/2025/5/20/0825dec3-7edf-4aa7-b210-6669d6d06dda.jpg~tplv-aphluv4xwc-white-pad-v1:200:200.webp?lk3s=97278606&x-expires=1783958986&x-signature=Z%2BdD8U7TVuW2gT%2BYQZSu4AFDB0s%3D&x-signature-webp=Z%2BdD8U7TVuW2gT%2BYQZSu4AFDB0s%3D&ect=4g
1783955407900-38,https://www.tokopedia.com/search?st=product&q=kenwood%20rig&srp_component_id=02.01.00.00&srp_page_id=&srp_page_title=&navsource=,Rp5.580.000,kenwood tr9130 rig,,https://p16-images-sign-sg.tokopedia-static.net/tos-alisg-i-aphluv4xwc-sg/img/VqbcmM/2021/8/27/168027f9-e5b3-4e25-a974-5863d503445e.jpg~tplv-aphluv4xwc-white-pad-v1:200:200.webp?lk3s=97278606&x-expires=1783958986&x-signature=mzs%2Fg82%2FZV%2FVC1fn1tD%2BP2xUTgg%3D&x-signature-webp=mzs%2Fg82%2FZV%2FVC1fn1tD%2BP2xUTgg%3D&ect=4g
1783955407900-39,https://www.tokopedia.com/search?st=product&q=kenwood%20rig&srp_component_id=02.01.00.00&srp_page_id=&srp_page_title=&navsource=,Rp5.750.000,radio rig kenwood nx 1700hd k vhf original dmr,,https://p16-images-sign-sg.tokopedia-static.net/tos-alisg-i-aphluv4xwc-sg/img/VqbcmM/2024/7/19/6e5f3965-7c6d-4fd7-905d-3c80ac6a4f19.png~tplv-aphluv4xwc-white-pad-v1:200:200.webp?lk3s=97278606&x-expires=1783958986&x-signature=zQAHvFRsYZkp4deQo498Sem%2Bnvc%3D&x-signature-webp=zQAHvFRsYZkp4deQo498Sem%2Bnvc%3D&ect=4g
1783955407900-40,https://www.tokopedia.com/search?st=product&q=kenwood%20rig&srp_component_id=02.01.00.00&srp_page_id=&srp_page_title=&navsource=,Rp2.750.000,rig kenwood tm 281 original resmi,,https://p16-images-sign-sg.tokopedia-static.net/tos-alisg-i-aphluv4xwc-sg/img/product-1/2019/7/1/241380276/241380276_d5a7ee8b-536b-4c73-98ce-9823554d8805_700_700.jpg~tplv-aphluv4xwc-white-pad-v1:200:200.webp?lk3s=97278606&x-expires=1783958986&x-signature=IfnRWF%2FnNTKwWBS37yl16Xw3h0g%3D&x-signature-webp=IfnRWF%2FnNTKwWBS37yl16Xw3h0g%3D&ect=4g
1783955407900-41,https://www.tokopedia.com/search?st=product&q=kenwood%20rig&srp_component_id=02.01.00.00&srp_page_id=&srp_page_title=&navsource=,Rp2.350.000,tm 281a radio rig kenwood tm281 1729851481421547489,,https://p16-images-sign-sg.tokopedia-static.net/tos-alisg-i-aphluv4xwc-sg/img/VqbcmM/2021/3/8/69cbc3a1-10bc-4b06-bb0f-741cf79a7834.jpg~tplv-aphluv4xwc-white-pad-v1:200:200.webp?lk3s=97278606&x-expires=1783958986&x-signature=K0uwn16Q0GvHvC1xC9ytiYyBRYo%3D&x-signature-webp=K0uwn16Q0GvHvC1xC9ytiYyBRYo%3D&ect=4g
1783955407900-42,https://www.tokopedia.com/search?st=product&q=kenwood%20rig&srp_component_id=02.01.00.00&srp_page_id=&srp_page_title=&navsource=,Rp134.000,mic rig kenwood tm261 tm251 tm271 281 ptt extramic mikrofon microphone,,https://p16-images-sign-sg.tokopedia-static.net/tos-alisg-i-aphluv4xwc-sg/1af08f24875e4262a4e2cf45433ef4e4~tplv-aphluv4xwc-white-pad-v1:200:200.webp?lk3s=97278606&x-expires=1783958986&x-signature=isChRf0A3nTjspLp53RfsmJPPDA%3D&x-signature-webp=isChRf0A3nTjspLp53RfsmJPPDA%3D&ect=4g
1783955407900-43,https://www.tokopedia.com/search?st=product&q=kenwood%20rig&srp_component_id=02.01.00.00&srp_page_id=&srp_page_title=&navsource=,Rp5.200.400,radio rig kenwood nx 1800hd k2 uhf,,https://p16-images-sign-sg.tokopedia-static.net/tos-alisg-i-aphluv4xwc-sg/img/VqbcmM/2024/3/19/879e4a55-62b9-4001-9ca0-d46740f414ab.jpg~tplv-aphluv4xwc-white-pad-v1:200:200.webp?lk3s=97278606&x-expires=1783958986&x-signature=FJP4RhYp3dXGtk5qkzTaUrUdtzA%3D&x-signature-webp=FJP4RhYp3dXGtk5qkzTaUrUdtzA%3D&ect=4g
1783955407900-44,https://www.tokopedia.com/search?st=product&q=kenwood%20rig&srp_component_id=02.01.00.00&srp_page_id=&srp_page_title=&navsource=,Rp5.850.000,radio rig kenwood nx 740h vhf,,https://p16-images-sign-sg.tokopedia-static.net/tos-alisg-i-aphluv4xwc-sg/img/VqbcmM/2022/12/23/067e74ca-2fd8-4b83-92ee-a15a646b2a4a.jpg~tplv-aphluv4xwc-white-pad-v1:200:200.webp?lk3s=97278606&x-expires=1783958986&x-signature=BI48mH7wfEsaX%2B%2BD0JsbB0CgGxY%3D&x-signature-webp=BI48mH7wfEsaX%2B%2BD0JsbB0CgGxY%3D&ect=4g
1783955407900-45,https://www.tokopedia.com/search?st=product&q=kenwood%20rig&srp_component_id=02.01.00.00&srp_page_id=&srp_page_title=&navsource=,Rp4.940.800,radio rig kenwood nx 1700 1732651745899153069,,https://p16-images-sign-sg.tokopedia-static.net/tos-alisg-i-aphluv4xwc-sg/img/VqbcmM/2024/3/19/660ff6e2-4a23-41bd-bf33-1aa426322b7e.jpg~tplv-aphluv4xwc-white-pad-v1:200:200.webp?lk3s=97278606&x-expires=1783958986&x-signature=Zx1coaUUpW9f1A1m8lMPL%2BJj2I0%3D&x-signature-webp=Zx1coaUUpW9f1A1m8lMPL%2BJj2I0%3D&ect=4g
1783955407900-46,https://www.tokopedia.com/search?st=product&q=kenwood%20rig&srp_component_id=02.01.00.00&srp_page_id=&srp_page_title=&navsource=,Rp3.800.000,radio rig kenwood tm 281a vhf radio rig kenwood 1729969355865818426,,https://p16-images-sign-sg.tokopedia-static.net/tos-alisg-i-aphluv4xwc-sg/img/VqbcmM/2025/6/22/90f99d00-3290-4fe4-b166-e740153a28c0.jpg~tplv-aphluv4xwc-white-pad-v1:200:200.webp?lk3s=97278606&x-expires=1783958986&x-signature=thw3idX60tbYLeG4CAml%2FForinc%3D&x-signature-webp=thw3idX60tbYLeG4CAml%2FForinc%3D&ect=4g
1783955407900-47,https://www.tokopedia.com/search?st=product&q=kenwood%20rig&srp_component_id=02.01.00.00&srp_page_id=&srp_page_title=&navsource=,Rp3.500.000,radio rig kenwood tr 9130 1730817542733464965,,https://p16-images-sign-sg.tokopedia-static.net/tos-alisg-i-aphluv4xwc-sg/img/VqbcmM/2025/5/21/48dc9889-52d9-4ebd-a7e2-18483ac526c6.jpg~tplv-aphluv4xwc-white-pad-v1:200:200.webp?lk3s=97278606&x-expires=1783958986&x-signature=VcxkUJqPkwh5f%2B9%2BqA5c0xPOc20%3D&x-signature-webp=VcxkUJqPkwh5f%2B9%2BqA5c0xPOc20%3D&ect=4g
1783955407900-48,https://www.tokopedia.com/search?st=product&q=kenwood%20rig&srp_component_id=02.01.00.00&srp_page_id=&srp_page_title=&navsource=,Rp1.750.000,radio rig kenwood nx 700h normal,,https://p16-images-sign-sg.tokopedia-static.net/tos-alisg-i-aphluv4xwc-sg/img/VqbcmM/2023/5/26/e7dd62ba-9e79-40d8-9247-2eff8a0c83af.jpg~tplv-aphluv4xwc-white-pad-v1:200:200.webp?lk3s=97278606&x-expires=1783958986&x-signature=DpxR22oIZBWqikie4KvPtOblO7A%3D&x-signature-webp=DpxR22oIZBWqikie4KvPtOblO7A%3D&ect=4g
1783955407900-49,https://www.tokopedia.com/search?st=product&q=kenwood%20rig&srp_component_id=02.01.00.00&srp_page_id=&srp_page_title=&navsource=,Rp1.500.000,radio rig kenwood tm 281 rx tx normal 50an watt,,https://p16-images-sign-sg.tokopedia-static.net/tos-alisg-i-aphluv4xwc-sg/img/VqbcmM/2021/12/4/7f395b6b-4822-4223-8c73-00a23df8100f.jpg~tplv-aphluv4xwc-white-pad-v1:200:200.webp?lk3s=97278606&x-expires=1783958986&x-signature=R0ZieqELDq9ZaxMXg8qi3%2FSncq0%3D&x-signature-webp=R0ZieqELDq9ZaxMXg8qi3%2FSncq0%3D&ect=4g
1783955407900-50,https://www.tokopedia.com/search?st=product&q=kenwood%20rig&srp_component_id=02.01.00.00&srp_page_id=&srp_page_title=&navsource=,Rp3.000.000,radio rig kenwood tm 281,,https://p16-images-sign-sg.tokopedia-static.net/tos-alisg-i-aphluv4xwc-sg/img/product-1/2017/10/20/7263169/7263169_e4706f3c-58de-4537-91bd-2489afd5185c_2048_0.jpg~tplv-aphluv4xwc-white-pad-v1:200:200.webp?lk3s=97278606&x-expires=1783958986&x-signature=waFiDHtaUp6dYSMKZUxIc5vwwXM%3D&x-signature-webp=waFiDHtaUp6dYSMKZUxIc5vwwXM%3D&ect=4g
1783955407900-51,https://www.tokopedia.com/search?st=product&q=kenwood%20rig&srp_component_id=02.01.00.00&srp_page_id=&srp_page_title=&navsource=,Rp3.650.000,radio rig kenwood tm 281a rig kenwood tm 281 set antena komplit,,https://p16-images-sign-sg.tokopedia-static.net/tos-alisg-i-aphluv4xwc-sg/img/VqbcmM/2024/1/6/630bc6c5-09b6-4cbb-ab52-d3a0de64fd1f.jpg~tplv-aphluv4xwc-white-pad-v1:200:200.webp?lk3s=97278606&x-expires=1783958986&x-signature=twiIGvhndne9QO9GQabA%2B8Aetm8%3D&x-signature-webp=twiIGvhndne9QO9GQabA%2B8Aetm8%3D&ect=4g
1783955407900-52,https://www.tokopedia.com/search?st=product&q=kenwood%20rig&srp_component_id=02.01.00.00&srp_page_id=&srp_page_title=&navsource=,Rp1.500.000,radio rig kenwood tm 281a 60 watt second,,https://p16-images-sign-sg.tokopedia-static.net/tos-alisg-i-aphluv4xwc-sg/img/VqbcmM/2023/3/27/e6d92bb6-8edb-498b-9d87-551ce928bd99.jpg~tplv-aphluv4xwc-white-pad-v1:200:200.webp?lk3s=97278606&x-expires=1783958986&x-signature=Zfz%2FonXVEslDnLKTaNt0jtcSIk8%3D&x-signature-webp=Zfz%2FonXVEslDnLKTaNt0jtcSIk8%3D&ect=4g
1783955407900-53,https://www.tokopedia.com/search?st=product&q=kenwood%20rig&srp_component_id=02.01.00.00&srp_page_id=&srp_page_title=&navsource=,Rp475.000,ready lcd rig kenwood tm 271 1730892563296912728,,https://p16-images-sign-sg.tokopedia-static.net/tos-alisg-i-aphluv4xwc-sg/img/hDjmkQ/2025/2/20/9e2fd844-7374-4d02-928f-b8529d875ba3.jpg~tplv-aphluv4xwc-white-pad-v1:200:200.webp?lk3s=97278606&x-expires=1783958986&x-signature=h5%2BzaPTKAxJhOX%2BOtuW30u7TUE8%3D&x-signature-webp=h5%2BzaPTKAxJhOX%2BOtuW30u7TUE8%3D&ect=4g
1783955407900-54,https://www.tokopedia.com/search?st=product&q=kenwood%20rig&srp_component_id=02.01.00.00&srp_page_id=&srp_page_title=&navsource=,Rp5.750.000,radio rig vhf kenwood tr9130,,https://p16-images-sign-sg.tokopedia-static.net/tos-alisg-i-aphluv4xwc-sg/img/VqbcmM/2021/7/30/a809d3df-cae4-4ced-8ec7-e1ed304fe145.jpg~tplv-aphluv4xwc-white-pad-v1:200:200.webp?lk3s=97278606&x-expires=1783958986&x-signature=fSaYIGqHLdHo5%2FcxhkDL%2BiDbNeA%3D&x-signature-webp=fSaYIGqHLdHo5%2FcxhkDL%2BiDbNeA%3D&ect=4g
1783955407900-55,https://www.tokopedia.com/search?st=product&q=kenwood%20rig&srp_component_id=02.01.00.00&srp_page_id=&srp_page_title=&navsource=,Rp2.348.000,jual radio rig kenwood tm 281a original 1731262970580534407,,https://p16-images-sign-sg.tokopedia-static.net/tos-alisg-i-aphluv4xwc-sg/img/VqbcmM/2025/4/25/f5209e73-4b2b-4c69-8188-3a6e3ba17171.jpg~tplv-aphluv4xwc-white-pad-v1:200:200.webp?lk3s=97278606&x-expires=1783958986&x-signature=Vdplbr1gWMExk1bmU%2BQ3VO90Kww%3D&x-signature-webp=Vdplbr1gWMExk1bmU%2BQ3VO90Kww%3D&ect=4g
1783955407900-56,https://www.tokopedia.com/search?st=product&q=kenwood%20rig&srp_component_id=02.01.00.00&srp_page_id=&srp_page_title=&navsource=,Rp3.275.000,radio rig kenwood tm 281 a vhf best,,https://p16-images-sign-sg.tokopedia-static.net/tos-alisg-i-aphluv4xwc-sg/img/hDjmkQ/2024/1/16/c532c56d-fe9a-44c0-b457-7afc876795db.jpg~tplv-aphluv4xwc-white-pad-v1:200:200.webp?lk3s=97278606&x-expires=1783958986&x-signature=Ral0WJP7exjD5kY5NcZQlu%2BPNSY%3D&x-signature-webp=Ral0WJP7exjD5kY5NcZQlu%2BPNSY%3D&ect=4g
1783955407900-57,https://www.tokopedia.com/search?st=product&q=kenwood%20rig&srp_component_id=02.01.00.00&srp_page_id=&srp_page_title=&navsource=,Rp450.000,radio rig kenwood trio seri 9000 9130 vu meter,,https://p16-images-sign-sg.tokopedia-static.net/tos-alisg-i-aphluv4xwc-sg/img/VqbcmM/2022/3/18/08cdf26c-4722-4d7d-8452-b6a4097bf91f.jpg~tplv-aphluv4xwc-white-pad-v1:200:200.webp?lk3s=97278606&x-expires=1783958986&x-signature=PVmgXQWKRY1qgne4PO6agPHxQKc%3D&x-signature-webp=PVmgXQWKRY1qgne4PO6agPHxQKc%3D&ect=4g
1783955407900-58,https://www.tokopedia.com/search?st=product&q=kenwood%20rig&srp_component_id=02.01.00.00&srp_page_id=&srp_page_title=&navsource=,Rp1.450.000,radio rig icom ic 2300h 2300 vhf japan bukan yaesu kenwood alinco,,https://p16-images-sign-sg.tokopedia-static.net/tos-alisg-i-aphluv4xwc-sg/img/VqbcmM/2021/10/28/dff3d93c-31e4-4719-9594-6c791c751c96.jpg~tplv-aphluv4xwc-white-pad-v1:200:200.webp?lk3s=97278606&x-expires=1783958986&x-signature=mIit%2F6bG4Gl0enW48qLSBvo1S2w%3D&x-signature-webp=mIit%2F6bG4Gl0enW48qLSBvo1S2w%3D&ect=4g
1783955407900-59,https://www.tokopedia.com/search?st=product&q=kenwood%20rig&srp_component_id=02.01.00.00&srp_page_id=&srp_page_title=&navsource=,Rp400.000,ht kenwood thk20 prequency vhf 1736377505952138514,,https://p16-images-sign-sg.tokopedia-static.net/tos-alisg-i-aphluv4xwc-sg/db97a45ad7ac4c8eaabcd42e094047ae~tplv-aphluv4xwc-white-pad-v1:200:200.webp?lk3s=97278606&x-expires=1783958986&x-signature=78A34aeILMVgGaisG0kkh4Z%2FAas%3D&x-signature-webp=78A34aeILMVgGaisG0kkh4Z%2FAas%3D&ect=4g
1783955546892-1,https://www.tokopedia.com/search?st=product&q=repeater%20HT&srp_component_id=02.01.00.00&srp_page_id=&srp_page_title=&navsource=,Rp164.700,relay repeater ht walkie talkie transfer box k type plug ad 25 universal murah high quality dengan indikator led rx tx dan kompatibilitas luas untuk komunikasi profesional 1733565680347940473,,https://p16-images-sign-sg.tokopedia-static.net/tos-alisg-i-aphluv4xwc-sg/e9fed8bcfc644471bcec3bb625504c18~tplv-aphluv4xwc-white-pad-v1:200:200.webp?lk3s=97278606&x-expires=1783959118&x-signature=1zo6PbEWtgo66Db%2F6HNAtWwPCps%3D&x-signature-webp=1zo6PbEWtgo66Db%2F6HNAtWwPCps%3D&ect=4g
1783955546892-2,https://www.tokopedia.com/search?st=product&q=repeater%20HT&srp_component_id=02.01.00.00&srp_page_id=&srp_page_title=&navsource=,Rp18.150.000,repeater motorola paket ekonomis lengkap antena kabel bonus 10 unit ht,,https://p16-images-sign-sg.tokopedia-static.net/tos-alisg-i-aphluv4xwc-sg/img/VqbcmM/2025/3/6/129d3b4f-967d-49e7-9627-8566f37a89eb.jpg~tplv-aphluv4xwc-white-pad-v1:200:200.webp?lk3s=97278606&x-expires=1783959118&x-signature=LJXmSgoVZm6MoBQ89y3wHuD%2Fbuw%3D&x-signature-webp=LJXmSgoVZm6MoBQ89y3wHuD%2Fbuw%3D&ect=4g
1783955546892-3,https://www.tokopedia.com/search?st=product&q=repeater%20HT&srp_component_id=02.01.00.00&srp_page_id=&srp_page_title=&navsource=,Rp925.000,repeater portable ht baofeng uv82 pancar ulang ht box cor sepaket len,,https://p16-images-sign-sg.tokopedia-static.net/tos-alisg-i-aphluv4xwc-sg/img/VqbcmM/2023/9/1/ddf23cb1-9556-4ddb-b238-69ce1765e48a.jpg~tplv-aphluv4xwc-white-pad-v1:200:200.webp?lk3s=97278606&x-expires=1783959118&x-signature=k9KIOlLQdkCMfIxFyQApA4F9G%2BI%3D&x-signature-webp=k9KIOlLQdkCMfIxFyQApA4F9G%2BI%3D&ect=4g
1783955546892-4,https://www.tokopedia.com/search?st=product&q=repeater%20HT&srp_component_id=02.01.00.00&srp_page_id=&srp_page_title=&navsource=,Rp199.000,beebest a108 ht repeater premium walkie talkie 16 channels 2000mah,,https://p16-images-sign-sg.tokopedia-static.net/tos-alisg-i-aphluv4xwc-sg/img/VqbcmM/2023/8/18/663c4d8d-ee09-4b68-899b-db6c1e90317c.jpg~tplv-aphluv4xwc-white-pad-v1:200:200.webp?lk3s=97278606&x-expires=1783959118&x-signature=QiWq%2BxnBlvRNzxd%2FiCeXh7bAshU%3D&x-signature-webp=QiWq%2BxnBlvRNzxd%2FiCeXh7bAshU%3D&ect=4g
1783955546893-5,https://www.tokopedia.com/search?st=product&q=repeater%20HT&srp_component_id=02.01.00.00&srp_page_id=&srp_page_title=&navsource=,Rp2.750.000,repeater icom portable radio icom 1733088350965696202,,https://p16-images-sign-sg.tokopedia-static.net/tos-alisg-i-aphluv4xwc-sg/a3e081c5bab64b85bf633cda3095c064~tplv-aphluv4xwc-white-pad-v1:200:200.webp?lk3s=97278606&x-expires=1783959118&x-signature=rrtllW4HVOXM%2BWDFMSBj9VidPag%3D&x-signature-webp=rrtllW4HVOXM%2BWDFMSBj9VidPag%3D&ect=4g
1783955546893-6,https://www.tokopedia.com/search?st=product&q=repeater%20HT&srp_component_id=02.01.00.00&srp_page_id=&srp_page_title=&navsource=,Rp1.950.000,repeater ht dualband vhf dan uhf bisa crossband,,https://p16-images-sign-sg.tokopedia-static.net/tos-alisg-i-aphluv4xwc-sg/434a5c6deecf4aba988a8c770e3b1384~tplv-aphluv4xwc-white-pad-v1:200:200.webp?lk3s=97278606&x-expires=1783959118&x-signature=z%2FSfvPliIK3RCjSMoJn7tiDEoqc%3D&x-signature-webp=z%2FSfvPliIK3RCjSMoJn7tiDEoqc%3D&ect=4g
1783955546893-7,https://www.tokopedia.com/search?st=product&q=repeater%20HT&srp_component_id=02.01.00.00&srp_page_id=&srp_page_title=&navsource=,Rp1.100.000,repeater rpu multi band vhf uhf ht second 17442,,https://p16-images-sign-sg.tokopedia-static.net/tos-alisg-i-aphluv4xwc-sg/img/VqbcmM/2024/11/27/8219b64e-1520-4311-8af9-ff81dea636f2.jpg~tplv-aphluv4xwc-white-pad-v1:200:200.webp?lk3s=97278606&x-expires=1783959118&x-signature=7Pi6oPRcAZaliYqJYTYKWin%2Bolw%3D&x-signature-webp=7Pi6oPRcAZaliYqJYTYKWin%2Bolw%3D&ect=4g
1783955546893-8,https://www.tokopedia.com/search?st=product&q=repeater%20HT&srp_component_id=02.01.00.00&srp_page_id=&srp_page_title=&navsource=,Rp850.000,repeater mini ht rakitan vhf walkie talkie 1731686553221105198,,https://p16-images-sign-sg.tokopedia-static.net/tos-alisg-i-aphluv4xwc-sg/d05a44fc4fd044809189e58326541883~tplv-aphluv4xwc-white-pad-v1:200:200.webp?lk3s=97278606&x-expires=1783959118&x-signature=Nq%2Ffr3MUpmfn8ubjTMgMB87ZDW8%3D&x-signature-webp=Nq%2Ffr3MUpmfn8ubjTMgMB87ZDW8%3D&ect=4g
1783955546893-9,https://www.tokopedia.com/search?st=product&q=repeater%20HT&srp_component_id=02.01.00.00&srp_page_id=&srp_page_title=&navsource=,Rp3.950.000,repeater ht 5 watt lengkap dengan kabel rg58 dan antena,,https://p16-images-sign-sg.tokopedia-static.net/tos-alisg-i-aphluv4xwc-sg/ba05c7358bc64be5a8e379747797f7db~tplv-aphluv4xwc-white-pad-v1:200:200.webp?lk3s=97278606&x-expires=1783959118&x-signature=oy%2F3pobbrBColxj4vj6%2B1uPH9lo%3D&x-signature-webp=oy%2F3pobbrBColxj4vj6%2B1uPH9lo%3D&ect=4g
1783955546893-10,https://www.tokopedia.com/search?st=product&q=repeater%20HT&srp_component_id=02.01.00.00&srp_page_id=&srp_page_title=&navsource=,Rp177.380,adegbo relay repeater ht walkie talkie transfer box k type plug ad 25 1733655209023538218,,https://p16-images-sign-sg.tokopedia-static.net/tos-alisg-i-aphluv4xwc-sg/fe278fdbd44849ff937acde047870162~tplv-aphluv4xwc-white-pad-v1:200:200.webp?lk3s=97278606&x-expires=1783959118&x-signature=fF0zz7cJA7BoHWqYr75o1RKZUEA%3D&x-signature-webp=fF0zz7cJA7BoHWqYr75o1RKZUEA%3D&ect=4g
1783955546893-11,https://www.tokopedia.com/search?st=product&q=repeater%20HT&srp_component_id=02.01.00.00&srp_page_id=&srp_page_title=&navsource=,Rp2.290.000,repeater rpu multi band vhf uhf terbaru 1731368531552667409,,https://p16-images-sign-sg.tokopedia-static.net/tos-alisg-i-aphluv4xwc-sg/img/VqbcmM/2025/5/8/c31cec62-e3cb-4c8f-a91f-9d0c15d3bc48.jpg~tplv-aphluv4xwc-white-pad-v1:200:200.webp?lk3s=97278606&x-expires=1783959118&x-signature=OMVE%2F8QWfEmAq2wiH4HCQMMlD30%3D&x-signature-webp=OMVE%2F8QWfEmAq2wiH4HCQMMlD30%3D&ect=4g
1783955546893-13,https://www.tokopedia.com/search?st=product&q=repeater%20HT&srp_component_id=02.01.00.00&srp_page_id=&srp_page_title=&navsource=,Rp16.575.000,repeater paket ekonomis lengkap antena kabel bonus 10 unit ht 2 band,,https://p19-images-sign-sg.tokopedia-static.net/tos-alisg-i-aphluv4xwc-sg/img/VqbcmM/2024/8/21/ac0167e7-4c73-47b7-b8c6-cc59e2550f02.png~tplv-aphluv4xwc-white-pad-v1:200:200.webp?lk3s=97278606&x-expires=1783959118&x-signature=NK64CkE30TOIG8ThXUTCDPOIkHE%3D&x-signature-webp=NK64CkE30TOIG8ThXUTCDPOIkHE%3D&ect=4g
1783955546893-14,https://www.tokopedia.com/search?st=product&q=repeater%20HT&srp_component_id=02.01.00.00&srp_page_id=&srp_page_title=&navsource=,Rp11.000.000,paket ekonomis repeater motorola uhf plus antena dan kabel,,https://p16-images-sign-sg.tokopedia-static.net/tos-alisg-i-aphluv4xwc-sg/img/VqbcmM/2024/8/21/e045122e-1683-4cf1-b845-7b3a1aa99ba0.png~tplv-aphluv4xwc-white-pad-v1:200:200.webp?lk3s=97278606&x-expires=1783959118&x-signature=%2BwbQir6Yb75Kn%2B7rnlbvSpaYJd8%3D&x-signature-webp=%2BwbQir6Yb75Kn%2B7rnlbvSpaYJd8%3D&ect=4g
1783955546893-15,https://www.tokopedia.com/search?st=product&q=repeater%20HT&srp_component_id=02.01.00.00&srp_page_id=&srp_page_title=&navsource=,Rp3.500.000,repeater motorola uhf 2 antena 1730843686646679242,,https://p16-images-sign-sg.tokopedia-static.net/tos-alisg-i-aphluv4xwc-sg/img/VqbcmM/2025/2/8/26be0ad3-8387-4632-8288-1556852ea0fc.jpg~tplv-aphluv4xwc-white-pad-v1:200:200.webp?lk3s=97278606&x-expires=1783959118&x-signature=kxhJzGO7kx3Hp%2FGuAjrsI5%2BG3mo%3D&x-signature-webp=kxhJzGO7kx3Hp%2FGuAjrsI5%2BG3mo%3D&ect=4g
1783955546893-16,https://www.tokopedia.com/search?st=product&q=repeater%20HT&srp_component_id=02.01.00.00&srp_page_id=&srp_page_title=&navsource=,Rp315.000,simplex repeater controller repeater ht simplex ht,,https://p16-images-sign-sg.tokopedia-static.net/tos-alisg-i-aphluv4xwc-sg/img/product-1/2019/10/23/504739/504739_95253292-9316-46bd-aa6d-a5cd7e582c54_700_700~tplv-aphluv4xwc-white-pad-v1:200:200.webp?lk3s=97278606&x-expires=1783959118&x-signature=2t6%2FyvViP%2BTsWTuKaKYyPjXPbpk%3D&x-signature-webp=2t6%2FyvViP%2BTsWTuKaKYyPjXPbpk%3D&ect=4g
1783955546893-17,https://www.tokopedia.com/search?st=product&q=repeater%20HT&srp_component_id=02.01.00.00&srp_page_id=&srp_page_title=&navsource=,Rp900.000,radio ht ksun rl30 walkie talkie ht repeater ht uhf walky talky ht radio walkie talkie jarak jauh 10km stackable walkie talkie jarak jauh original garansi resmi ksun 1731578575142946539,,https://p16-images-sign-sg.tokopedia-static.net/tos-alisg-i-aphluv4xwc-sg/img/VqbcmM/2025/6/3/0249c8ac-e9ab-4218-b617-0fbe4186718b.png~tplv-aphluv4xwc-white-pad-v1:200:200.webp?lk3s=97278606&x-expires=1783959118&x-signature=E%2Fc78gf3Gfm3%2F58FTdGrngrBxO4%3D&x-signature-webp=E%2Fc78gf3Gfm3%2F58FTdGrngrBxO4%3D&ect=4g
1783955546893-19,https://www.tokopedia.com/search?st=product&q=repeater%20HT&srp_component_id=02.01.00.00&srp_page_id=&srp_page_title=&navsource=,Rp3.500.000,repeater ht vhf fungsi komunikasi proyek tambang kantor perkebunan,,https://p16-images-sign-sg.tokopedia-static.net/tos-alisg-i-aphluv4xwc-sg/195514380efe4ae38608a7556698a320~tplv-aphluv4xwc-white-pad-v1:200:200.webp?lk3s=97278606&x-expires=1783959118&x-signature=9C8b8vfI8FxPxjL0eOHBQ%2BSVpn4%3D&x-signature-webp=9C8b8vfI8FxPxjL0eOHBQ%2BSVpn4%3D&ect=4g
1783955546893-20,https://www.tokopedia.com/search?st=product&q=repeater%20HT&srp_component_id=02.01.00.00&srp_page_id=&srp_page_title=&navsource=,Rp3.500.000,portable repeater ht vhf fungsi komunikasi tempat kerja kantor proyek 1731686880367576733,,https://p16-images-sign-sg.tokopedia-static.net/tos-alisg-i-aphluv4xwc-sg/7556cae2645d483884f7bf2420c47a4d~tplv-aphluv4xwc-white-pad-v1:200:200.webp?lk3s=97278606&x-expires=1783959118&x-signature=CUot8u3gbEIYUG0EmfyfXEf5JeY%3D&x-signature-webp=CUot8u3gbEIYUG0EmfyfXEf5JeY%3D&ect=4g
1783955546893-21,https://www.tokopedia.com/search?st=product&q=repeater%20HT&srp_component_id=02.01.00.00&srp_page_id=&srp_page_title=&navsource=,Rp90.000,coor repeater ht fungsi rakit repeater rpu,,https://p16-images-sign-sg.tokopedia-static.net/tos-alisg-i-aphluv4xwc-sg/img/VqbcmM/2025/2/6/f976f480-d73c-4692-98e3-e746b217794e.jpg~tplv-aphluv4xwc-white-pad-v1:200:200.webp?lk3s=97278606&x-expires=1783959118&x-signature=en1kCdirDhr%2Bpv5u%2B5hIiyY4b7g%3D&x-signature-webp=en1kCdirDhr%2Bpv5u%2B5hIiyY4b7g%3D&ect=4g
1783955546893-22,https://www.tokopedia.com/search?st=product&q=repeater%20HT&srp_component_id=02.01.00.00&srp_page_id=&srp_page_title=&navsource=,Rp500.000,filter repeater ht rpu uhf 1729805989740906477,,https://p16-images-sign-sg.tokopedia-static.net/tos-alisg-i-aphluv4xwc-sg/f484fbbe13d640bebce1cc7fd8b98a7d~tplv-aphluv4xwc-white-pad-v1:200:200.webp?lk3s=97278606&x-expires=1783959118&x-signature=EZlTIIMF4Uj5w2KvyfV0nz4svz0%3D&x-signature-webp=EZlTIIMF4Uj5w2KvyfV0nz4svz0%3D&ect=4g
1783955546893-23,https://www.tokopedia.com/search?st=product&q=repeater%20HT&srp_component_id=02.01.00.00&srp_page_id=&srp_page_title=&navsource=,Rp15.850.000,paket ekonomis repeater motorola vhf plus antena dan kabel,,https://p16-images-sign-sg.tokopedia-static.net/tos-alisg-i-aphluv4xwc-sg/img/VqbcmM/2024/8/21/a774143a-dc60-460c-873a-50422b9ad2fb.png~tplv-aphluv4xwc-white-pad-v1:200:200.webp?lk3s=97278606&x-expires=1783959118&x-signature=02tJMN9pqO71ulaE1O%2FfJqU72wQ%3D&x-signature-webp=02tJMN9pqO71ulaE1O%2FfJqU72wQ%3D&ect=4g
1783955546893-24,https://www.tokopedia.com/search?st=product&q=repeater%20HT&srp_component_id=02.01.00.00&srp_page_id=&srp_page_title=&navsource=,Rp182.700,adegbo kotak relay repeater ht walkie talkie modul repeater ht 2 arah ad 25 untuk jangkauan ht lebih luas 1733447243522081795,,https://p16-images-sign-sg.tokopedia-static.net/tos-alisg-i-aphluv4xwc-sg/8fceca64d4a64e0b8dc1cba907467f7e~tplv-aphluv4xwc-white-pad-v1:200:200.webp?lk3s=97278606&x-expires=1783959118&x-signature=1dY%2F8q6hB6xhRdzP49ZCeV9Rz1g%3D&x-signature-webp=1dY%2F8q6hB6xhRdzP49ZCeV9Rz1g%3D&ect=4g
1783955546893-25,https://www.tokopedia.com/search?st=product&q=repeater%20HT&srp_component_id=02.01.00.00&srp_page_id=&srp_page_title=&navsource=,Rp1.100.000,rpu repeater multi band uhf vhf,,https://p16-images-sign-sg.tokopedia-static.net/tos-alisg-i-aphluv4xwc-sg/img/VqbcmM/2025/7/1/591e9d12-4109-43be-993c-a302d2ae5d96.jpg~tplv-aphluv4xwc-white-pad-v1:200:200.webp?lk3s=97278606&x-expires=1783959118&x-signature=9Ar0YcNsBo%2B318ZV4cEdrVZu6wk%3D&x-signature-webp=9Ar0YcNsBo%2B318ZV4cEdrVZu6wk%3D&ect=4g
1783955546893-26,https://www.tokopedia.com/search?st=product&q=repeater%20HT&srp_component_id=02.01.00.00&srp_page_id=&srp_page_title=&navsource=,Rp17.595.000,paket hemat repeater gm3188 frequensi uhf bonus 10 unit ht wln kd c1 siap pakai,,https://p16-images-sign-sg.tokopedia-static.net/tos-alisg-i-aphluv4xwc-sg/img/VqbcmM/2024/9/30/d90d9165-aa24-403b-8677-137b687e29c2.jpg~tplv-aphluv4xwc-white-pad-v1:200:200.webp?lk3s=97278606&x-expires=1783959118&x-signature=3A0mLKR3IWjzxBo4IRmuEErYfzY%3D&x-signature-webp=3A0mLKR3IWjzxBo4IRmuEErYfzY%3D&ect=4g
1783955546893-27,https://www.tokopedia.com/search?st=product&q=repeater%20HT&srp_component_id=02.01.00.00&srp_page_id=&srp_page_title=&navsource=,Rp218.200,sontax cor control repeater ht rpu pancar ulang ht controller relay 1731674164839679349,,https://p16-images-sign-sg.tokopedia-static.net/tos-alisg-i-aphluv4xwc-sg/6b27fd22255a49fe905f5fbe94996132~tplv-aphluv4xwc-white-pad-v1:200:200.webp?lk3s=97278606&x-expires=1783959118&x-signature=M1fHXeUIkia8D3nbrDDzjxw4ilE%3D&x-signature-webp=M1fHXeUIkia8D3nbrDDzjxw4ilE%3D&ect=4g
1783955546893-28,https://www.tokopedia.com/search?st=product&q=repeater%20HT&srp_component_id=02.01.00.00&srp_page_id=&srp_page_title=&navsource=,Rp19.250.000,repeater ekonomis lengkap antena kabel frequensi vhf 136 174mhz bonus 20 unit ht dual band,,https://p16-images-sign-sg.tokopedia-static.net/tos-alisg-i-aphluv4xwc-sg/img/VqbcmM/2024/9/13/8acde587-09a9-4c61-bc34-b08815989dfa.png~tplv-aphluv4xwc-white-pad-v1:200:200.webp?lk3s=97278606&x-expires=1783959118&x-signature=WSt9jqfPGUZ4jbY%2Fg9rvW0hx2Nc%3D&x-signature-webp=WSt9jqfPGUZ4jbY%2Fg9rvW0hx2Nc%3D&ect=4g
1783955546893-29,https://www.tokopedia.com/search?st=product&q=repeater%20HT&srp_component_id=02.01.00.00&srp_page_id=&srp_page_title=&navsource=,Rp15.885.500,repeater paket hemat uhf gm 3188 bonus ht 10 unit ht wln siap pancar,,https://p19-images-sign-sg.tokopedia-static.net/tos-alisg-i-aphluv4xwc-sg/img/VqbcmM/2024/7/1/a31a555d-242b-49a2-afe4-5bb387a584ef.jpg~tplv-aphluv4xwc-white-pad-v1:200:200.webp?lk3s=97278606&x-expires=1783959118&x-signature=r3e6YOrpJ2UK2T0GvBZqoo4e%2BwM%3D&x-signature-webp=r3e6YOrpJ2UK2T0GvBZqoo4e%2BwM%3D&ect=4g
1783955546893-30,https://www.tokopedia.com/search?st=product&q=repeater%20HT&srp_component_id=02.01.00.00&srp_page_id=&srp_page_title=&navsource=,Rp16.267.000,repeater rakitan motorola gm3188 penguat sinyal ht,,https://p16-images-sign-sg.tokopedia-static.net/tos-alisg-i-aphluv4xwc-sg/img/VqbcmM/2021/5/27/7a0e796f-d4e9-451c-b537-a80e5074662d.jpg~tplv-aphluv4xwc-white-pad-v1:200:200.webp?lk3s=97278606&x-expires=1783959118&x-signature=Cx8XmEGtMOyTRcpHRF0CdEiUF9k%3D&x-signature-webp=Cx8XmEGtMOyTRcpHRF0CdEiUF9k%3D&ect=4g
1783955546893-31,https://www.tokopedia.com/search?st=product&q=repeater%20HT&srp_component_id=02.01.00.00&srp_page_id=&srp_page_title=&navsource=,Rp500.000,cor repeater ht rig vhf uhf 1731945618290148635,,https://p16-images-sign-sg.tokopedia-static.net/tos-alisg-i-aphluv4xwc-sg/9e9727a189d748018a9df002c5767407~tplv-aphluv4xwc-white-pad-v1:200:200.webp?lk3s=97278606&x-expires=1783959118&x-signature=jug1SWb4yrXkPrnZyL1kQb7L7PE%3D&x-signature-webp=jug1SWb4yrXkPrnZyL1kQb7L7PE%3D&ect=4g
1783955546893-32,https://www.tokopedia.com/search?st=product&q=repeater%20HT&srp_component_id=02.01.00.00&srp_page_id=&srp_page_title=&navsource=,Rp626.000,new cor vox repeater atau rpu ht atau rig 1730814661546116302,,https://p16-images-sign-sg.tokopedia-static.net/tos-alisg-i-aphluv4xwc-sg/img/hDjmkQ/2025/1/24/908b8dbc-f9cf-46a0-b9c0-4c424e91434d.jpg~tplv-aphluv4xwc-white-pad-v1:200:200.webp?lk3s=97278606&x-expires=1783959118&x-signature=BQNaJ1yOmTbNRbTivAYWOOGgr5w%3D&x-signature-webp=BQNaJ1yOmTbNRbTivAYWOOGgr5w%3D&ect=4g
1783955546893-33,https://www.tokopedia.com/search?st=product&q=repeater%20HT&srp_component_id=02.01.00.00&srp_page_id=&srp_page_title=&navsource=,Rp500.000,cor repeater ht fungsi rakit repeater rpu vhf uhf,,https://p16-images-sign-sg.tokopedia-static.net/tos-alisg-i-aphluv4xwc-sg/50fb943f8c084491b4f46971d7b4aede~tplv-aphluv4xwc-white-pad-v1:200:200.webp?lk3s=97278606&x-expires=1783959118&x-signature=LBBFAEupLWHoN2Gm5Y85B%2F12SLg%3D&x-signature-webp=LBBFAEupLWHoN2Gm5Y85B%2F12SLg%3D&ect=4g
1783955546894-34,https://www.tokopedia.com/search?st=product&q=repeater%20HT&srp_component_id=02.01.00.00&srp_page_id=&srp_page_title=&navsource=,Rp1.000.000,cor repeater fungsi rakit repeater rpu ht rig 1729849842925078420,,https://p16-images-sign-sg.tokopedia-static.net/tos-alisg-i-aphluv4xwc-sg/c1a3ccf5cf1d4e769485c289ec11493f~tplv-aphluv4xwc-white-pad-v1:200:200.webp?lk3s=97278606&x-expires=1783959118&x-signature=55y525dYmAOSBTiphLmEWdWhs5c%3D&x-signature-webp=55y525dYmAOSBTiphLmEWdWhs5c%3D&ect=4g
1783955546894-35,https://www.tokopedia.com/search?st=product&q=repeater%20HT&srp_component_id=02.01.00.00&srp_page_id=&srp_page_title=&navsource=,Rp27.500.000,repeater motorola cdr 500 bekas pakai kondisi siap pancar,,https://p16-images-sign-sg.tokopedia-static.net/tos-alisg-i-aphluv4xwc-sg/img/VqbcmM/2020/11/9/d2afb8bd-d4a6-4dac-b079-b9603539c0c2.jpg~tplv-aphluv4xwc-white-pad-v1:200:200.webp?lk3s=97278606&x-expires=1783959118&x-signature=IiCOjZx83uFlPKU86DJmgVEPTNc%3D&x-signature-webp=IiCOjZx83uFlPKU86DJmgVEPTNc%3D&ect=4g
1783955546894-36,https://www.tokopedia.com/search?st=product&q=repeater%20HT&srp_component_id=02.01.00.00&srp_page_id=&srp_page_title=&navsource=,Rp250.000,cor cos repeater radio pancar ulang rpu sederhana ht china weierwei dl rx tx icmalin,,https://p16-images-sign-sg.tokopedia-static.net/tos-alisg-i-aphluv4xwc-sg/img/VqbcmM/2024/9/13/6fcbd7d5-a813-4196-bbf0-27df9150442a.jpg~tplv-aphluv4xwc-white-pad-v1:200:200.webp?lk3s=97278606&x-expires=1783959118&x-signature=UFvc5IQhVBk2ba7djWBPsI63IAo%3D&x-signature-webp=UFvc5IQhVBk2ba7djWBPsI63IAo%3D&ect=4g
1783955546894-37,https://www.tokopedia.com/search?st=product&q=repeater%20HT&srp_component_id=02.01.00.00&srp_page_id=&srp_page_title=&navsource=,Rp630.000,cos cor repeater rpu dua arah bolak balik untuk rig dan ht,,https://p16-images-sign-sg.tokopedia-static.net/tos-alisg-i-aphluv4xwc-sg/img/VqbcmM/2024/3/4/dd7b263d-7a51-4aba-a439-f3b6137109a7.png~tplv-aphluv4xwc-white-pad-v1:200:200.webp?lk3s=97278606&x-expires=1783959118&x-signature=ebO%2FViTUR2KV%2BCwBpeyk%2F4dUt0E%3D&x-signature-webp=ebO%2FViTUR2KV%2BCwBpeyk%2F4dUt0E%3D&ect=4g
1783955546894-38,https://www.tokopedia.com/search?st=product&q=repeater%20HT&srp_component_id=02.01.00.00&srp_page_id=&srp_page_title=&navsource=,Rp3.000.000,repeater pancar ulang radio motorola gm120 gm300 uhf vhf 1731865587970508490,,https://p16-images-sign-sg.tokopedia-static.net/tos-alisg-i-aphluv4xwc-sg/91968b511edd4973819b91464db0e5f2~tplv-aphluv4xwc-white-pad-v1:200:200.webp?lk3s=97278606&x-expires=1783959118&x-signature=HqViZ9Ga98LoveIN8MJt44ZLYsI%3D&x-signature-webp=HqViZ9Ga98LoveIN8MJt44ZLYsI%3D&ect=4g
1783955546894-39,https://www.tokopedia.com/search?st=product&q=repeater%20HT&srp_component_id=02.01.00.00&srp_page_id=&srp_page_title=&navsource=,Rp950.000,2in1 radio gateway plus cos repeater khusus motorola dan ht ber cos,,https://p16-images-sign-sg.tokopedia-static.net/tos-alisg-i-aphluv4xwc-sg/img/VqbcmM/2024/1/13/637bc01c-ce6a-430d-b95e-f6fc3773f359.png~tplv-aphluv4xwc-white-pad-v1:200:200.webp?lk3s=97278606&x-expires=1783959118&x-signature=zBVy%2FjDPIKagcVYhQrqLojh1B0w%3D&x-signature-webp=zBVy%2FjDPIKagcVYhQrqLojh1B0w%3D&ect=4g
1783955546894-40,https://www.tokopedia.com/search?st=product&q=repeater%20HT&srp_component_id=02.01.00.00&srp_page_id=&srp_page_title=&navsource=,Rp23.372.500,paketan repeater motorola analog uhf gm 3188 antena dan kabel link gateway poc zello bonus 10 unit ht wln siap pancar 1732312921249384393,,https://p19-images-sign-sg.tokopedia-static.net/tos-alisg-i-aphluv4xwc-sg/ad609ef2a35e4b789f36ec27fe06873f~tplv-aphluv4xwc-white-pad-v1:200:200.webp?lk3s=97278606&x-expires=1783959118&x-signature=HVu8l4cjfgnebmDwQ72U5CxnjR8%3D&x-signature-webp=HVu8l4cjfgnebmDwQ72U5CxnjR8%3D&ect=4g
1783955546894-41,https://www.tokopedia.com/search?st=product&q=repeater%20HT&srp_component_id=02.01.00.00&srp_page_id=&srp_page_title=&navsource=,Rp14.999.000,repeater ripiter motorola cdr 700 uhf 400 murah poll,,https://p16-images-sign-sg.tokopedia-static.net/tos-alisg-i-aphluv4xwc-sg/img/VqbcmM/2022/8/26/2ddcdc82-ab35-40b5-9645-af0cc4240932.jpg~tplv-aphluv4xwc-white-pad-v1:200:200.webp?lk3s=97278606&x-expires=1783959118&x-signature=uG9A2iVTbKEW7ivaBGG%2FoTjdpAU%3D&x-signature-webp=uG9A2iVTbKEW7ivaBGG%2FoTjdpAU%3D&ect=4g
1783955546894-42,https://www.tokopedia.com/search?st=product&q=repeater%20HT&srp_component_id=02.01.00.00&srp_page_id=&srp_page_title=&navsource=,Rp46.089.000,penguat radio komunikasi motorola slr 5300 untuk base station komunikasi 1731521734927811856,,https://p16-images-sign-sg.tokopedia-static.net/tos-alisg-i-aphluv4xwc-sg/img/attachment/2019/4/24/155611500637195/155611500637195_709536e1-1acc-4890-9dfb-8003bca74c54.png~tplv-aphluv4xwc-white-pad-v1:200:200.webp?lk3s=97278606&x-expires=1783959118&x-signature=cVDvOlZS50RKEfmlnVFrqynh8FI%3D&x-signature-webp=cVDvOlZS50RKEfmlnVFrqynh8FI%3D&ect=4g
1783955546894-43,https://www.tokopedia.com/search?st=product&q=repeater%20HT&srp_component_id=02.01.00.00&srp_page_id=&srp_page_title=&navsource=,Rp90.000,cor repeater ht rig fungsi rakit rpu rapi orari,,https://p16-images-sign-sg.tokopedia-static.net/tos-alisg-i-aphluv4xwc-sg/e99ff9e4c6ec434690c7ff2498f0bbef~tplv-aphluv4xwc-white-pad-v1:200:200.webp?lk3s=97278606&x-expires=1783959118&x-signature=%2BpGnOsNr7lXmT2Rg1JsDAbC3gwY%3D&x-signature-webp=%2BpGnOsNr7lXmT2Rg1JsDAbC3gwY%3D&ect=4g
1783955546894-44,https://www.tokopedia.com/search?st=product&q=repeater%20HT&srp_component_id=02.01.00.00&srp_page_id=&srp_page_title=&navsource=,Rp38.500.000,repeater motorola cdr 500 bekas original repeater cdr500 vhf uhf vhf 60e01,,https://p16-images-sign-sg.tokopedia-static.net/tos-alisg-i-aphluv4xwc-sg/img/VqbcmM/2023/10/26/fcbda60d-c55d-41d1-b9c1-2cf8bfb269cf.png~tplv-aphluv4xwc-white-pad-v1:200:200.webp?lk3s=97278606&x-expires=1783959118&x-signature=xuoYyipU%2Blf6ZIv0fFbFqRHJEFE%3D&x-signature-webp=xuoYyipU%2Blf6ZIv0fFbFqRHJEFE%3D&ect=4g
1783955546894-45,https://www.tokopedia.com/search?st=product&q=repeater%20HT&srp_component_id=02.01.00.00&srp_page_id=&srp_page_title=&navsource=,Rp17.120.000,repeater v300 vhf uhf vev repeater v 300 vev 1732023944577713360,,https://p16-images-sign-sg.tokopedia-static.net/tos-alisg-i-aphluv4xwc-sg/2d085c20f67243fdb46e0f67b3677e0b~tplv-aphluv4xwc-white-pad-v1:200:200.webp?lk3s=97278606&x-expires=1783959118&x-signature=OxmmUmVN08o7Qdf7oX7ZuiGQlEk%3D&x-signature-webp=OxmmUmVN08o7Qdf7oX7ZuiGQlEk%3D&ect=4g
1783955546894-46,https://www.tokopedia.com/search?st=product&q=repeater%20HT&srp_component_id=02.01.00.00&srp_page_id=&srp_page_title=&navsource=,Rp500.000,filter repeater ht vhf,,https://p16-images-sign-sg.tokopedia-static.net/tos-alisg-i-aphluv4xwc-sg/b6e96f52a69840a5bb34e53feb785562~tplv-aphluv4xwc-white-pad-v1:200:200.webp?lk3s=97278606&x-expires=1783959118&x-signature=IyXGXa8879SlxUL%2BNVlam611C%2BM%3D&x-signature-webp=IyXGXa8879SlxUL%2BNVlam611C%2BM%3D&ect=4g
1783955546894-47,https://www.tokopedia.com/search?st=product&q=repeater%20HT&srp_component_id=02.01.00.00&srp_page_id=&srp_page_title=&navsource=,Rp9.950.000,repeater motorola rakitan uhf 1731844495104443837,,https://p16-images-sign-sg.tokopedia-static.net/tos-alisg-i-aphluv4xwc-sg/img/VqbcmM/2020/9/30/d978a022-f598-485b-817d-0ab482c757a6.jpg~tplv-aphluv4xwc-white-pad-v1:200:200.webp?lk3s=97278606&x-expires=1783959118&x-signature=iovPVLf%2BeNnm9UffpHcnR7qDdcU%3D&x-signature-webp=iovPVLf%2BeNnm9UffpHcnR7qDdcU%3D&ect=4g
1783955546894-48,https://www.tokopedia.com/search?st=product&q=repeater%20HT&srp_component_id=02.01.00.00&srp_page_id=&srp_page_title=&navsource=,Rp35.015.000,repeater ht premium box original 1731521732476568848,,https://p16-images-sign-sg.tokopedia-static.net/tos-alisg-i-aphluv4xwc-sg/img/attachment/2018/11/22/154285779394989/154285779394989_68602b17-5e8e-4933-8ceb-9721e3ad76b4.png~tplv-aphluv4xwc-white-pad-v1:200:200.webp?lk3s=97278606&x-expires=1783959118&x-signature=P%2BMV5eBMl81pWe3QE5CDSiISmMo%3D&x-signature-webp=P%2BMV5eBMl81pWe3QE5CDSiISmMo%3D&ect=4g
1783955546894-49,https://www.tokopedia.com/search?st=product&q=repeater%20HT&srp_component_id=02.01.00.00&srp_page_id=&srp_page_title=&navsource=,Rp90.000,cor repeater ht sederhana 1731945561926305051,,https://p16-images-sign-sg.tokopedia-static.net/tos-alisg-i-aphluv4xwc-sg/92be5796180d4c9d881f99cde1ef77be~tplv-aphluv4xwc-white-pad-v1:200:200.webp?lk3s=97278606&x-expires=1783959118&x-signature=C67Unz2TlzIlv%2BMGM4MJWlTICoQ%3D&x-signature-webp=C67Unz2TlzIlv%2BMGM4MJWlTICoQ%3D&ect=4g
1783955546894-50,https://www.tokopedia.com/search?st=product&q=repeater%20HT&srp_component_id=02.01.00.00&srp_page_id=&srp_page_title=&navsource=,Rp33.250.000,repeater motorola cdr500 lengkap plus setting 1731318811438057471,,https://p16-images-sign-sg.tokopedia-static.net/tos-alisg-i-aphluv4xwc-sg/img/VqbcmM/2025/5/2/a14d175c-d0fe-42dc-8a58-d9e3ae089164.jpg~tplv-aphluv4xwc-white-pad-v1:200:200.webp?lk3s=97278606&x-expires=1783959118&x-signature=XgPfrzWLtclN%2FuEDW42p76y%2FJvQ%3D&x-signature-webp=XgPfrzWLtclN%2FuEDW42p76y%2FJvQ%3D&ect=4g
1783955546894-52,https://www.tokopedia.com/search?st=product&q=repeater%20HT&srp_component_id=02.01.00.00&srp_page_id=&srp_page_title=&navsource=,Rp10.353.000,beifeng walkie talkie repeater uhf vhf 10watt 64ch analog radio repeater solution with built in duplexer 1733017340322677815,,https://p16-images-sign-sg.tokopedia-static.net/tos-alisg-i-aphluv4xwc-sg/b92e8633d8af458296350a36f4ca546f~tplv-aphluv4xwc-white-pad-v1:200:200.webp?lk3s=97278606&x-expires=1783959118&x-signature=GWmVDwi0Lc2uath3kTM2FsU0r4k%3D&x-signature-webp=GWmVDwi0Lc2uath3kTM2FsU0r4k%3D&ect=4g
1783955546894-53,https://www.tokopedia.com/search?st=product&q=repeater%20HT&srp_component_id=02.01.00.00&srp_page_id=&srp_page_title=&navsource=,Rp9.750.000,repeater motorola gm338 50 watt vhf model terbaru terlaris dan terbukti kwalitasnya,,https://p16-images-sign-sg.tokopedia-static.net/tos-alisg-i-aphluv4xwc-sg/img/VqbcmM/2024/7/15/30d46630-814a-43b6-b0f6-7014c9a54ede.jpg~tplv-aphluv4xwc-white-pad-v1:200:200.webp?lk3s=97278606&x-expires=1783959118&x-signature=Xc9N58icxDUZltn1Aof0TOY8PH4%3D&x-signature-webp=Xc9N58icxDUZltn1Aof0TOY8PH4%3D&ect=4g
1783955546894-54,https://www.tokopedia.com/search?st=product&q=repeater%20HT&srp_component_id=02.01.00.00&srp_page_id=&srp_page_title=&navsource=,Rp24.000.000,repeater icom fr5000 digital analog vhf uhf 1731097980987671677,,https://p16-images-sign-sg.tokopedia-static.net/tos-alisg-i-aphluv4xwc-sg/99418f4d559a4cc78f2dcc4ab9164f80~tplv-aphluv4xwc-white-pad-v1:200:200.webp?lk3s=97278606&x-expires=1783959118&x-signature=ybPuR2KVl0XUftnfO%2BIAsleEGD0%3D&x-signature-webp=ybPuR2KVl0XUftnfO%2BIAsleEGD0%3D&ect=4g
1783955546894-55,https://www.tokopedia.com/search?st=product&q=repeater%20HT&srp_component_id=02.01.00.00&srp_page_id=&srp_page_title=&navsource=,Rp27.000.000,repeater motorola cdr 700 frek vhf uhf mitra sejahtera,,https://p16-images-sign-sg.tokopedia-static.net/tos-alisg-i-aphluv4xwc-sg/img/product-1/2015/3/22/218686/218686_e89c356c-d090-11e4-95e9-bd4987772fba.jpg~tplv-aphluv4xwc-white-pad-v1:200:200.webp?lk3s=97278606&x-expires=1783959118&x-signature=dUba8%2FJkvhu1nWZg8Z5IJm1m5p0%3D&x-signature-webp=dUba8%2FJkvhu1nWZg8Z5IJm1m5p0%3D&ect=4g
1783955546894-56,https://www.tokopedia.com/search?st=product&q=repeater%20HT&srp_component_id=02.01.00.00&srp_page_id=&srp_page_title=&navsource=,Rp3.750.000,repeater motorola uhf repeater radio komunikasi motorola gm 950 jual,,https://p19-images-sign-sg.tokopedia-static.net/tos-alisg-i-aphluv4xwc-sg/img/VqbcmM/2023/1/17/d9a137c3-d13d-461d-82af-e869b4e12a3a.jpg~tplv-aphluv4xwc-white-pad-v1:200:200.webp?lk3s=97278606&x-expires=1783959118&x-signature=kG3WyitnmNCA6us3cMSun0GOiKM%3D&x-signature-webp=kG3WyitnmNCA6us3cMSun0GOiKM%3D&ect=4g
1783955546894-57,https://www.tokopedia.com/search?st=product&q=repeater%20HT&srp_component_id=02.01.00.00&srp_page_id=&srp_page_title=&navsource=,Rp42.750.000,repeater motorola slr5300 vhf 350 uhf,,https://p16-images-sign-sg.tokopedia-static.net/tos-alisg-i-aphluv4xwc-sg/img/product-1/2020/5/29/6567909/6567909_6afc22ac-b591-473b-bb26-0a9dcb74d020_720_720.jpg~tplv-aphluv4xwc-white-pad-v1:200:200.webp?lk3s=97278606&x-expires=1783959118&x-signature=LxtL9nSUKh7VkwGJ4PJ6BHo3hnc%3D&x-signature-webp=LxtL9nSUKh7VkwGJ4PJ6BHo3hnc%3D&ect=4g
1783955546894-58,https://www.tokopedia.com/search?st=product&q=repeater%20HT&srp_component_id=02.01.00.00&srp_page_id=&srp_page_title=&navsource=,Rp45.500.000,repeater motorola cdr 500 frek vhf uhf mitra sejahtera,,https://p16-images-sign-sg.tokopedia-static.net/tos-alisg-i-aphluv4xwc-sg/img/product-1/2015/3/22/218686/218686_b6ad0676-d090-11e4-9543-964a87772fba.jpg~tplv-aphluv4xwc-white-pad-v1:200:200.webp?lk3s=97278606&x-expires=1783959118&x-signature=SjJaOSiHt9LmDSMSkJi20Mtx92g%3D&x-signature-webp=SjJaOSiHt9LmDSMSkJi20Mtx92g%3D&ect=4g
1783955546894-60,https://www.tokopedia.com/search?st=product&q=repeater%20HT&srp_component_id=02.01.00.00&srp_page_id=&srp_page_title=&navsource=,Rp8.850.000,repeater repiter pancar ulang radio rig ht motorola gm3688 vhf 25 45,,https://p16-images-sign-sg.tokopedia-static.net/tos-alisg-i-aphluv4xwc-sg/img/VqbcmM/2024/5/3/6309b058-fbdd-427a-82ce-fac6efa6e99f.jpg~tplv-aphluv4xwc-white-pad-v1:200:200.webp?lk3s=97278606&x-expires=1783959118&x-signature=hPHzl%2BpiUzpahN1lxtYsBj2KH3E%3D&x-signature-webp=hPHzl%2BpiUzpahN1lxtYsBj2KH3E%3D&ect=4g
1783955708881-1,https://www.tokopedia.com/search?st=product&q=HT%20MOTOROLA&srp_component_id=02.01.00.00&srp_page_id=&srp_page_title=&navsource=,Rp430.000,ht motorola x8 10w sambungan jarak jauh radio portabel 10km,,https://p16-images-sign-sg.tokopedia-static.net/tos-alisg-i-aphluv4xwc-sg/img/VqbcmM/2023/8/12/348a5f6e-86ad-4b0c-9f4c-260bb2a82101.jpg~tplv-aphluv4xwc-white-pad-v1:200:200.webp?lk3s=97278606&x-expires=1783959216&x-signature=rotY9HcftKg6rAkoj1UtLYzZf%2Fg%3D&x-signature-webp=rotY9HcftKg6rAkoj1UtLYzZf%2Fg%3D&ect=4g
1783955708881-2,https://www.tokopedia.com/search?st=product&q=HT%20MOTOROLA&srp_component_id=02.01.00.00&srp_page_id=&srp_page_title=&navsource=,Rp541.000,ht motorola 370s 15w asli 20km pemasangan satu tombol,,https://p16-images-sign-sg.tokopedia-static.net/tos-alisg-i-aphluv4xwc-sg/img/VqbcmM/2023/8/12/0e0a028e-e3af-45e2-9aaf-6d974c090647.jpg~tplv-aphluv4xwc-white-pad-v1:200:200.webp?lk3s=97278606&x-expires=1783959216&x-signature=Omi3yCIx%2FVB1bmsaP9AeBjjAkEU%3D&x-signature-webp=Omi3yCIx%2FVB1bmsaP9AeBjjAkEU%3D&ect=4g
1783955708881-3,https://www.tokopedia.com/search?st=product&q=HT%20MOTOROLA&srp_component_id=02.01.00.00&srp_page_id=&srp_page_title=&navsource=,Rp450.000,ht motorola two way radio walkie talkie long range 20km gp3188 vhf radio high power 10watt high capacity 4800mah ip54 tahan air original motorola walkie talkies suitable for outdoor hotel school construction site 1730939426692236456,,https://p16-images-sign-sg.tokopedia-static.net/tos-alisg-i-aphluv4xwc-sg/img/VqbcmM/2025/3/1/779403ee-b504-445b-8965-2a864662b2e8.jpg~tplv-aphluv4xwc-white-pad-v1:200:200.webp?lk3s=97278606&x-expires=1783959216&x-signature=b2P8ksezOQICLDNc2EI%2FTZ25Li0%3D&x-signature-webp=b2P8ksezOQICLDNc2EI%2FTZ25Li0%3D&ect=4g
1783955708882-4,https://www.tokopedia.com/search?st=product&q=HT%20MOTOROLA&srp_component_id=02.01.00.00&srp_page_id=&srp_page_title=&navsource=,Rp597.000,ht motorola gp338 plus walkie talkie gp 338 plus radio 15w anti air jarak jauh 20km,,https://p19-images-sign-sg.tokopedia-static.net/tos-alisg-i-aphluv4xwc-sg/img/VqbcmM/2024/6/28/79fefde0-9959-4afc-b59e-ba188ee4f648.jpg~tplv-aphluv4xwc-white-pad-v1:200:200.webp?lk3s=97278606&x-expires=1783959216&x-signature=7G0qj0PA2lLw5t7Y%2Bmagx3lQrsY%3D&x-signature-webp=7G0qj0PA2lLw5t7Y%2Bmagx3lQrsY%3D&ect=4g
1783955708882-5,https://www.tokopedia.com/search?st=product&q=HT%20MOTOROLA&srp_component_id=02.01.00.00&srp_page_id=&srp_page_title=&navsource=,Rp306.000,2pcs ht motorola walkie talkie long range 5km mt918 high power 30w high capacity 29800mah 16 channels two way radio military small steel cannon automatic intercom ip54 walkie talkie waterproof mini construction site outdoor wireless handheld self driving hijau b6add,Mall,https://p16-images-sign-sg.tokopedia-static.net/tos-alisg-i-aphluv4xwc-sg/img/VqbcmM/2024/11/8/a5c43b49-cdf0-4a7c-9dfc-eaac873815a1.jpg~tplv-aphluv4xwc-white-pad-v1:200:200.webp?lk3s=97278606&x-expires=1783959216&x-signature=2tQh6G5E71GSyHIJZfTVXpKrmKU%3D&x-signature-webp=2tQh6G5E71GSyHIJZfTVXpKrmKU%3D&ect=4g
1783955708882-6,https://www.tokopedia.com/search?st=product&q=HT%20MOTOROLA&srp_component_id=02.01.00.00&srp_page_id=&srp_page_title=&navsource=,Rp438.000,ht motorola radio x8 walkie talkie jarak jauh 256 saluran radio 10w,,https://p16-images-sign-sg.tokopedia-static.net/tos-alisg-i-aphluv4xwc-sg/img/VqbcmM/2023/8/10/0d3925d5-6e25-4087-9abd-91bb1ce4bbba.jpg~tplv-aphluv4xwc-white-pad-v1:200:200.webp?lk3s=97278606&x-expires=1783959216&x-signature=CT490Ql8mZE%2Bc%2B2eo9vDlN9Qsbc%3D&x-signature-webp=CT490Ql8mZE%2Bc%2B2eo9vDlN9Qsbc%3D&ect=4g
1783955708882-7,https://www.tokopedia.com/search?st=product&q=HT%20MOTOROLA&srp_component_id=02.01.00.00&srp_page_id=&srp_page_title=&navsource=,Rp575.000,ht radio walkie talkie dua arah motorola dp4600 15watt jarak jauh 20km dual band 199chs ip54 tahan air,,https://p16-images-sign-sg.tokopedia-static.net/tos-alisg-i-aphluv4xwc-sg/img/VqbcmM/2024/9/16/0878f818-b32d-441c-9f54-304a3332397c.jpg~tplv-aphluv4xwc-white-pad-v1:200:200.webp?lk3s=97278606&x-expires=1783959216&x-signature=FAKhxeLb0fPUV2XOqof%2BH%2FoWE0U%3D&x-signature-webp=FAKhxeLb0fPUV2XOqof%2BH%2FoWE0U%3D&ect=4g
1783955708882-8,https://www.tokopedia.com/search?st=product&q=HT%20MOTOROLA&srp_component_id=02.01.00.00&srp_page_id=&srp_page_title=&navsource=,Rp400.000,ht motorola t82 walkie talkie jarak jauh 10km 16 channels k headset transceiver 10watt high power 9800mah two way radio original motorola 1730916621788546216,,https://p19-images-sign-sg.tokopedia-static.net/tos-alisg-i-aphluv4xwc-sg/img/VqbcmM/2025/2/25/a3bc0ace-4eb4-43bd-9b31-00037ba88b83.jpg~tplv-aphluv4xwc-white-pad-v1:200:200.webp?lk3s=97278606&x-expires=1783959216&x-signature=SfIhbBCbr4PoV5F3EKcLcHA7iXI%3D&x-signature-webp=SfIhbBCbr4PoV5F3EKcLcHA7iXI%3D&ect=4g
1783955708882-9,https://www.tokopedia.com/search?st=product&q=HT%20MOTOROLA&srp_component_id=02.01.00.00&srp_page_id=&srp_page_title=&navsource=,Rp448.000,free headset motorola hx 380 walkie talkie high power 10w uv dual green 0f479,,https://p16-images-sign-sg.tokopedia-static.net/tos-alisg-i-aphluv4xwc-sg/img/hDjmkQ/2024/6/8/22566d7c-282a-45c4-be96-ba95e12e042e.jpg~tplv-aphluv4xwc-white-pad-v1:200:200.webp?lk3s=97278606&x-expires=1783959216&x-signature=qERcHMXk2eMjq%2FXPZRcYnORFizg%3D&x-signature-webp=qERcHMXk2eMjq%2FXPZRcYnORFizg%3D&ect=4g
1783955708882-10,https://www.tokopedia.com/search?st=product&q=HT%20MOTOROLA&srp_component_id=02.01.00.00&srp_page_id=&srp_page_title=&navsource=,Rp418.000,motorola walkie talkie maritim 10w frequency copy tahan air ip54 ht radio gp3188 handy talky vhf 1730997932971426924,,https://p16-images-sign-sg.tokopedia-static.net/tos-alisg-i-aphluv4xwc-sg/img/VqbcmM/2025/3/11/da331ba1-2761-469c-96d2-f6b4a2668fdc.jpg~tplv-aphluv4xwc-white-pad-v1:200:200.webp?lk3s=97278606&x-expires=1783959216&x-signature=aO3UTEpE9V5Vy%2BPujiYPKk5I0I8%3D&x-signature-webp=aO3UTEpE9V5Vy%2BPujiYPKk5I0I8%3D&ect=4g
1783955708882-11,https://www.tokopedia.com/search?st=product&q=HT%20MOTOROLA&srp_component_id=02.01.00.00&srp_page_id=&srp_page_title=&navsource=,Rp481.000,ht motorola a10 motorola handy talky radio ht 10watt ip54 9800mah antena radio ht two way radio ht walkie talkie walky handy talky motorola satu pasang,,https://p16-images-sign-sg.tokopedia-static.net/tos-alisg-i-aphluv4xwc-sg/img/VqbcmM/2025/1/7/8b122c7c-7a1c-481d-8b02-7593d933d9ad.jpg~tplv-aphluv4xwc-white-pad-v1:200:200.webp?lk3s=97278606&x-expires=1783959216&x-signature=G8fDC1nmrGxHRUHV9qWbL4s0ls8%3D&x-signature-webp=G8fDC1nmrGxHRUHV9qWbL4s0ls8%3D&ect=4g
1783955708882-12,https://www.tokopedia.com/search?st=product&q=HT%20MOTOROLA&srp_component_id=02.01.00.00&srp_page_id=&srp_page_title=&navsource=,Rp489.000,ht motorola a10 walkie talkie mini two way radio 10w 199 channels radio 10km lp54waterproof uhf 400 520mhz handy talky 2unit e324e,,https://p16-images-sign-sg.tokopedia-static.net/tos-alisg-i-aphluv4xwc-sg/img/VqbcmM/2024/11/15/2b46cc13-6460-40a3-85d2-f17cf561dc12.jpg~tplv-aphluv4xwc-white-pad-v1:200:200.webp?lk3s=97278606&x-expires=1783959216&x-signature=kY9NzAmXA7T0U2hYfJvc7wzIjyU%3D&x-signature-webp=kY9NzAmXA7T0U2hYfJvc7wzIjyU%3D&ect=4g
1783955708882-13,https://www.tokopedia.com/search?st=product&q=HT%20MOTOROLA&srp_component_id=02.01.00.00&srp_page_id=&srp_page_title=&navsource=,Rp615.000,ip68 super tahan air motorola 410s walkie talkie 15w ht radio dua arah 999ch noaa peringatan cuaca mendaki gunung petualangan 1733109468238349420,,https://p16-images-sign-sg.tokopedia-static.net/tos-alisg-i-aphluv4xwc-sg/67c7a558b555451d90bf6b25f92f4ed8~tplv-aphluv4xwc-white-pad-v1:200:200.webp?lk3s=97278606&x-expires=1783959216&x-signature=keDs5V7V8aimSRAAUGWmEwrwIE4%3D&x-signature-webp=keDs5V7V8aimSRAAUGWmEwrwIE4%3D&ect=4g
1783955708882-14,https://www.tokopedia.com/search?st=product&q=HT%20MOTOROLA&srp_component_id=02.01.00.00&srp_page_id=&srp_page_title=&navsource=,Rp775.000,ht motorola gt12 plus dualband 1731637586433312570,,https://p16-images-sign-sg.tokopedia-static.net/tos-alisg-i-aphluv4xwc-sg/img/VqbcmM/2025/5/31/7c534e97-3b08-4267-8787-0156fad3903c.jpg~tplv-aphluv4xwc-white-pad-v1:200:200.webp?lk3s=97278606&x-expires=1783959216&x-signature=6PX7uNXU5F1Wb8ZPfj0UAj4Fbwg%3D&x-signature-webp=6PX7uNXU5F1Wb8ZPfj0UAj4Fbwg%3D&ect=4g
1783955708882-15,https://www.tokopedia.com/search?st=product&q=HT%20MOTOROLA&srp_component_id=02.01.00.00&srp_page_id=&srp_page_title=&navsource=,Rp525.000,ht motorola hx 370s dualband 1731935596334319418,,https://p16-images-sign-sg.tokopedia-static.net/tos-alisg-i-aphluv4xwc-sg/4187b96fa238421fb98f248ac84cdec5~tplv-aphluv4xwc-white-pad-v1:200:200.webp?lk3s=97278606&x-expires=1783959216&x-signature=o4IX7hoJ7ZH4jXVfq12czZApD4Y%3D&x-signature-webp=o4IX7hoJ7ZH4jXVfq12czZApD4Y%3D&ect=4g
1783955708882-16,https://www.tokopedia.com/search?st=product&q=HT%20MOTOROLA&srp_component_id=02.01.00.00&srp_page_id=&srp_page_title=&navsource=,Rp917.000,ht motorola gt12 radio dua arah walkie talkie jarak jauh 25km daya tinggi 20w 6800mah kapasitas tinggi radio fm am portabel walkie talkie 199 saluran type c biaya ip67 tahan air tahan debu cocok untuk luar ruangan hotel sekolah,,https://p16-images-sign-sg.tokopedia-static.net/tos-alisg-i-aphluv4xwc-sg/img/VqbcmM/2024/6/29/251d5b19-ea5b-47b8-85d7-05cdaf7ce4b4.jpg~tplv-aphluv4xwc-white-pad-v1:200:200.webp?lk3s=97278606&x-expires=1783959216&x-signature=Q%2BKSAUYHNXlXWnyDu5w%2F3VfW0VM%3D&x-signature-webp=Q%2BKSAUYHNXlXWnyDu5w%2F3VfW0VM%3D&ect=4g
1783955708882-17,https://www.tokopedia.com/search?st=product&q=HT%20MOTOROLA&srp_component_id=02.01.00.00&srp_page_id=&srp_page_title=&navsource=,Rp570.000,ht radio motorola walkie talkie gp360 outdoor uhf vhf mini jarak jauh 15km fm radio tahan air ip54 1731047464443610831,ORI,https://p16-images-sign-sg.tokopedia-static.net/tos-alisg-i-aphluv4xwc-sg/img/VqbcmM/2025/4/25/08520251-5ca2-4df3-b6e5-48a3a6ec9937.jpg~tplv-aphluv4xwc-white-pad-v1:200:200.webp?lk3s=97278606&x-expires=1783959216&x-signature=9OmIz%2BF0owGWTxqe1GyLTqS1xRE%3D&x-signature-webp=9OmIz%2BF0owGWTxqe1GyLTqS1xRE%3D&ect=4g
1783955708882-18,https://www.tokopedia.com/search?st=product&q=HT%20MOTOROLA&srp_component_id=02.01.00.00&srp_page_id=&srp_page_title=&navsource=,Rp350.000,ht motorola x8 alternatif ht weircom postel barcode 1732145728563676230,,https://p16-images-sign-sg.tokopedia-static.net/tos-alisg-i-aphluv4xwc-sg/0c87a25a0ac6407eba5a8d81da07abbe~tplv-aphluv4xwc-white-pad-v1:200:200.webp?lk3s=97278606&x-expires=1783959216&x-signature=Cwmx6gD%2B7Hm5ZrefMDhK1D2eH3I%3D&x-signature-webp=Cwmx6gD%2B7Hm5ZrefMDhK1D2eH3I%3D&ect=4g
1783955708883-19,https://www.tokopedia.com/search?st=product&q=HT%20MOTOROLA&srp_component_id=02.01.00.00&srp_page_id=&srp_page_title=&navsource=,Rp369.000,ht motorola c51 walkie talkie mini 16 saluran radio jarak jauh 10km tahan air uhf 400 470mhz 2 8 buah handy talky usb charge ip54 2 unit f1a0a,,https://p16-images-sign-sg.tokopedia-static.net/tos-alisg-i-aphluv4xwc-sg/img/VqbcmM/2024/6/28/bae00297-1b50-436a-991a-7c3314ce2a0e.jpg~tplv-aphluv4xwc-white-pad-v1:200:200.webp?lk3s=97278606&x-expires=1783959216&x-signature=vjZmpseLW3OC1ixgewoHj7D%2FivM%3D&x-signature-webp=vjZmpseLW3OC1ixgewoHj7D%2FivM%3D&ect=4g
1783955708883-20,https://www.tokopedia.com/search?st=product&q=HT%20MOTOROLA&srp_component_id=02.01.00.00&srp_page_id=&srp_page_title=&navsource=,Rp1.712.788,ht motorola gt10 walkie talkie output 20w long range radio radio dual channel 6800 slot baterai diperbarui u v band ganda 136 174 400 470mhz radio ip54 waterproof tahan debu tahan kejutan tahan kejutan debu water 1732528782722828017,,https://p16-images-sign-sg.tokopedia-static.net/tos-alisg-i-aphluv4xwc-sg/0ebc6dd142734019a0f5911e474f4acc~tplv-aphluv4xwc-white-pad-v1:200:200.webp?lk3s=97278606&x-expires=1783959216&x-signature=Ar8d%2B6JcI3Dqr0vwYyAwIPO%2FLxo%3D&x-signature-webp=Ar8d%2B6JcI3Dqr0vwYyAwIPO%2FLxo%3D&ect=4g
1783955708883-21,https://www.tokopedia.com/search?st=product&q=HT%20MOTOROLA&srp_component_id=02.01.00.00&srp_page_id=&srp_page_title=&navsource=,Rp650.000,motorola ht walkie talkie hx370s original dengan baterai 6800mah power 15w dual band ip54 tahan air paket lengkap untuk komunikasi jarak jauh 1729984393742419441,,https://p16-images-sign-sg.tokopedia-static.net/tos-alisg-i-aphluv4xwc-sg/img/VqbcmM/2024/9/12/322f5597-1e90-4e68-bfea-e75a6d0758ac.jpg~tplv-aphluv4xwc-white-pad-v1:200:200.webp?lk3s=97278606&x-expires=1783959216&x-signature=QntgjTyjDffcf%2BYm1QuzTOt0tvo%3D&x-signature-webp=QntgjTyjDffcf%2BYm1QuzTOt0tvo%3D&ect=4g
1783955708883-22,https://www.tokopedia.com/search?st=product&q=HT%20MOTOROLA&srp_component_id=02.01.00.00&srp_page_id=&srp_page_title=&navsource=,Rp430.000,ht motorola x8 two way radio walkie talkie jarak jauh 20km daya tinggi 10w 200 saluran radio fm portabel walkie talkie frekuensi penerbangan berkapasitas tinggi 5500mah led type c ip54 tahan air tahan debu cocok untuk luar ruangan hotel,,https://p19-images-sign-sg.tokopedia-static.net/tos-alisg-i-aphluv4xwc-sg/img/VqbcmM/2024/6/29/a5388866-5a2c-4b54-bc65-e321d1e75faf.jpg~tplv-aphluv4xwc-white-pad-v1:200:200.webp?lk3s=97278606&x-expires=1783959216&x-signature=K4twvhFaLDshZsNc7r8RutQE8jg%3D&x-signature-webp=K4twvhFaLDshZsNc7r8RutQE8jg%3D&ect=4g
1783955708883-23,https://www.tokopedia.com/search?st=product&q=HT%20MOTOROLA&srp_component_id=02.01.00.00&srp_page_id=&srp_page_title=&navsource=,Rp645.500,motorola ht x9 walkie talkie original 15w anti air jarak jauh 50km dual band fm radio dengan lampu senter ip54 tahan air dan usb charging 1729818192868312694,,https://p16-images-sign-sg.tokopedia-static.net/tos-alisg-i-aphluv4xwc-sg/img/hDjmkQ/2024/12/31/5dbc0e37-53e0-44cc-b902-c72156f7a6b3.jpg~tplv-aphluv4xwc-white-pad-v1:200:200.webp?lk3s=97278606&x-expires=1783959216&x-signature=a%2FztKfoLdXJdTx%2FjFojq52mDW8I%3D&x-signature-webp=a%2FztKfoLdXJdTx%2FjFojq52mDW8I%3D&ect=4g
1783955708883-24,https://www.tokopedia.com/search?st=product&q=HT%20MOTOROLA&srp_component_id=02.01.00.00&srp_page_id=&srp_page_title=&navsource=,Rp590.000,ht motorola t68 network poc walkie talkie 5000km unlimited distance two way radio zello gps location cod 3000mah type c charging walkie talkies suitable for outdoor hotel school construction site 1730864367510979752,,https://p16-images-sign-sg.tokopedia-static.net/tos-alisg-i-aphluv4xwc-sg/img/VqbcmM/2025/2/14/4f20140d-02c4-4105-a68b-949851d01881.jpg~tplv-aphluv4xwc-white-pad-v1:200:200.webp?lk3s=97278606&x-expires=1783959216&x-signature=T21TKvRxRRZIPNTM90zsT%2Feq1iI%3D&x-signature-webp=T21TKvRxRRZIPNTM90zsT%2Feq1iI%3D&ect=4g
1783955708883-25,https://www.tokopedia.com/search?st=product&q=HT%20MOTOROLA&srp_component_id=02.01.00.00&srp_page_id=&srp_page_title=&navsource=,Rp450.000,ht motorola walkie talkie gp3188 vhf 136 174mhz kloning frekuensi 1735482835318113448,,https://p16-images-sign-sg.tokopedia-static.net/tos-alisg-i-aphluv4xwc-sg/a38a7233a5d54e60aebbe52b40d28bce~tplv-aphluv4xwc-white-pad-v1:200:200.webp?lk3s=97278606&x-expires=1783959216&x-signature=9Z81zaVaTCQ8Rw5N28lfvFsC5wM%3D&x-signature-webp=9Z81zaVaTCQ8Rw5N28lfvFsC5wM%3D&ect=4g
1783955708883-26,https://www.tokopedia.com/search?st=product&q=HT%20MOTOROLA&srp_component_id=02.01.00.00&srp_page_id=&srp_page_title=&navsource=,Rp481.000,2pcs ht motorola jarak jauh 10kma10 two way radio 10watt power 199channels lp54 waterproof cocok untukoutdoor hotel sekolah situs konstruksi,,https://p16-images-sign-sg.tokopedia-static.net/tos-alisg-i-aphluv4xwc-sg/img/VqbcmM/2024/10/28/a41fd308-c6c0-4a1a-93d5-3ea32e5225bc.png~tplv-aphluv4xwc-white-pad-v1:200:200.webp?lk3s=97278606&x-expires=1783959216&x-signature=b%2BGqMS8wZ%2F3y1kXM0dYHFNPNpt8%3D&x-signature-webp=b%2BGqMS8wZ%2F3y1kXM0dYHFNPNpt8%3D&ect=4g
1783955708883-27,https://www.tokopedia.com/search?st=product&q=HT%20MOTOROLA&srp_component_id=02.01.00.00&srp_page_id=&srp_page_title=&navsource=,Rp499.000,radio ht motorola x6 dual band uhf vhf walkie talkie 10 watt 4800 mah,,https://p16-images-sign-sg.tokopedia-static.net/tos-alisg-i-aphluv4xwc-sg/img/VqbcmM/2023/9/12/6d4ff475-5f5b-4ec8-a115-fd1688230ee0.png~tplv-aphluv4xwc-white-pad-v1:200:200.webp?lk3s=97278606&x-expires=1783959216&x-signature=Obly1k5vJdzqnW%2Fhobe9TEtHIQU%3D&x-signature-webp=Obly1k5vJdzqnW%2Fhobe9TEtHIQU%3D&ect=4g
1783955708883-28,https://www.tokopedia.com/search?st=product&q=HT%20MOTOROLA&srp_component_id=02.01.00.00&srp_page_id=&srp_page_title=&navsource=,Rp559.000,motorola handy talkie x8 jarak jauh radio ht motorolla x8 tahan air ip57 dengan baterai 5500mah antena full band multi segmen 1729997273040586043,,https://p16-images-sign-sg.tokopedia-static.net/tos-alisg-i-aphluv4xwc-sg/img/hDjmkQ/2024/12/6/96c87550-ea7f-4336-b989-dae1a990e270.jpg~tplv-aphluv4xwc-white-pad-v1:200:200.webp?lk3s=97278606&x-expires=1783959216&x-signature=fhRNtr5Kiyox%2BV%2FXGrnlQzipBr4%3D&x-signature-webp=fhRNtr5Kiyox%2BV%2FXGrnlQzipBr4%3D&ect=4g
1783955708883-29,https://www.tokopedia.com/search?st=product&q=HT%20MOTOROLA&srp_component_id=02.01.00.00&srp_page_id=&srp_page_title=&navsource=,Rp525.000,handy talkie motorola x8 radio ht motorola x8 10watt dual band uhf vhf 5500mah,,https://p16-images-sign-sg.tokopedia-static.net/tos-alisg-i-aphluv4xwc-sg/img/VqbcmM/2024/10/28/3683d2b4-8293-49e7-956b-872c2e516ece.jpg~tplv-aphluv4xwc-white-pad-v1:200:200.webp?lk3s=97278606&x-expires=1783959216&x-signature=kEmgzoCp29WJn4NdDK8MJ7BGJ48%3D&x-signature-webp=kEmgzoCp29WJn4NdDK8MJ7BGJ48%3D&ect=4g
1783955708883-30,https://www.tokopedia.com/search?st=product&q=HT%20MOTOROLA&srp_component_id=02.01.00.00&srp_page_id=&srp_page_title=&navsource=,Rp225.000,ht motorola wln c51,,https://p19-images-sign-sg.tokopedia-static.net/tos-alisg-i-aphluv4xwc-sg/img/VqbcmM/2024/5/21/a21d1f18-0a3f-45e6-9663-3fe9bdcb4e6f.jpg~tplv-aphluv4xwc-white-pad-v1:200:200.webp?lk3s=97278606&x-expires=1783959216&x-signature=6sRZHKG%2F%2B1PFqVPJPk9hbi7vv9E%3D&x-signature-webp=6sRZHKG%2F%2B1PFqVPJPk9hbi7vv9E%3D&ect=4g
1783955708883-31,https://www.tokopedia.com/search?st=product&q=HT%20MOTOROLA&srp_component_id=02.01.00.00&srp_page_id=&srp_page_title=&navsource=,Rp827.000,ht motorola r8 walkie talkie kisaran panjang 20km dual band dua arah radio 20 watt 6800mah am fm type c cocok untuk outdoor hotel sekolah lokasi konstruksi gedung tinggi ip54 tahan air dan tahan debu 1730856334344684712,,https://p16-images-sign-sg.tokopedia-static.net/tos-alisg-i-aphluv4xwc-sg/img/VqbcmM/2025/2/12/dbc381a2-80cc-4949-9448-6b1fa20e9db6.jpg~tplv-aphluv4xwc-white-pad-v1:200:200.webp?lk3s=97278606&x-expires=1783959216&x-signature=u4AVu%2BE328ia9ZmVQrxZFRZ7Oik%3D&x-signature-webp=u4AVu%2BE328ia9ZmVQrxZFRZ7Oik%3D&ect=4g
1783955708884-32,https://www.tokopedia.com/search?st=product&q=HT%20MOTOROLA&srp_component_id=02.01.00.00&srp_page_id=&srp_page_title=&navsource=,Rp268.600,ht motorola x8 radio genggam 10w high power dual band uhf vhf type c charging k headset jarak jauh 1731845766084330682,,https://p16-images-common-sign-sg.tokopedia-static.net/tos-maliva-i-o3syd03w52-us/18160d6e724e4cf9b65826074ba81d31~tplv-o3syd03w52-resize-jpeg:200:200.webp?lk3s=97278606&x-expires=1783959216&x-signature=rvlvPQsYEoAxRWR%2BUmU2jbfFiIA%3D&x-signature-webp=rvlvPQsYEoAxRWR%2BUmU2jbfFiIA%3D&ect=4g
1783955708884-33,https://www.tokopedia.com/search?st=product&q=HT%20MOTOROLA&srp_component_id=02.01.00.00&srp_page_id=&srp_page_title=&navsource=,Rp589.000,ht motorola hx 8100 walkie talkie two way radio transceiver 256 channels vox wireless copy frequency 1732050483787695212,,https://p16-images-sign-sg.tokopedia-static.net/tos-alisg-i-aphluv4xwc-sg/065660ca6a994d20acb76006ee6d2af9~tplv-aphluv4xwc-white-pad-v1:200:200.webp?lk3s=97278606&x-expires=1783959216&x-signature=Wgu8tmdbzI5k5AbDs6ZgCrkWXEY%3D&x-signature-webp=Wgu8tmdbzI5k5AbDs6ZgCrkWXEY%3D&ect=4g
1783955708884-34,https://www.tokopedia.com/search?st=product&q=HT%20MOTOROLA&srp_component_id=02.01.00.00&srp_page_id=&srp_page_title=&navsource=,Rp599.000,htmotorolla walkie talkie x8 jarak jauh radio tahan air ip54 dengan noaa saya penerimaan am fm 200 saluran 10w output baterai 5500mah 1729883479822272101,,https://p16-images-sign-sg.tokopedia-static.net/tos-alisg-i-aphluv4xwc-sg/img/hDjmkQ/2024/12/5/11f82b59-fdf0-42c2-929d-9d20e1ef153f.jpg~tplv-aphluv4xwc-white-pad-v1:200:200.webp?lk3s=97278606&x-expires=1783959216&x-signature=OIDP8%2Btlyj4VzHLzFLMbhrkzEqk%3D&x-signature-webp=OIDP8%2Btlyj4VzHLzFLMbhrkzEqk%3D&ect=4g
1783955708884-35,https://www.tokopedia.com/search?st=product&q=HT%20MOTOROLA&srp_component_id=02.01.00.00&srp_page_id=&srp_page_title=&navsource=,Rp712.400,handy talkie ht motorola 370s dualband uhf vhf 15watt waterproof usb c,,https://p16-images-sign-sg.tokopedia-static.net/tos-alisg-i-aphluv4xwc-sg/img/VqbcmM/2023/6/28/08b36ae5-7b42-4ecd-b221-154bbf696191.png~tplv-aphluv4xwc-white-pad-v1:200:200.webp?lk3s=97278606&x-expires=1783959216&x-signature=nmfN%2B3hNtmzeYVU%2BKIsz2QDVWDw%3D&x-signature-webp=nmfN%2B3hNtmzeYVU%2BKIsz2QDVWDw%3D&ect=4g
1783955708884-36,https://www.tokopedia.com/search?st=product&q=HT%20MOTOROLA&srp_component_id=02.01.00.00&srp_page_id=&srp_page_title=&navsource=,Rp250.000,2unit ht motorola walkie talkie mini mt 918 daya tinggi 30w jarak jauh baterai 29800 mah siaga 8 hari frekuensi replikasi uhf radio dua arah 1732214018237957228,,https://p16-images-sign-sg.tokopedia-static.net/tos-alisg-i-aphluv4xwc-sg/img/VqbcmM/2024/11/1/9fb562f2-5065-4a97-b5f7-4b89c436f277.jpg~tplv-aphluv4xwc-white-pad-v1:200:200.webp?lk3s=97278606&x-expires=1783959216&x-signature=oSZGZC7mfSTZmVEPC2JWsnH39Vw%3D&x-signature-webp=oSZGZC7mfSTZmVEPC2JWsnH39Vw%3D&ect=4g
1783955708884-37,https://www.tokopedia.com/search?st=product&q=HT%20MOTOROLA&srp_component_id=02.01.00.00&srp_page_id=&srp_page_title=&navsource=,Rp544.180,walkie talkie motorola x8 jarak jauh radio motorolla x8 tahan air,,https://p16-images-sign-sg.tokopedia-static.net/tos-alisg-i-aphluv4xwc-sg/img/hDjmkQ/2024/12/5/e15198f2-6b55-43f7-bdd0-4e96bd7910cd.jpg~tplv-aphluv4xwc-white-pad-v1:200:200.webp?lk3s=97278606&x-expires=1783959216&x-signature=5WXu9T5euIT2bxxSXlPYdzVGJvE%3D&x-signature-webp=5WXu9T5euIT2bxxSXlPYdzVGJvE%3D&ect=4g
1783955708884-38,https://www.tokopedia.com/search?st=product&q=HT%20MOTOROLA&srp_component_id=02.01.00.00&srp_page_id=&srp_page_title=&navsource=,Rp925.000,ht motorola gt12plus walkie talkie jarak jauh 25km 20 watt high power ip68 tahan air dan dual band two way radio am frekuensi ketinggian tinggi garansi satu tahun,,https://p16-images-sign-sg.tokopedia-static.net/tos-alisg-i-aphluv4xwc-sg/img/VqbcmM/2024/6/29/a97ac97a-a91c-4e93-a3da-e8a7a409a96d.jpg~tplv-aphluv4xwc-white-pad-v1:200:200.webp?lk3s=97278606&x-expires=1783959216&x-signature=QR9orkpULg%2FKRs8B85D4o%2FdDwTA%3D&x-signature-webp=QR9orkpULg%2FKRs8B85D4o%2FdDwTA%3D&ect=4g
1783955708884-39,https://www.tokopedia.com/search?st=product&q=HT%20MOTOROLA&srp_component_id=02.01.00.00&srp_page_id=&srp_page_title=&navsource=,Rp528.000,handytalkie motorola murah gp360 walkie talkie portabel ht radio 15km jarak jauh uhf vhf 1731057979038073964,,https://p16-images-sign-sg.tokopedia-static.net/tos-alisg-i-aphluv4xwc-sg/img/VqbcmM/2025/3/22/f7958c60-e28e-4b5d-89c0-5dd1a77517cc.jpg~tplv-aphluv4xwc-white-pad-v1:200:200.webp?lk3s=97278606&x-expires=1783959216&x-signature=lTnaddlH6QxhsTyNnNP48cvlIVY%3D&x-signature-webp=lTnaddlH6QxhsTyNnNP48cvlIVY%3D&ect=4g
1783955708884-40,https://www.tokopedia.com/search?st=product&q=HT%20MOTOROLA&srp_component_id=02.01.00.00&srp_page_id=&srp_page_title=&navsource=,Rp500.000,handy talky motorola x6 10 watt terbaru ht walkie talkie tahan air 1730793464739234872,,https://p16-images-sign-sg.tokopedia-static.net/tos-alisg-i-aphluv4xwc-sg/img/VqbcmM/2025/1/17/d410cfb6-6a6c-4758-9247-b00e6fe6f0c5.jpg~tplv-aphluv4xwc-white-pad-v1:200:200.webp?lk3s=97278606&x-expires=1783959216&x-signature=wT4nr4BuBrUg5alXgE5feHGs6U0%3D&x-signature-webp=wT4nr4BuBrUg5alXgE5feHGs6U0%3D&ect=4g
1783955708884-41,https://www.tokopedia.com/search?st=product&q=HT%20MOTOROLA&srp_component_id=02.01.00.00&srp_page_id=&srp_page_title=&navsource=,Rp827.000,motorola walkie talkie outdoor ht radio r8 20w 4 frequency bands u v jarak jauh 25km untuk proyek konstruksi 1730963220709607119,ORI,https://p19-images-sign-sg.tokopedia-static.net/tos-alisg-i-aphluv4xwc-sg/img/VqbcmM/2025/3/5/8fdc8a8d-6c18-47b8-8407-6f285b0a41df.jpg~tplv-aphluv4xwc-white-pad-v1:200:200.webp?lk3s=97278606&x-expires=1783959216&x-signature=kfsWjMHcNc3lliZR0itaQflmZNw%3D&x-signature-webp=kfsWjMHcNc3lliZR0itaQflmZNw%3D&ect=4g
1783955708884-42,https://www.tokopedia.com/search?st=product&q=HT%20MOTOROLA&srp_component_id=02.01.00.00&srp_page_id=&srp_page_title=&navsource=,Rp308.000,motorola walkie talkie original t62 2unit copy frequency mini portable radio channel 16 5800mah baterai interkom kantor dalam ruangan 1730879294087923407,ORI,https://p19-images-sign-sg.tokopedia-static.net/tos-alisg-i-aphluv4xwc-sg/img/VqbcmM/2025/2/18/70d2ee8a-a94a-428f-9487-91ea3e7bbabd.jpg~tplv-aphluv4xwc-white-pad-v1:200:200.webp?lk3s=97278606&x-expires=1783959216&x-signature=942QSMCO1P88ay1n0iZT7gFoRRg%3D&x-signature-webp=942QSMCO1P88ay1n0iZT7gFoRRg%3D&ect=4g
1783955708884-43,https://www.tokopedia.com/search?st=product&q=HT%20MOTOROLA&srp_component_id=02.01.00.00&srp_page_id=&srp_page_title=&navsource=,Rp410.000,walkie talkie ht motorola u85 hitam radius 10 km 1733117001289467821,,https://p16-images-sign-sg.tokopedia-static.net/tos-alisg-i-aphluv4xwc-sg/cb075ebecc484691b6685f7442dd74ca~tplv-aphluv4xwc-white-pad-v1:200:200.webp?lk3s=97278606&x-expires=1783959216&x-signature=0XTJjPsr62cZccK8yLwbAbBGOE4%3D&x-signature-webp=0XTJjPsr62cZccK8yLwbAbBGOE4%3D&ect=4g
1783955708884-44,https://www.tokopedia.com/search?st=product&q=HT%20MOTOROLA&srp_component_id=02.01.00.00&srp_page_id=&srp_page_title=&navsource=,Rp915.000,ht motorola gt12 free earphone headset 4 band fm am radio 20watt 6800mah type c,,https://p16-images-sign-sg.tokopedia-static.net/tos-alisg-i-aphluv4xwc-sg/257c0dc88b7943a4b37d8fe0839e0b1d~tplv-aphluv4xwc-white-pad-v1:200:200.webp?lk3s=97278606&x-expires=1783959216&x-signature=6LX%2BAk2FMrhrMrbfV7285QBayL4%3D&x-signature-webp=6LX%2BAk2FMrhrMrbfV7285QBayL4%3D&ect=4g
1783955708885-45,https://www.tokopedia.com/search?st=product&q=HT%20MOTOROLA&srp_component_id=02.01.00.00&srp_page_id=&srp_page_title=&navsource=,Rp597.000,ht motorola two way radio gp338 plus walkie talkie jarak jauh 20km daya tinggi 15w kapasitas tinggi 6800mah 256 saluran radio type c portabel walkie talkies frekuensi penerbangan tahan air dan tahan debu ip54 cocok untuk luar ruangan hotel,,https://p16-images-sign-sg.tokopedia-static.net/tos-alisg-i-aphluv4xwc-sg/img/VqbcmM/2025/1/7/373f070a-d3ad-4cb9-b839-daa5b550ca54.jpg~tplv-aphluv4xwc-white-pad-v1:200:200.webp?lk3s=97278606&x-expires=1783959216&x-signature=9Z4By%2Bq%2Fc%2FdLbI8XGGhgGFROcuM%3D&x-signature-webp=9Z4By%2Bq%2Fc%2FdLbI8XGGhgGFROcuM%3D&ect=4g
1783955708885-46,https://www.tokopedia.com/search?st=product&q=HT%20MOTOROLA&srp_component_id=02.01.00.00&srp_page_id=&srp_page_title=&navsource=,Rp541.000,k headset ht walkie talkie motorola 370s handy talky 20km jarak jauh two way radio daya tinggi 15 watt vhf uhf 6800mah ip54 waterproof band penuh,,https://p16-images-sign-sg.tokopedia-static.net/tos-alisg-i-aphluv4xwc-sg/img/VqbcmM/2025/1/7/85ade2c7-1664-44c8-8d45-55bc0ca2873d.jpg~tplv-aphluv4xwc-white-pad-v1:200:200.webp?lk3s=97278606&x-expires=1783959216&x-signature=ol2%2FMQgD7TspFUsAUXf%2FTCAcj18%3D&x-signature-webp=ol2%2FMQgD7TspFUsAUXf%2FTCAcj18%3D&ect=4g
1783955708885-47,https://www.tokopedia.com/search?st=product&q=HT%20MOTOROLA&srp_component_id=02.01.00.00&srp_page_id=&srp_page_title=&navsource=,Rp408.000,2pcs ht motorola t82 400 480mhz uhf walkie talkie led flashlight 10w high power frequency copy portable radio 1731515104840549484,,https://p16-images-sign-sg.tokopedia-static.net/tos-alisg-i-aphluv4xwc-sg/img/VqbcmM/2025/5/26/86723fae-5b5e-44ed-9534-de9dbe83aad1.jpg~tplv-aphluv4xwc-white-pad-v1:200:200.webp?lk3s=97278606&x-expires=1783959216&x-signature=fkYfJTHoDhWS1xX%2BUHNGKN%2BMl2g%3D&x-signature-webp=fkYfJTHoDhWS1xX%2BUHNGKN%2BMl2g%3D&ect=4g
1783955708885-48,https://www.tokopedia.com/search?st=product&q=HT%20MOTOROLA&srp_component_id=02.01.00.00&srp_page_id=&srp_page_title=&navsource=,Rp410.000,ht motorola maritime walkie talkie single band dual reception sapuan frekuensi 10w jarak jauh 15km 1730922378774349519,ORI,https://p16-images-sign-sg.tokopedia-static.net/tos-alisg-i-aphluv4xwc-sg/img/VqbcmM/2025/2/26/accabfa4-b21f-4222-a518-1aada0e89d39.jpg~tplv-aphluv4xwc-white-pad-v1:200:200.webp?lk3s=97278606&x-expires=1783959216&x-signature=HJaYE8GxDbiDhNh5ucZZKkwet6c%3D&x-signature-webp=HJaYE8GxDbiDhNh5ucZZKkwet6c%3D&ect=4g
1783955708885-49,https://www.tokopedia.com/search?st=product&q=HT%20MOTOROLA&srp_component_id=02.01.00.00&srp_page_id=&srp_page_title=&navsource=,Rp375.000,ht motorola cp210 walkie talkie murah,,https://p16-images-sign-sg.tokopedia-static.net/tos-alisg-i-aphluv4xwc-sg/img/VqbcmM/2024/11/14/a0f2e2ee-f9d7-4b36-bb56-7b3886f4f2fc.jpg~tplv-aphluv4xwc-white-pad-v1:200:200.webp?lk3s=97278606&x-expires=1783959216&x-signature=n0Ev2VkaOZW6WUZ%2BNc81rAz2RgQ%3D&x-signature-webp=n0Ev2VkaOZW6WUZ%2BNc81rAz2RgQ%3D&ect=4g
1783955708885-50,https://www.tokopedia.com/search?st=product&q=HT%20MOTOROLA&srp_component_id=02.01.00.00&srp_page_id=&srp_page_title=&navsource=,Rp475.999,motorola x8 walkie talkies 10w high power 5500mah x8 1set f57cf,,https://p16-images-sign-sg.tokopedia-static.net/tos-alisg-i-aphluv4xwc-sg/img/hDjmkQ/2023/9/4/4fb200db-1665-46bf-ac07-73342e94a021.jpg~tplv-aphluv4xwc-white-pad-v1:200:200.webp?lk3s=97278606&x-expires=1783959216&x-signature=9CDRGWlfRxTrXsUL2TIRU32gw%2Bs%3D&x-signature-webp=9CDRGWlfRxTrXsUL2TIRU32gw%2Bs%3D&ect=4g
1783955708885-51,https://www.tokopedia.com/search?st=product&q=HT%20MOTOROLA&srp_component_id=02.01.00.00&srp_page_id=&srp_page_title=&navsource=,Rp531.000,walkie talkie motorola x6 10 watt terbaru jarak jauh,,https://p16-images-sign-sg.tokopedia-static.net/tos-alisg-i-aphluv4xwc-sg/img/hDjmkQ/2024/12/31/8a46ea89-3e06-45da-91bd-ab788596c9d5.jpg~tplv-aphluv4xwc-white-pad-v1:200:200.webp?lk3s=97278606&x-expires=1783959216&x-signature=PkQUthAROaHUiKhKSkyWs7y9kHI%3D&x-signature-webp=PkQUthAROaHUiKhKSkyWs7y9kHI%3D&ect=4g
1783955708885-52,https://www.tokopedia.com/search?st=product&q=HT%20MOTOROLA&srp_component_id=02.01.00.00&srp_page_id=&srp_page_title=&navsource=,Rp419.000,ht motorola x8 walkie talkie ht jarak jauh 20km 12w dual band 200 channels ip54 water proof 6800mah 1733603522411857567,,https://p16-images-sign-sg.tokopedia-static.net/tos-alisg-i-aphluv4xwc-sg/7b7df1c732fe4802b143ce13f7e03cc1~tplv-aphluv4xwc-white-pad-v1:200:200.webp?lk3s=97278606&x-expires=1783959216&x-signature=QQ1hzjY0q0%2FftqYRwKUwAUPH9H4%3D&x-signature-webp=QQ1hzjY0q0%2FftqYRwKUwAUPH9H4%3D&ect=4g
1783955708885-54,https://www.tokopedia.com/search?st=product&q=HT%20MOTOROLA&srp_component_id=02.01.00.00&srp_page_id=&srp_page_title=&navsource=,Rp489.000,ht motorola a10 walkie talkie mini genggam handy talky two way radio 10w jarak jauh 15km 1731034448418210924,,https://p16-images-sign-sg.tokopedia-static.net/tos-alisg-i-aphluv4xwc-sg/img/VqbcmM/2025/3/18/5689ec96-2553-471c-89e0-2ab754f95229.jpg~tplv-aphluv4xwc-white-pad-v1:200:200.webp?lk3s=97278606&x-expires=1783959216&x-signature=h16giXAPzwKDvMqgy04GC5UaBFo%3D&x-signature-webp=h16giXAPzwKDvMqgy04GC5UaBFo%3D&ect=4g
1783955708885-55,https://www.tokopedia.com/search?st=product&q=HT%20MOTOROLA&srp_component_id=02.01.00.00&srp_page_id=&srp_page_title=&navsource=,Rp297.000,motorola ht walkie talkie jarak jauh 15km t62 2pcs radio security profesional two way radio 10w copy frequency type c fast charging suitable for outdoor hotel school construction site 1733601110084912799,,https://p19-images-sign-sg.tokopedia-static.net/tos-alisg-i-aphluv4xwc-sg/6a5d968cc87b4e7bb91c5ece161266a6~tplv-aphluv4xwc-white-pad-v1:200:200.webp?lk3s=97278606&x-expires=1783959216&x-signature=8NCppiohwN0eiO%2BXpxK2u96m2bw%3D&x-signature-webp=8NCppiohwN0eiO%2BXpxK2u96m2bw%3D&ect=4g
1783955708885-56,https://www.tokopedia.com/search?st=product&q=HT%20MOTOROLA&srp_component_id=02.01.00.00&srp_page_id=&srp_page_title=&navsource=,Rp567.000,ht motorola radio dp4600 uhf vhf radio dua arah 199 saluran di luar ruangan tahan air 15 watt walkie talkie jarak jauh 10km 6800mah am fm type c ip54,,https://p16-images-sign-sg.tokopedia-static.net/tos-alisg-i-aphluv4xwc-sg/img/VqbcmM/2024/10/28/209ce9df-1955-436c-a6fa-33c59929147b.png~tplv-aphluv4xwc-white-pad-v1:200:200.webp?lk3s=97278606&x-expires=1783959216&x-signature=UzZDlAcy1GTot%2F3juTtGftr1hbU%3D&x-signature-webp=UzZDlAcy1GTot%2F3juTtGftr1hbU%3D&ect=4g
1783955708885-57,https://www.tokopedia.com/search?st=product&q=HT%20MOTOROLA&srp_component_id=02.01.00.00&srp_page_id=&srp_page_title=&navsource=,Rp827.000,ht walkie talkie radio original motorola r8 handy talky walky fm radio pita ganda long distance 25km 1730810042822657743,ORI,https://p16-images-sign-sg.tokopedia-static.net/tos-alisg-i-aphluv4xwc-sg/img/VqbcmM/2025/1/22/cd84e321-f015-4f75-83f8-0f8ad805584f.jpg~tplv-aphluv4xwc-white-pad-v1:200:200.webp?lk3s=97278606&x-expires=1783959216&x-signature=zhZ7TmktJfquqgpfE2hlmz9RJ78%3D&x-signature-webp=zhZ7TmktJfquqgpfE2hlmz9RJ78%3D&ect=4g
1783955708885-59,https://www.tokopedia.com/search?st=product&q=HT%20MOTOROLA&srp_component_id=02.01.00.00&srp_page_id=&srp_page_title=&navsource=,Rp539.000,motorola hx 380 walkie talkie high power 10w uv dual band black 4ce36,,https://p16-images-sign-sg.tokopedia-static.net/tos-alisg-i-aphluv4xwc-sg/img/hDjmkQ/2024/5/25/c67fea81-f5b4-482c-8a7e-97d7f2b07b2a.jpg~tplv-aphluv4xwc-white-pad-v1:200:200.webp?lk3s=97278606&x-expires=1783959216&x-signature=4wgwHOEYn7SW7vfTOt1soqI7TiM%3D&x-signature-webp=4wgwHOEYn7SW7vfTOt1soqI7TiM%3D&ect=4g
1783955708886-60,https://www.tokopedia.com/search?st=product&q=HT%20MOTOROLA&srp_component_id=02.01.00.00&srp_page_id=&srp_page_title=&navsource=,Rp685.000,ht motorola x9 walkie talkie jarak jauh 10km uhf vhf kekuatan tinggi 1,,https://p16-images-sign-sg.tokopedia-static.net/tos-alisg-i-aphluv4xwc-sg/img/VqbcmM/2025/2/19/964cd881-8af5-44d6-8614-3baa41df04d4.jpg~tplv-aphluv4xwc-white-pad-v1:200:200.webp?lk3s=97278606&x-expires=1783959216&x-signature=dw%2B6KVu1SQflof4LLJMdxBty%2FJ4%3D&x-signature-webp=dw%2B6KVu1SQflof4LLJMdxBty%2FJ4%3D&ect=4g
1783955708886-61,https://www.tokopedia.com/search?st=product&q=HT%20MOTOROLA&srp_component_id=02.01.00.00&srp_page_id=&srp_page_title=&navsource=,Rp409.000,motorola u85 ht handy talky walkie talkie all band hitam dapat,,https://p19-images-sign-sg.tokopedia-static.net/tos-alisg-i-aphluv4xwc-sg/img/hDjmkQ/2024/6/8/34ea5c7f-cf36-46ec-b9f3-d501a420f23c.jpg~tplv-aphluv4xwc-white-pad-v1:200:200.webp?lk3s=97278606&x-expires=1783959244&x-signature=we%2Bz03u%2FOL6MFi4b2wQRdipq79M%3D&x-signature-webp=we%2Bz03u%2FOL6MFi4b2wQRdipq79M%3D&ect=4g
1783955708886-62,https://www.tokopedia.com/search?st=product&q=HT%20MOTOROLA&srp_component_id=02.01.00.00&srp_page_id=&srp_page_title=&navsource=,Rp520.000,ht motorola walkie talkie jarak jauh gp360 vuh fuh dual band total output 10w power hingga 199 channels baterai hingga 4800mah ip54 tahan air handy talky 15km,,https://p16-images-sign-sg.tokopedia-static.net/tos-alisg-i-aphluv4xwc-sg/img/VqbcmM/2024/6/29/ee90f9b9-c23b-4f05-be3e-28e34c2f6f01.png~tplv-aphluv4xwc-white-pad-v1:200:200.webp?lk3s=97278606&x-expires=1783959244&x-signature=cklRkOXTnzq%2B%2B2ZHZzPbKovkwJQ%3D&x-signature-webp=cklRkOXTnzq%2B%2B2ZHZzPbKovkwJQ%3D&ect=4g
1783955708886-63,https://www.tokopedia.com/search?st=product&q=HT%20MOTOROLA&srp_component_id=02.01.00.00&srp_page_id=&srp_page_title=&navsource=,Rp567.000,ht daya tinggi 15 watt motorola dp4600 uhf vhf walkie talkie radio fm radio dua arah jangkauan 20km saluran 199 7 hari waktu 1 unit 5bc31,ORI,https://p16-images-sign-sg.tokopedia-static.net/tos-alisg-i-aphluv4xwc-sg/img/VqbcmM/2024/10/28/22b93760-f475-4b78-b92c-cb4b97a397ea.jpg~tplv-aphluv4xwc-white-pad-v1:200:200.webp?lk3s=97278606&x-expires=1783959244&x-signature=18muRBxpIUWZ8jW0DMWeuwW0LHQ%3D&x-signature-webp=18muRBxpIUWZ8jW0DMWeuwW0LHQ%3D&ect=4g
1783955708886-64,https://www.tokopedia.com/search?st=product&q=HT%20MOTOROLA&srp_component_id=02.01.00.00&srp_page_id=&srp_page_title=&navsource=,Rp420.000,ht motorola walkie talkie mini t82 diskon 15km jarak jauh copy frequency tampilan layar 9800mah baterai 1731058235472053967,ORI,https://p16-images-sign-sg.tokopedia-static.net/tos-alisg-i-aphluv4xwc-sg/img/VqbcmM/2025/3/22/5b2581d0-9e50-4d09-8905-12cb819cf473.jpg~tplv-aphluv4xwc-white-pad-v1:200:200.webp?lk3s=97278606&x-expires=1783959244&x-signature=XMr4QC%2Fz48XiQf%2BDwYkxqK%2FgyEI%3D&x-signature-webp=XMr4QC%2Fz48XiQf%2BDwYkxqK%2FgyEI%3D&ect=4g
1783955708886-65,https://www.tokopedia.com/search?st=product&q=HT%20MOTOROLA&srp_component_id=02.01.00.00&srp_page_id=&srp_page_title=&navsource=,Rp375.000,ht motorola c1 plus walkie talkie 10w 400 520mhz 3800mah original 1732076576972178937,,https://p16-images-sign-sg.tokopedia-static.net/tos-alisg-i-aphluv4xwc-sg/c1116d06f01148cf9efd17b27cb4a2b1~tplv-aphluv4xwc-white-pad-v1:200:200.webp?lk3s=97278606&x-expires=1783959244&x-signature=3G1aoGDdWaXfwARyeJEvaz1PVD4%3D&x-signature-webp=3G1aoGDdWaXfwARyeJEvaz1PVD4%3D&ect=4g
1783955708886-66,https://www.tokopedia.com/search?st=product&q=HT%20MOTOROLA&srp_component_id=02.01.00.00&srp_page_id=&srp_page_title=&navsource=,Rp3.725.000,motorola xir c2660 c 2660 vhf 136 174 mhz uhf digital analog dmr ht motorola xir c2660 original garansi resmi 1730822309949047943,,https://p16-images-sign-sg.tokopedia-static.net/tos-alisg-i-aphluv4xwc-sg/fded0b32b7e345df82ef205af46aad6d~tplv-aphluv4xwc-white-pad-v1:200:200.webp?lk3s=97278606&x-expires=1783959244&x-signature=3laLCwIfrfpOQghKSITeoCtOuiQ%3D&x-signature-webp=3laLCwIfrfpOQghKSITeoCtOuiQ%3D&ect=4g
1783955708886-67,https://www.tokopedia.com/search?st=product&q=HT%20MOTOROLA&srp_component_id=02.01.00.00&srp_page_id=&srp_page_title=&navsource=,Rp834.000,ht motorola gt10 ip54 walkie tropie thompreie 6800mah jenis baterai c orange 6fecc,,https://p16-images-sign-sg.tokopedia-static.net/tos-alisg-i-aphluv4xwc-sg/img/hDjmkQ/2024/5/25/e2503cc8-1f92-4f20-9576-b626ef602dbe.jpg~tplv-aphluv4xwc-white-pad-v1:200:200.webp?lk3s=97278606&x-expires=1783959244&x-signature=1JNEVpc%2FtqevmK6dYbSnXRC8zrg%3D&x-signature-webp=1JNEVpc%2FtqevmK6dYbSnXRC8zrg%3D&ect=4g
1783955708886-68,https://www.tokopedia.com/search?st=product&q=HT%20MOTOROLA&srp_component_id=02.01.00.00&srp_page_id=&srp_page_title=&navsource=,Rp378.000,ht motorola cp2210 uhf handy talky walkie talkie radio komunikasi terlaris 1731367291999323921,,https://p16-images-sign-sg.tokopedia-static.net/tos-alisg-i-aphluv4xwc-sg/img/VqbcmM/2025/5/8/eaef1aad-4f35-4d4b-9ca9-c431493c02e5.jpg~tplv-aphluv4xwc-white-pad-v1:200:200.webp?lk3s=97278606&x-expires=1783959244&x-signature=jpbjwCktzN29c1qsN7vkqEklZSA%3D&x-signature-webp=jpbjwCktzN29c1qsN7vkqEklZSA%3D&ect=4g
1783955708886-69,https://www.tokopedia.com/search?st=product&q=HT%20MOTOROLA&srp_component_id=02.01.00.00&srp_page_id=&srp_page_title=&navsource=,Rp308.000,handy talkie murah walkie talkie motorola original 10w t62 2pcs 2 way radio daya tinggi 10w tipe c 5800mah baterai replikasi frekuensi 1730854044991587436,,https://p16-images-sign-sg.tokopedia-static.net/tos-alisg-i-aphluv4xwc-sg/img/VqbcmM/2025/2/11/0c8da233-8c93-47cc-8cfc-a20ff2c14068.jpg~tplv-aphluv4xwc-white-pad-v1:200:200.webp?lk3s=97278606&x-expires=1783959244&x-signature=f2x%2Bv0GrS4D%2BIzLTsr3%2B9QdDpJg%3D&x-signature-webp=f2x%2Bv0GrS4D%2BIzLTsr3%2B9QdDpJg%3D&ect=4g
1783955708886-70,https://www.tokopedia.com/search?st=product&q=HT%20MOTOROLA&srp_component_id=02.01.00.00&srp_page_id=&srp_page_title=&navsource=,Rp667.000,motorola walkie talkie gp338plus daya tinggi 15w radio dua arah dual band versi peningkatan gp328 battery 6800mah antena panjang fm radio jarak jauh 20km 1731874269209134799,ORI,https://p16-images-sign-sg.tokopedia-static.net/tos-alisg-i-aphluv4xwc-sg/f57a836202ed4390a82df86da35b2540~tplv-aphluv4xwc-white-pad-v1:200:200.webp?lk3s=97278606&x-expires=1783959244&x-signature=z6RfjJMGBrz88QFije0qjFTHDNQ%3D&x-signature-webp=z6RfjJMGBrz88QFije0qjFTHDNQ%3D&ect=4g
1783955708886-71,https://www.tokopedia.com/search?st=product&q=HT%20MOTOROLA&srp_component_id=02.01.00.00&srp_page_id=&srp_page_title=&navsource=,Rp529.900,radio ht motorola x8 dualband handy talky 10 watt 5500 mah waterproof,,https://p16-images-sign-sg.tokopedia-static.net/tos-alisg-i-aphluv4xwc-sg/img/VqbcmM/2023/8/10/0b52b59a-0f36-4af7-b170-4f60e2ddec41.png~tplv-aphluv4xwc-white-pad-v1:200:200.webp?lk3s=97278606&x-expires=1783959244&x-signature=8yJHWjOC4WgA8jt8mROtwBC1o6c%3D&x-signature-webp=8yJHWjOC4WgA8jt8mROtwBC1o6c%3D&ect=4g
1783955708886-72,https://www.tokopedia.com/search?st=product&q=HT%20MOTOROLA&srp_component_id=02.01.00.00&srp_page_id=&srp_page_title=&navsource=,Rp420.000,ht walkie talkie motorola x8 two way radio 10w type c charging baterai 6800mah tahan air ip54 security 1731073117921969871,ORI,https://p16-images-sign-sg.tokopedia-static.net/tos-alisg-i-aphluv4xwc-sg/img/VqbcmM/2025/3/25/c16d080e-3731-4c3a-bd82-f05a4007ba93.jpg~tplv-aphluv4xwc-white-pad-v1:200:200.webp?lk3s=97278606&x-expires=1783959244&x-signature=0hek9SjsERhXEC4C0ip1iNQyyrQ%3D&x-signature-webp=0hek9SjsERhXEC4C0ip1iNQyyrQ%3D&ect=4g
1783955708887-73,https://www.tokopedia.com/search?st=product&q=HT%20MOTOROLA&srp_component_id=02.01.00.00&srp_page_id=&srp_page_title=&navsource=,Rp1.580.000,motorola two way radio p8260 ht handy talkie 50w output daya tinggi 999 ch 19800mah baterai pendakian gunung 1732339678556357740,,https://p19-images-sign-sg.tokopedia-static.net/tos-alisg-i-aphluv4xwc-sg/6baecda5439e46b7a40fc6076a76687c~tplv-aphluv4xwc-white-pad-v1:200:200.webp?lk3s=97278606&x-expires=1783959244&x-signature=nxjhdmTOQ1KubrMoPATJB0K6BxY%3D&x-signature-webp=nxjhdmTOQ1KubrMoPATJB0K6BxY%3D&ect=4g
1783955708887-74,https://www.tokopedia.com/search?st=product&q=HT%20MOTOROLA&srp_component_id=02.01.00.00&srp_page_id=&srp_page_title=&navsource=,Rp750.000,ht motorola gp 338 plus walkie talkie jarak jauh 20 km daya tinggi 15w kapasitas tinggi 6800mah 1730762778663683765,,https://p16-images-sign-sg.tokopedia-static.net/tos-alisg-i-aphluv4xwc-sg/img/VqbcmM/2025/1/9/9526fed4-6613-4956-b98c-ac5a692ccf90.jpg~tplv-aphluv4xwc-white-pad-v1:200:200.webp?lk3s=97278606&x-expires=1783959244&x-signature=mwo0LMVrJ2Rf3Kdw5fVFDwPcmbM%3D&x-signature-webp=mwo0LMVrJ2Rf3Kdw5fVFDwPcmbM%3D&ect=4g
1783955708887-75,https://www.tokopedia.com/search?st=product&q=HT%20MOTOROLA&srp_component_id=02.01.00.00&srp_page_id=&srp_page_title=&navsource=,Rp649.000,motorola ht dual band uhf vhf gp338 plus 15w radio walkie talkie jarak jauh 1 20km dengan baterai 6800mah antena bonus 1731917496135550766,,https://p16-images-sign-sg.tokopedia-static.net/tos-alisg-i-aphluv4xwc-sg/img/VqbcmM/2024/9/12/92c40870-629f-4a4f-bda4-ea928ea2f3ba.png~tplv-aphluv4xwc-white-pad-v1:200:200.webp?lk3s=97278606&x-expires=1783959244&x-signature=4e9eQ18Ovf1qdEYS0kNSHmyJsdY%3D&x-signature-webp=4e9eQ18Ovf1qdEYS0kNSHmyJsdY%3D&ect=4g
1783955708887-76,https://www.tokopedia.com/search?st=product&q=HT%20MOTOROLA&srp_component_id=02.01.00.00&srp_page_id=&srp_page_title=&navsource=,Rp430.000,motorola ht radio dual band walkie talkie x8 jarak jauh 15km portabel garansi 12 bulan ip54 tahan air 1731073579292591823,ORI,https://p16-images-sign-sg.tokopedia-static.net/tos-alisg-i-aphluv4xwc-sg/img/VqbcmM/2025/3/25/13a5a53d-243e-4457-b2af-a8896421f28a.jpg~tplv-aphluv4xwc-white-pad-v1:200:200.webp?lk3s=97278606&x-expires=1783959244&x-signature=rHWevB%2FYbb%2F7mmm6tb6SjDqzaBI%3D&x-signature-webp=rHWevB%2FYbb%2F7mmm6tb6SjDqzaBI%3D&ect=4g
1783955708887-77,https://www.tokopedia.com/search?st=product&q=HT%20MOTOROLA&srp_component_id=02.01.00.00&srp_page_id=&srp_page_title=&navsource=,Rp835.000,ht walkie talkie motorola r8 jarak jauh 25km uhf vhf baterai 6800mah tipe c radio fm tahan air ip67 1730809827623535724,,https://p16-images-sign-sg.tokopedia-static.net/tos-alisg-i-aphluv4xwc-sg/img/VqbcmM/2025/1/22/0ecbf3a8-7788-49bd-9fac-d1daf286b1aa.jpg~tplv-aphluv4xwc-white-pad-v1:200:200.webp?lk3s=97278606&x-expires=1783959244&x-signature=Sx4lY4EOFtBjguPTaYY7NnctOTY%3D&x-signature-webp=Sx4lY4EOFtBjguPTaYY7NnctOTY%3D&ect=4g
1783955708887-78,https://www.tokopedia.com/search?st=product&q=HT%20MOTOROLA&srp_component_id=02.01.00.00&srp_page_id=&srp_page_title=&navsource=,Rp412.700,motorola walkie talkie vhf 136 174mhz maritime ht penetrasi super 20km radio frequency copy tahan air ip54 1732805071451096594,,https://p16-images-sign-sg.tokopedia-static.net/tos-alisg-i-aphluv4xwc-sg/33a1883eab674a47831e8a930f9b4a67~tplv-aphluv4xwc-white-pad-v1:200:200.webp?lk3s=97278606&x-expires=1783959244&x-signature=1TKbbR6H0mNph0oRHCebddngsuw%3D&x-signature-webp=1TKbbR6H0mNph0oRHCebddngsuw%3D&ect=4g
1783955708887-79,https://www.tokopedia.com/search?st=product&q=HT%20MOTOROLA&srp_component_id=02.01.00.00&srp_page_id=&srp_page_title=&navsource=,Rp1.008.000,ht motorola v86t walkie talkie 999 channel 108 660mhz two way radio black 2082d,,https://p16-images-sign-sg.tokopedia-static.net/tos-alisg-i-aphluv4xwc-sg/img/hDjmkQ/2024/5/25/75dec3e9-5efa-49cb-a339-0d8fd38f0321.jpg~tplv-aphluv4xwc-white-pad-v1:200:200.webp?lk3s=97278606&x-expires=1783959244&x-signature=orIgLTrI0F4plGKa4ABioLn9Bk4%3D&x-signature-webp=orIgLTrI0F4plGKa4ABioLn9Bk4%3D&ect=4g
1783955708887-80,https://www.tokopedia.com/search?st=product&q=HT%20MOTOROLA&srp_component_id=02.01.00.00&srp_page_id=&srp_page_title=&navsource=,Rp555.000,motorola ht gp338 plus walkie talkies 15w high power 6800mah 256,,https://p16-images-sign-sg.tokopedia-static.net/tos-alisg-i-aphluv4xwc-sg/img/hDjmkQ/2024/6/8/bf8b0882-9911-4d00-9e6e-2e76d7d20d32.jpg~tplv-aphluv4xwc-white-pad-v1:200:200.webp?lk3s=97278606&x-expires=1783959244&x-signature=4mzMiWDhMsxYIPMqdpAY2uROt5o%3D&x-signature-webp=4mzMiWDhMsxYIPMqdpAY2uROt5o%3D&ect=4g
1783955708887-81,https://www.tokopedia.com/search?st=product&q=HT%20MOTOROLA&srp_component_id=02.01.00.00&srp_page_id=&srp_page_title=&navsource=,Rp308.000,paket walkie talkie 2 unit motorola handy talky original t62 frekuensi replikasi murah cocok untuk sekolah orangtua anak luar ruangan 1730854095848048335,ORI,https://p16-images-sign-sg.tokopedia-static.net/tos-alisg-i-aphluv4xwc-sg/img/VqbcmM/2025/2/11/7c57da2c-ce27-4392-bc92-1782960bb58d.jpg~tplv-aphluv4xwc-white-pad-v1:200:200.webp?lk3s=97278606&x-expires=1783959244&x-signature=rz4O%2Fjiq8GL6c0VgzFroBcz%2Bols%3D&x-signature-webp=rz4O%2Fjiq8GL6c0VgzFroBcz%2Bols%3D&ect=4g
1783955708887-82,https://www.tokopedia.com/search?st=product&q=HT%20MOTOROLA&srp_component_id=02.01.00.00&srp_page_id=&srp_page_title=&navsource=,Rp362.500,ht motorola c51 walkie talkie mini two way 5w 16 channels radio 10km ip54 waterproof uhf 400 470mhz 2pcs handy talky jarak jauh outdoor hotel perjalanan sekolah,,https://p16-images-sign-sg.tokopedia-static.net/tos-alisg-i-aphluv4xwc-sg/img/VqbcmM/2024/6/29/c7fd71ab-0c94-461c-8672-63defe6db0d1.jpg~tplv-aphluv4xwc-white-pad-v1:200:200.webp?lk3s=97278606&x-expires=1783959244&x-signature=y7PGkVDaB3exwaNo5hL2ePIeHGI%3D&x-signature-webp=y7PGkVDaB3exwaNo5hL2ePIeHGI%3D&ect=4g
1783955708887-83,https://www.tokopedia.com/search?st=product&q=HT%20MOTOROLA&srp_component_id=02.01.00.00&srp_page_id=&srp_page_title=&navsource=,Rp835.000,barang spot motorola walkie talkie two way radio r8 tx 20w portable high power ht frequency copy cradle type c charging 1730939604264191084,,https://p16-images-sign-sg.tokopedia-static.net/tos-alisg-i-aphluv4xwc-sg/img/VqbcmM/2025/3/1/f54f65fd-d590-4452-aa44-0252bcf6f4be.jpg~tplv-aphluv4xwc-white-pad-v1:200:200.webp?lk3s=97278606&x-expires=1783959244&x-signature=RteEYMQjehaYObzlGP0bHhqqxZs%3D&x-signature-webp=RteEYMQjehaYObzlGP0bHhqqxZs%3D&ect=4g
1783955708887-84,https://www.tokopedia.com/search?st=product&q=HT%20MOTOROLA&srp_component_id=02.01.00.00&srp_page_id=&srp_page_title=&navsource=,Rp1.572.000,ht p8260 999 ch two way radio motorola walkie talkie 50w high power 19800mah baterai standby 10 hari 1732339701606418127,ORI,https://p16-images-sign-sg.tokopedia-static.net/tos-alisg-i-aphluv4xwc-sg/0fcdf2f43cb048c2a5ba213336f7e9d1~tplv-aphluv4xwc-white-pad-v1:200:200.webp?lk3s=97278606&x-expires=1783959244&x-signature=4V4wjAVe1SN3pYwEMvhtT%2Bn3apY%3D&x-signature-webp=4V4wjAVe1SN3pYwEMvhtT%2Bn3apY%3D&ect=4g
1783955708887-85,https://www.tokopedia.com/search?st=product&q=HT%20MOTOROLA&srp_component_id=02.01.00.00&srp_page_id=&srp_page_title=&navsource=,Rp225.000,walkie talkie motorola t5720 8km 5mile 5720,,https://p16-images-sign-sg.tokopedia-static.net/tos-alisg-i-aphluv4xwc-sg/0018659934064de19d1e1cad38960dfe~tplv-aphluv4xwc-white-pad-v1:200:200.webp?lk3s=97278606&x-expires=1783959244&x-signature=pM8DmTogeO8eCPoNM%2FQerIh4dg4%3D&x-signature-webp=pM8DmTogeO8eCPoNM%2FQerIh4dg4%3D&ect=4g
1783955708887-86,https://www.tokopedia.com/search?st=product&q=HT%20MOTOROLA&srp_component_id=02.01.00.00&srp_page_id=&srp_page_title=&navsource=,Rp675.000,ht walkie talkie original motorola gp338plus 15watt kekuatan tinggdual band walky talky senter led fm radio 256 saluran 1731847364266198820,,https://p16-images-sign-sg.tokopedia-static.net/tos-alisg-i-aphluv4xwc-sg/593861d103a64fa7a220f3fd2c00423a~tplv-aphluv4xwc-white-pad-v1:200:200.webp?lk3s=97278606&x-expires=1783959244&x-signature=qYev1U6DQCEymrK%2Bv2mrZxbn5c8%3D&x-signature-webp=qYev1U6DQCEymrK%2Bv2mrZxbn5c8%3D&ect=4g
1783955708888-87,https://www.tokopedia.com/search?st=product&q=HT%20MOTOROLA&srp_component_id=02.01.00.00&srp_page_id=&srp_page_title=&navsource=,Rp1.572.000,motorola radio genggam bergerak ultra tinggi 50 watt walkie talkie double band 19800mah baterai berkapasitas besar p8260 handy talkie 1735482358008022184,,https://p16-images-sign-sg.tokopedia-static.net/tos-alisg-i-aphluv4xwc-sg/e194fadf7ac74823b810e9cd9508f085~tplv-aphluv4xwc-white-pad-v1:200:200.webp?lk3s=97278606&x-expires=1783959244&x-signature=5a8diq4T8flT%2FlaOBrCioZbh7Y8%3D&x-signature-webp=5a8diq4T8flT%2FlaOBrCioZbh7Y8%3D&ect=4g
1783955708888-88,https://www.tokopedia.com/search?st=product&q=HT%20MOTOROLA&srp_component_id=02.01.00.00&srp_page_id=&srp_page_title=&navsource=,Rp1.477.400,ht motorola two way radio p8260 50w output daya tinggi walkie talkie 999 ch 19800mah baterai pendakian gunung 1732857415261062674,,https://p16-images-sign-sg.tokopedia-static.net/tos-alisg-i-aphluv4xwc-sg/9d67bd84f3c04fc481781cd44aa76c7c~tplv-aphluv4xwc-white-pad-v1:200:200.webp?lk3s=97278606&x-expires=1783959244&x-signature=7k%2BAj1S4cuAQSg8ZcKyj0Bz7sIg%3D&x-signature-webp=7k%2BAj1S4cuAQSg8ZcKyj0Bz7sIg%3D&ect=4g
1783955708888-89,https://www.tokopedia.com/search?st=product&q=HT%20MOTOROLA&srp_component_id=02.01.00.00&srp_page_id=&srp_page_title=&navsource=,Rp489.000,ht walkie talkie motorola stasiun radio mini frekuensi replikasi tipe c 9800mah baterai model a10 2 unit e54a0,,https://p16-images-sign-sg.tokopedia-static.net/tos-alisg-i-aphluv4xwc-sg/img/VqbcmM/2024/8/22/48db0841-d9ec-44b3-9ec5-78ef0cbd8192.jpg~tplv-aphluv4xwc-white-pad-v1:200:200.webp?lk3s=97278606&x-expires=1783959244&x-signature=NPe%2BAVtLSrjj9kt4MMT23aGNN9Q%3D&x-signature-webp=NPe%2BAVtLSrjj9kt4MMT23aGNN9Q%3D&ect=4g
1783955708888-90,https://www.tokopedia.com/search?st=product&q=HT%20MOTOROLA&srp_component_id=02.01.00.00&srp_page_id=&srp_page_title=&navsource=,Rp877.000,2unit ht motorola mt918 motorola handyotalky radio ht 30watt ip54 29800mah antena radio ht two way radio htwalkie talkie walky handy talky motorola satu pasang terlaris 1731367212030068497,,https://p16-images-sign-sg.tokopedia-static.net/tos-alisg-i-aphluv4xwc-sg/img/VqbcmM/2025/5/8/5a35d210-29f0-4ab9-a265-58efc6c3fc13.jpg~tplv-aphluv4xwc-white-pad-v1:200:200.webp?lk3s=97278606&x-expires=1783959244&x-signature=w6P4cTDGEMhdsKC9KrwKCKGsCn8%3D&x-signature-webp=w6P4cTDGEMhdsKC9KrwKCKGsCn8%3D&ect=4g
1783955708888-91,https://www.tokopedia.com/search?st=product&q=HT%20MOTOROLA&srp_component_id=02.01.00.00&srp_page_id=&srp_page_title=&navsource=,Rp892.000,motorola walkie talkie mini 30 watt radio dua arah mt 918 ht kekuatan tinggi 29800mah baterai frequency copy type c charging 1735591175092733647,ORI,https://p16-images-sign-sg.tokopedia-static.net/tos-alisg-i-aphluv4xwc-sg/img/VqbcmM/2024/11/14/42f4fc18-d020-4ea7-a6cc-e4e118bf5ccc.jpg~tplv-aphluv4xwc-white-pad-v1:200:200.webp?lk3s=97278606&x-expires=1783959244&x-signature=T9LYHjcNtbHvi6s4G5kC9Xnvc58%3D&x-signature-webp=T9LYHjcNtbHvi6s4G5kC9Xnvc58%3D&ect=4g
1783955708888-92,https://www.tokopedia.com/search?st=product&q=HT%20MOTOROLA&srp_component_id=02.01.00.00&srp_page_id=&srp_page_title=&navsource=,Rp460.000,motorola a10 walkie talkie 400 520mhz ht radio 10w high power mini and portable 9800mah baterai 1733602545237198495,,https://p19-images-sign-sg.tokopedia-static.net/tos-alisg-i-aphluv4xwc-sg/985647a0566942738c1e92da96f9504a~tplv-aphluv4xwc-white-pad-v1:200:200.webp?lk3s=97278606&x-expires=1783959244&x-signature=SuDzAaLwn6reuuJKXBUlw%2FvcX24%3D&x-signature-webp=SuDzAaLwn6reuuJKXBUlw%2FvcX24%3D&ect=4g
1783955708888-93,https://www.tokopedia.com/search?st=product&q=HT%20MOTOROLA&srp_component_id=02.01.00.00&srp_page_id=&srp_page_title=&navsource=,Rp682.000,headset gratis ht motorola v86t two way radio jarak jauh walkie hitam 069f8,Gratis Ongkir,https://p16-images-sign-sg.tokopedia-static.net/tos-alisg-i-aphluv4xwc-sg/img/hDjmkQ/2024/5/25/f4af356b-ce76-4a0b-9323-ffba6b85bf98.jpg~tplv-aphluv4xwc-white-pad-v1:200:200.webp?lk3s=97278606&x-expires=1783959244&x-signature=gVvT3RyAm%2F5T%2FtLwyej1e0%2F%2Byu8%3D&x-signature-webp=gVvT3RyAm%2F5T%2FtLwyej1e0%2F%2Byu8%3D&ect=4g
1783955708888-94,https://www.tokopedia.com/search?st=product&q=HT%20MOTOROLA&srp_component_id=02.01.00.00&srp_page_id=&srp_page_title=&navsource=,Rp450.000,ht motorola x6 walkie talkie kisaran panjang 10km ip54 tahan air dan,,https://p16-images-sign-sg.tokopedia-static.net/tos-alisg-i-aphluv4xwc-sg/img/hDjmkQ/2024/5/25/1678f0b8-1533-452d-a584-8eec9f54d8a4.jpg~tplv-aphluv4xwc-white-pad-v1:200:200.webp?lk3s=97278606&x-expires=1783959244&x-signature=mT8uXUdID0laXo683MrKlWV6wNs%3D&x-signature-webp=mT8uXUdID0laXo683MrKlWV6wNs%3D&ect=4g
1783955708889-95,https://www.tokopedia.com/search?st=product&q=HT%20MOTOROLA&srp_component_id=02.01.00.00&srp_page_id=&srp_page_title=&navsource=,Rp575.000,handy talkie x8 jarak jauh radio ht motorolla x8 tahan air ip57 dengan baterai 5500mah frekuensi dual vhf uhf 1729912387998549436,,https://p16-images-sign-sg.tokopedia-static.net/tos-alisg-i-aphluv4xwc-sg/img/VqbcmM/2023/10/13/30972dc6-9b48-4773-a12d-893a14435575.png~tplv-aphluv4xwc-white-pad-v1:200:200.webp?lk3s=97278606&x-expires=1783959244&x-signature=0Hg%2BjKYJEgSlfBS3xCoQNtKR6sM%3D&x-signature-webp=0Hg%2BjKYJEgSlfBS3xCoQNtKR6sM%3D&ect=4g
1783955708889-96,https://www.tokopedia.com/search?st=product&q=HT%20MOTOROLA&srp_component_id=02.01.00.00&srp_page_id=&srp_page_title=&navsource=,Rp410.000,ht radio maritim walkie talkie motorola gp3188 vhf radio dua arah genggam saluran 199 baterai 4800 1730997869575964367,ORI,https://p16-images-sign-sg.tokopedia-static.net/tos-alisg-i-aphluv4xwc-sg/img/VqbcmM/2025/3/11/9b9a5b6b-c9a4-4a29-88d1-6d52910fd127.jpg~tplv-aphluv4xwc-white-pad-v1:200:200.webp?lk3s=97278606&x-expires=1783959244&x-signature=KR%2BPIf77ZJnkexjLBuQiZnVSF94%3D&x-signature-webp=KR%2BPIf77ZJnkexjLBuQiZnVSF94%3D&ect=4g
1783955708889-98,https://www.tokopedia.com/search?st=product&q=HT%20MOTOROLA&srp_component_id=02.01.00.00&srp_page_id=&srp_page_title=&navsource=,Rp308.000,ht handy talkie walky talky radio motorola t62 10w motor kerja 400 470mhz copy frequency 5800mah battery type c charging 1730879199760843884,,https://p16-images-sign-sg.tokopedia-static.net/tos-alisg-i-aphluv4xwc-sg/img/VqbcmM/2025/2/18/ba02ba5f-d178-47a3-a792-b0f177f10279.jpg~tplv-aphluv4xwc-white-pad-v1:200:200.webp?lk3s=97278606&x-expires=1783959244&x-signature=98nusjQmTHsGuzcE2ICM4wZmK0c%3D&x-signature-webp=98nusjQmTHsGuzcE2ICM4wZmK0c%3D&ect=4g
1783955708889-99,https://www.tokopedia.com/search?st=product&q=HT%20MOTOROLA&srp_component_id=02.01.00.00&srp_page_id=&srp_page_title=&navsource=,Rp650.000,motorola hx 370s dual band walkie talkie motorola hx 370 s type c charging 15w vhf uhf 6800mah handy talkie motorola hx370s 1731878332733491079,,https://p16-images-sign-sg.tokopedia-static.net/tos-alisg-i-aphluv4xwc-sg/img/VqbcmM/2025/4/15/e6dce793-c363-49ed-b6eb-e5efaee99b0f.jpg~tplv-aphluv4xwc-white-pad-v1:200:200.webp?lk3s=97278606&x-expires=1783959244&x-signature=%2FC1qm5z5N%2FaojrmCwhWR%2B%2Ff3DUc%3D&x-signature-webp=%2FC1qm5z5N%2FaojrmCwhWR%2B%2Ff3DUc%3D&ect=4g
1783955708889-100,https://www.tokopedia.com/search?st=product&q=HT%20MOTOROLA&srp_component_id=02.01.00.00&srp_page_id=&srp_page_title=&navsource=,Rp438.000,ht motorola x8 walkie talkies 10w high power 5500mah 200 channel 136 174mhz 400 520mhz two way radio 1unit 60dd1,,https://p16-images-sign-sg.tokopedia-static.net/tos-alisg-i-aphluv4xwc-sg/img/VqbcmM/2024/9/23/de6c749e-7d94-4d59-99fe-e1e9138c8f1b.jpg~tplv-aphluv4xwc-white-pad-v1:200:200.webp?lk3s=97278606&x-expires=1783959244&x-signature=w%2Fcb%2F6B7LxmJ7W4dvBh3L2d4RmY%3D&x-signature-webp=w%2Fcb%2F6B7LxmJ7W4dvBh3L2d4RmY%3D&ect=4g
1783955708889-102,https://www.tokopedia.com/search?st=product&q=HT%20MOTOROLA&srp_component_id=02.01.00.00&srp_page_id=&srp_page_title=&navsource=,Rp650.000,headset motorola hx 370s dual band walkie talkie motorola hx 370 s type c charging 15w vhf uhf 6800mah handy talkie motorola hx370s 1735431039009916807,,https://p16-images-sign-sg.tokopedia-static.net/tos-alisg-i-aphluv4xwc-sg/4a64252db382497b81ba06a2371ce3ea~tplv-aphluv4xwc-white-pad-v1:200:200.webp?lk3s=97278606&x-expires=1783959244&x-signature=kNSDmYa8iQXgF4ZJI%2FcD01JiJL8%3D&x-signature-webp=kNSDmYa8iQXgF4ZJI%2FcD01JiJL8%3D&ect=4g
1783955708889-103,https://www.tokopedia.com/search?st=product&q=HT%20MOTOROLA&srp_component_id=02.01.00.00&srp_page_id=&srp_page_title=&navsource=,Rp795.000,ht motorola jarak jauh 10 km motorola gp360 batt 6800mah copy frequensi dual band fm am waterproof 1733495282711299116,,https://p16-images-sign-sg.tokopedia-static.net/tos-alisg-i-aphluv4xwc-sg/27d8750500ae4176bdbc17511136f44c~tplv-aphluv4xwc-white-pad-v1:200:200.webp?lk3s=97278606&x-expires=1783959244&x-signature=MuFbnGknxv%2FWE%2FqfeQil7E7aEto%3D&x-signature-webp=MuFbnGknxv%2FWE%2FqfeQil7E7aEto%3D&ect=4g
1783955708890-104,https://www.tokopedia.com/search?st=product&q=HT%20MOTOROLA&srp_component_id=02.01.00.00&srp_page_id=&srp_page_title=&navsource=,Rp306.000,ht motorola c1 plus isi 2 pcs walkie talkie motorola c1 plus two way radio 10w uhf 400 520mhz 3800mah 16ch type c 1732049751336715964,,https://p16-images-sign-sg.tokopedia-static.net/tos-alisg-i-aphluv4xwc-sg/a278144f80724460a1e26e61d20f1b46~tplv-aphluv4xwc-white-pad-v1:200:200.webp?lk3s=97278606&x-expires=1783959244&x-signature=aCdxIczN7LZb3H2hnSxeOyRL1VY%3D&x-signature-webp=aCdxIczN7LZb3H2hnSxeOyRL1VY%3D&ect=4g
1783955708890-105,https://www.tokopedia.com/search?st=product&q=HT%20MOTOROLA&srp_component_id=02.01.00.00&srp_page_id=&srp_page_title=&navsource=,Rp965.000,ht motorola v86t fast charging usb c dual band handy talky handy red f0dd8,,https://p16-images-sign-sg.tokopedia-static.net/tos-alisg-i-aphluv4xwc-sg/img/hDjmkQ/2024/5/25/34422152-72b0-4846-84f7-a98085a929dc.jpg~tplv-aphluv4xwc-white-pad-v1:200:200.webp?lk3s=97278606&x-expires=1783959244&x-signature=uxr5nxXOh9AtWl72i99X6HdbUSg%3D&x-signature-webp=uxr5nxXOh9AtWl72i99X6HdbUSg%3D&ect=4g
1783955708890-106,https://www.tokopedia.com/search?st=product&q=HT%20MOTOROLA&srp_component_id=02.01.00.00&srp_page_id=&srp_page_title=&navsource=,Rp1.466.400,ht motorola dp4800e walkie talkie jarak jauh 50km tri band radio dua arah daya tinggi 20w salin frekuensi frekuensi tinggi 840 999mhz radio outdoor kapasitas tinggi 8800mah saluran 1024 tahan air ip54 1735598241996375570 1735598249864824338,,https://p16-images-sign-sg.tokopedia-static.net/tos-alisg-i-aphluv4xwc-sg/8bceed0ff8d54ee887a2b10aaa063de3~tplv-aphluv4xwc-white-pad-v1:200:200.webp?lk3s=97278606&x-expires=1783959244&x-signature=A1cdLOpDlJZ7S3Bne%2FXAQWc1UTU%3D&x-signature-webp=A1cdLOpDlJZ7S3Bne%2FXAQWc1UTU%3D&ect=4g
1783955708890-107,https://www.tokopedia.com/search?st=product&q=HT%20MOTOROLA&srp_component_id=02.01.00.00&srp_page_id=&srp_page_title=&navsource=,Rp745.500,walkie talkie motorola hx 370 s radio ht anti air jarak jauh garansi,,https://p16-images-sign-sg.tokopedia-static.net/tos-alisg-i-aphluv4xwc-sg/img/hDjmkQ/2024/12/13/8db6b720-29f9-4303-b8bd-6f92c3b4a1ca.jpg~tplv-aphluv4xwc-white-pad-v1:200:200.webp?lk3s=97278606&x-expires=1783959244&x-signature=reSJEAEFAzdStrYLWce%2BZ3BztKQ%3D&x-signature-webp=reSJEAEFAzdStrYLWce%2BZ3BztKQ%3D&ect=4g
1783955708890-108,https://www.tokopedia.com/search?st=product&q=HT%20MOTOROLA&srp_component_id=02.01.00.00&srp_page_id=&srp_page_title=&navsource=,Rp528.000,ht motorola walkie talkie mini jarak jauh gp360 vuh fuh dual band total output 10w power hingga 199 channels baterai hingga 4800mah,,https://p16-images-sign-sg.tokopedia-static.net/tos-alisg-i-aphluv4xwc-sg/img/VqbcmM/2024/6/29/8f8382f7-44c9-4dd0-9ea3-80d2839f7667.jpg~tplv-aphluv4xwc-white-pad-v1:200:200.webp?lk3s=97278606&x-expires=1783959244&x-signature=awJ%2FDC%2B%2FFg2pe8dOWiB2%2FfCX48g%3D&x-signature-webp=awJ%2FDC%2B%2FFg2pe8dOWiB2%2FfCX48g%3D&ect=4g
1783955708890-109,https://www.tokopedia.com/search?st=product&q=HT%20MOTOROLA&srp_component_id=02.01.00.00&srp_page_id=&srp_page_title=&navsource=,Rp643.000,headset gratis ht motorola walkie talkies v86t 10w high power 999 grey 9f22f,Gratis Ongkir,https://p16-images-sign-sg.tokopedia-static.net/tos-alisg-i-aphluv4xwc-sg/img/hDjmkQ/2024/5/25/a67e5c03-d4c6-4eee-ae7b-fdd7cb2390b9.jpg~tplv-aphluv4xwc-white-pad-v1:200:200.webp?lk3s=97278606&x-expires=1783959244&x-signature=QQW1PhzKTH59VRkAlg8SRZFlVQ4%3D&x-signature-webp=QQW1PhzKTH59VRkAlg8SRZFlVQ4%3D&ect=4g
1783955708890-110,https://www.tokopedia.com/search?st=product&q=HT%20MOTOROLA&srp_component_id=02.01.00.00&srp_page_id=&srp_page_title=&navsource=,Rp549.000,ht motorola 370s walkie talkie 15 watt radio tahan air dan kedap debu 1 pcs 3fc86,,https://p16-images-sign-sg.tokopedia-static.net/tos-alisg-i-aphluv4xwc-sg/img/VqbcmM/2023/8/10/ed181444-e773-44a9-a50d-6b2e54653a37.jpg~tplv-aphluv4xwc-white-pad-v1:200:200.webp?lk3s=97278606&x-expires=1783959244&x-signature=C4xnbCHfdbzCxFTiNkBP5mLyBh8%3D&x-signature-webp=C4xnbCHfdbzCxFTiNkBP5mLyBh8%3D&ect=4g
1783955708891-112,https://www.tokopedia.com/search?st=product&q=HT%20MOTOROLA&srp_component_id=02.01.00.00&srp_page_id=&srp_page_title=&navsource=,Rp917.000,motorola gt12 plus 20w walkie talkie radio dua arah 4 band portabel jarak jauh 25km fm radio kekuatan tinggi,ORI,https://p16-images-sign-sg.tokopedia-static.net/tos-alisg-i-aphluv4xwc-sg/img/VqbcmM/2024/11/9/e69f57a9-faeb-4c30-a1b7-8080a817f764.jpg~tplv-aphluv4xwc-white-pad-v1:200:200.webp?lk3s=97278606&x-expires=1783959244&x-signature=H%2BTpiPnbeZFlJfmwZy%2B5HgsVaWE%3D&x-signature-webp=H%2BTpiPnbeZFlJfmwZy%2B5HgsVaWE%3D&ect=4g
1783955708891-113,https://www.tokopedia.com/search?st=product&q=HT%20MOTOROLA&srp_component_id=02.01.00.00&srp_page_id=&srp_page_title=&navsource=,Rp601.000,motorola 6620i walkie talkie jarak jauh 15w daya tinggi radio dua arah,,https://p16-images-sign-sg.tokopedia-static.net/tos-alisg-i-aphluv4xwc-sg/img/hDjmkQ/2024/5/25/cd8f6f49-a2b8-428d-8dcd-24ef0a05e434.jpg~tplv-aphluv4xwc-white-pad-v1:200:200.webp?lk3s=97278606&x-expires=1783959244&x-signature=nCO6cPK8ByoSzcnv890MaN%2FZNnQ%3D&x-signature-webp=nCO6cPK8ByoSzcnv890MaN%2FZNnQ%3D&ect=4g
1783955708891-114,https://www.tokopedia.com/search?st=product&q=HT%20MOTOROLA&srp_component_id=02.01.00.00&srp_page_id=&srp_page_title=&navsource=,Rp363.999,ready morqtola m8 walkie talkie ht jarak jauh 10km 10 000 mah handy talkie 2 unit ht kualitas jepang 1730842989631801169,,https://p16-images-sign-sg.tokopedia-static.net/tos-alisg-i-aphluv4xwc-sg/img/VqbcmM/2025/2/8/aecfb9ff-7739-46ea-9a94-6379c90fea95.jpg~tplv-aphluv4xwc-white-pad-v1:200:200.webp?lk3s=97278606&x-expires=1783959244&x-signature=4i847QAsrgjCk3waaXDjmS0487A%3D&x-signature-webp=4i847QAsrgjCk3waaXDjmS0487A%3D&ect=4g
1783955708891-116,https://www.tokopedia.com/search?st=product&q=HT%20MOTOROLA&srp_component_id=02.01.00.00&srp_page_id=&srp_page_title=&navsource=,Rp750.000,ht motorola original gt10 walkie talkie daya tinggi 20watt stronger signal 128channels two way radio uhf vhf dual band type c large 6800mah battery suitable for outdoor hotel school construction site hitam1set 1731345782917465858,,https://p16-images-sign-sg.tokopedia-static.net/tos-alisg-i-aphluv4xwc-sg/img/VqbcmM/2025/5/6/82b5b5f8-1f98-4519-8d14-283807132a1e.jpg~tplv-aphluv4xwc-white-pad-v1:200:200.webp?lk3s=97278606&x-expires=1783959244&x-signature=Sdr2jXgCO4fHBxtF4228ME1snI4%3D&x-signature-webp=Sdr2jXgCO4fHBxtF4228ME1snI4%3D&ect=4g
1783955708891-117,https://www.tokopedia.com/search?st=product&q=HT%20MOTOROLA&srp_component_id=02.01.00.00&srp_page_id=&srp_page_title=&navsource=,Rp819.700,motorola ht two way radio walkie talkie r8 jarak jauh 25km daya tinggi 20w 199 channels radio fm 1732805773529875986,,https://p16-images-sign-sg.tokopedia-static.net/tos-alisg-i-aphluv4xwc-sg/87ef3208b56d44c09d6dda6c4ea9d9ad~tplv-aphluv4xwc-white-pad-v1:200:200.webp?lk3s=97278606&x-expires=1783959244&x-signature=Etpwg3PV%2FD9uAdZ99647S%2FGB6TY%3D&x-signature-webp=Etpwg3PV%2FD9uAdZ99647S%2FGB6TY%3D&ect=4g
1783955708891-118,https://www.tokopedia.com/search?st=product&q=HT%20MOTOROLA&srp_component_id=02.01.00.00&srp_page_id=&srp_page_title=&navsource=,Rp481.000,walkie talkie motorola murah a10 baterai tahan lama 9800mah ht radio dua arah jarak jauh 15km power 10w 1731036075900634831,ORI,https://p16-images-sign-sg.tokopedia-static.net/tos-alisg-i-aphluv4xwc-sg/img/VqbcmM/2025/3/18/76920855-f27b-40a6-88b8-547e82619618.jpg~tplv-aphluv4xwc-white-pad-v1:200:200.webp?lk3s=97278606&x-expires=1783959244&x-signature=t8mhOjCOdUNMy%2B9U85dbpWewZKk%3D&x-signature-webp=t8mhOjCOdUNMy%2B9U85dbpWewZKk%3D&ect=4g
1783955708891-119,https://www.tokopedia.com/search?st=product&q=HT%20MOTOROLA&srp_component_id=02.01.00.00&srp_page_id=&srp_page_title=&navsource=,Rp481.000,motorola ht radio uhf walkie talkie outdoor jarak jauh 15km diskon 40 baterai tahan lama 9800mah 1731035607166846671,ORI,https://p16-images-sign-sg.tokopedia-static.net/tos-alisg-i-aphluv4xwc-sg/img/VqbcmM/2025/3/18/19cb8550-99e6-4844-83b0-1429d077ddce.jpg~tplv-aphluv4xwc-white-pad-v1:200:200.webp?lk3s=97278606&x-expires=1783959244&x-signature=u2DqCXmI7HtQzPuxSrlDwofMkxE%3D&x-signature-webp=u2DqCXmI7HtQzPuxSrlDwofMkxE%3D&ect=4g
1783955708891-120,https://www.tokopedia.com/search?st=product&q=HT%20MOTOROLA&srp_component_id=02.01.00.00&srp_page_id=&srp_page_title=&navsource=,Rp352.500,2pc ht motorola kd c51 mini walkie talkie uhf radio 5w 16 channel 400 470mhz digital high power two way radio,,https://p19-images-sign-sg.tokopedia-static.net/tos-alisg-i-aphluv4xwc-sg/img/VqbcmM/2024/4/10/73b89cce-a5c0-4fb4-b564-90540273688f.png~tplv-aphluv4xwc-white-pad-v1:200:200.webp?lk3s=97278606&x-expires=1783959244&x-signature=eM3Z3SQMZdJANgkh6jFENmZtN1Q%3D&x-signature-webp=eM3Z3SQMZdJANgkh6jFENmZtN1Q%3D&ect=4g
1783955708892-121,https://www.tokopedia.com/search?st=product&q=HT%20MOTOROLA&srp_component_id=02.01.00.00&srp_page_id=&srp_page_title=&navsource=,Rp430.000,k headset ht motorola x8 two way radio walkie talkie jarak jauh 15 km daya tinggi 10w 200 saluran radio fm portabel 1730812975833974479,ORI,https://p19-images-sign-sg.tokopedia-static.net/tos-alisg-i-aphluv4xwc-sg/img/VqbcmM/2025/3/25/abd8c767-a0ec-45ae-9cee-e7606e6fbdd5.jpg~tplv-aphluv4xwc-white-pad-v1:200:200.webp?lk3s=97278606&x-expires=1783959250&x-signature=iljihwGf9hWTaha6Hrym0gZrd3E%3D&x-signature-webp=iljihwGf9hWTaha6Hrym0gZrd3E%3D&ect=4g
1783955708892-123,https://www.tokopedia.com/search?st=product&q=HT%20MOTOROLA&srp_component_id=02.01.00.00&srp_page_id=&srp_page_title=&navsource=,Rp725.000,ht motorola gp328 plus walkie talkie jarak jauh 20km ip54 10 watt type hijau 0c365,,https://p19-images-sign-sg.tokopedia-static.net/tos-alisg-i-aphluv4xwc-sg/img/hDjmkQ/2024/5/25/f16a4caa-7ac4-4289-9856-69c4af8bf489.jpg~tplv-aphluv4xwc-white-pad-v1:200:200.webp?lk3s=97278606&x-expires=1783959250&x-signature=ZMUzAoJ1%2BnzKpBgfvuTjrFT2JG8%3D&x-signature-webp=ZMUzAoJ1%2BnzKpBgfvuTjrFT2JG8%3D&ect=4g
1783955708892-124,https://www.tokopedia.com/search?st=product&q=HT%20MOTOROLA&srp_component_id=02.01.00.00&srp_page_id=&srp_page_title=&navsource=,Rp735.000,radio walkie talkie motorola ht x9 handy talky profesional 10 watt anti air jarak jauh 10 km dengan lampu senter dual band dual freq display 1729970295192126925,,https://p16-images-sign-sg.tokopedia-static.net/tos-alisg-i-aphluv4xwc-sg/img/VqbcmM/2025/2/1/4b68e2e4-8494-450c-8807-f364936b0a48.jpg~tplv-aphluv4xwc-white-pad-v1:200:200.webp?lk3s=97278606&x-expires=1783959250&x-signature=cmvr96N8m2yMXN0NGOdDxg1i87Q%3D&x-signature-webp=cmvr96N8m2yMXN0NGOdDxg1i87Q%3D&ect=4g
1783955708892-125,https://www.tokopedia.com/search?st=product&q=HT%20MOTOROLA&srp_component_id=02.01.00.00&srp_page_id=&srp_page_title=&navsource=,Rp297.000,ht motorola two way radio komunikasi t62 walkie talkie 10w jarak jauh 15 km replikasi frekuensi copy frequency uhf 400 470mhz suitable for outdoor hotel school construction site 1732858479419885215,,https://p16-images-sign-sg.tokopedia-static.net/tos-alisg-i-aphluv4xwc-sg/068894e2b9b9461286b813e397316957~tplv-aphluv4xwc-white-pad-v1:200:200.webp?lk3s=97278606&x-expires=1783959250&x-signature=iSXIjl0L98ORK3THVx%2FJMfCCI5o%3D&x-signature-webp=iSXIjl0L98ORK3THVx%2FJMfCCI5o%3D&ect=4g
1783955708892-126,https://www.tokopedia.com/search?st=product&q=HT%20MOTOROLA&srp_component_id=02.01.00.00&srp_page_id=&srp_page_title=&navsource=,Rp950.000,ht handy talkie motorola gt 12 radio ht motorola 4 band 6800 mah 20 watt type c,,https://p16-images-sign-sg.tokopedia-static.net/tos-alisg-i-aphluv4xwc-sg/img/VqbcmM/2024/11/4/1dd0a22f-a8a7-4160-94e2-90262e2bad81.jpg~tplv-aphluv4xwc-white-pad-v1:200:200.webp?lk3s=97278606&x-expires=1783959250&x-signature=owGU7zN2H7rZGcIFrhn0sH%2FrLro%3D&x-signature-webp=owGU7zN2H7rZGcIFrhn0sH%2FrLro%3D&ect=4g
1783955708892-127,https://www.tokopedia.com/search?st=product&q=HT%20MOTOROLA&srp_component_id=02.01.00.00&srp_page_id=&srp_page_title=&navsource=,Rp1.522.000,ht walkie talkie p8260 motorola professional two way radio 999 saluran daya 50 watt panggilan jarak 50 km outdoor ip54 tahan air 1732857517119276703,,https://p16-images-sign-sg.tokopedia-static.net/tos-alisg-i-aphluv4xwc-sg/e93c62f22e8e4a31aa033544151c779f~tplv-aphluv4xwc-white-pad-v1:200:200.webp?lk3s=97278606&x-expires=1783959250&x-signature=6gKmoteAkMfLoPJD0RuJXEvVXcg%3D&x-signature-webp=6gKmoteAkMfLoPJD0RuJXEvVXcg%3D&ect=4g
1783955708892-128,https://www.tokopedia.com/search?st=product&q=HT%20MOTOROLA&srp_component_id=02.01.00.00&srp_page_id=&srp_page_title=&navsource=,Rp430.000,ht motorola x8 dual band uhf dan vhf kondisi baru power 6 w murah mirip texas tx3 canggih 1731148507505198136,,https://p16-images-sign-sg.tokopedia-static.net/tos-alisg-i-aphluv4xwc-sg/img/VqbcmM/2025/4/12/4d230fb6-8ca6-430d-aa7d-5dbe1fd16062.jpg~tplv-aphluv4xwc-white-pad-v1:200:200.webp?lk3s=97278606&x-expires=1783959250&x-signature=Wz1%2FF7XG2%2FtbK0DunWgLjgDHZnE%3D&x-signature-webp=Wz1%2FF7XG2%2FtbK0DunWgLjgDHZnE%3D&ect=4g
1783955708892-129,https://www.tokopedia.com/search?st=product&q=HT%20MOTOROLA&srp_component_id=02.01.00.00&srp_page_id=&srp_page_title=&navsource=,Rp817.500,pasti promo ht motorola gp328 plus walkie talkie kisaran panjang 20km ip68 tahan abu abu ramadhan ekstra 1730872167887505406,,https://p16-images-sign-sg.tokopedia-static.net/tos-alisg-i-aphluv4xwc-sg/img/hDjmkQ/2025/2/16/aada3c91-3c17-4dd4-8280-adb57db5ebaa.jpg~tplv-aphluv4xwc-white-pad-v1:200:200.webp?lk3s=97278606&x-expires=1783959250&x-signature=R7wGxNyyLmDlzrMA8VYH9%2Fa0y4E%3D&x-signature-webp=R7wGxNyyLmDlzrMA8VYH9%2Fa0y4E%3D&ect=4g
1783955708892-130,https://www.tokopedia.com/search?st=product&q=HT%20MOTOROLA&srp_component_id=02.01.00.00&srp_page_id=&srp_page_title=&navsource=,Rp695.000,ht motorola 370s walkie talkie high power uv radio walkie talkie jarak jauh walkie talkie anak radio ht radio fm type c battery 6800mah dcs fm sql vox dtmf h l ht motorola radio dua arah tahan air 15w daya tinggi luar ruangan tahan debu tahan guncangan an,,https://p16-images-sign-sg.tokopedia-static.net/tos-alisg-i-aphluv4xwc-sg/img/VqbcmM/2025/2/19/a88b41fb-baf2-4fc0-8c6a-64120d64dc3f.jpg~tplv-aphluv4xwc-white-pad-v1:200:200.webp?lk3s=97278606&x-expires=1783959250&x-signature=yOtKDFnWOkf77fWWPGqnMNNHMSo%3D&x-signature-webp=yOtKDFnWOkf77fWWPGqnMNNHMSo%3D&ect=4g
1783955708893-131,https://www.tokopedia.com/search?st=product&q=HT%20MOTOROLA&srp_component_id=02.01.00.00&srp_page_id=&srp_page_title=&navsource=,Rp732.400,ht handy talkie motorola hx 370s hx370s dualband 15 watt usb type c,,https://p16-images-sign-sg.tokopedia-static.net/tos-alisg-i-aphluv4xwc-sg/img/VqbcmM/2024/9/30/fd1e3373-9726-47fd-858d-065b9460cfa9.jpg~tplv-aphluv4xwc-white-pad-v1:200:200.webp?lk3s=97278606&x-expires=1783959250&x-signature=7kC%2Br9%2BtuOZPxX1jFZ1zCeHhmbM%3D&x-signature-webp=7kC%2Br9%2BtuOZPxX1jFZ1zCeHhmbM%3D&ect=4g
1783955708893-133,https://www.tokopedia.com/search?st=product&q=HT%20MOTOROLA&srp_component_id=02.01.00.00&srp_page_id=&srp_page_title=&navsource=,Rp525.000,ht motorola gp 338 plus dualband,,https://p16-images-sign-sg.tokopedia-static.net/tos-alisg-i-aphluv4xwc-sg/img/VqbcmM/2024/6/4/c553dc4a-5124-42f0-923e-8a6c4557dabe.jpg~tplv-aphluv4xwc-white-pad-v1:200:200.webp?lk3s=97278606&x-expires=1783959250&x-signature=wATe02CEWz%2BqM%2B%2FWdkyPHLlCWzs%3D&x-signature-webp=wATe02CEWz%2BqM%2B%2FWdkyPHLlCWzs%3D&ect=4g
1783955708893-134,https://www.tokopedia.com/search?st=product&q=HT%20MOTOROLA&srp_component_id=02.01.00.00&srp_page_id=&srp_page_title=&navsource=,Rp650.000,motorola handy talky hx 370s walkie talkie tahan air dengan baterai 6800mah dan jarak berbicara 1 20km untuk penggunaan outdoor dan indoor 1735846694797477525,,https://p16-images-sign-sg.tokopedia-static.net/tos-alisg-i-aphluv4xwc-sg/4a27ef5376e54e5f8f6e3ceb78a66947~tplv-aphluv4xwc-white-pad-v1:200:200.webp?lk3s=97278606&x-expires=1783959250&x-signature=iCwIFf%2Bs9f%2FOqPejIYuXFF5qsX4%3D&x-signature-webp=iCwIFf%2Bs9f%2FOqPejIYuXFF5qsX4%3D&ect=4g
1783955708893-135,https://www.tokopedia.com/search?st=product&q=HT%20MOTOROLA&srp_component_id=02.01.00.00&srp_page_id=&srp_page_title=&navsource=,Rp481.000,2pcs ht motorola mini walkie talkie a10 radio frequency copy 10w high power long distance 15km 199 channel ip54 water proof,ORI,https://p16-images-sign-sg.tokopedia-static.net/tos-alisg-i-aphluv4xwc-sg/img/VqbcmM/2024/11/15/66a0e07b-45f5-4326-bc52-82ca516fd2d1.jpg~tplv-aphluv4xwc-white-pad-v1:200:200.webp?lk3s=97278606&x-expires=1783959250&x-signature=UdSgQgE1i4Pwzb9CLR%2BjrY42d%2FQ%3D&x-signature-webp=UdSgQgE1i4Pwzb9CLR%2BjrY42d%2FQ%3D&ect=4g
1783955708893-136,https://www.tokopedia.com/search?st=product&q=HT%20MOTOROLA&srp_component_id=02.01.00.00&srp_page_id=&srp_page_title=&navsource=,Rp369.000,ht motorola c51 uhf radio genggam walkie talkie jarak jauh 16 saluran 10 kilometer luar ruangan sekolah kelautan hotel tinggi bawah tanah gunung handy talky 5 watt,,https://p16-images-sign-sg.tokopedia-static.net/tos-alisg-i-aphluv4xwc-sg/img/VqbcmM/2024/6/28/506fa873-a4da-4fbc-9914-10ee6ee358ad.jpg~tplv-aphluv4xwc-white-pad-v1:200:200.webp?lk3s=97278606&x-expires=1783959250&x-signature=2fGrxM%2FxlCoUautArYylFeDs4eo%3D&x-signature-webp=2fGrxM%2FxlCoUautArYylFeDs4eo%3D&ect=4g
1783955708893-138,https://www.tokopedia.com/search?st=product&q=HT%20MOTOROLA&srp_component_id=02.01.00.00&srp_page_id=&srp_page_title=&navsource=,Rp544.000,headset gratis ht motorola x9 vhf uhf dual band 10w 199ch baterai,Gratis Ongkir,https://p16-images-sign-sg.tokopedia-static.net/tos-alisg-i-aphluv4xwc-sg/img/hDjmkQ/2024/5/25/227509a9-77b2-464a-b80b-1ffff144ef09.jpg~tplv-aphluv4xwc-white-pad-v1:200:200.webp?lk3s=97278606&x-expires=1783959250&x-signature=itT%2B9zDwPEFZ8wwLM9nQtMfcD2g%3D&x-signature-webp=itT%2B9zDwPEFZ8wwLM9nQtMfcD2g%3D&ect=4g
1783955708893-141,https://www.tokopedia.com/search?st=product&q=HT%20MOTOROLA&srp_component_id=02.01.00.00&srp_page_id=&srp_page_title=&navsource=,Rp6.000.000,paket 10 unit motorola hx370s walkie talkie ht radio high power,,https://p16-images-sign-sg.tokopedia-static.net/tos-alisg-i-aphluv4xwc-sg/img/VqbcmM/2024/9/26/ee6c092c-4d8f-41a2-80ac-e11d8c859a86.jpg~tplv-aphluv4xwc-white-pad-v1:200:200.webp?lk3s=97278606&x-expires=1783959250&x-signature=3JcD9IfmNfh9%2BjBnxsOlypmBTDc%3D&x-signature-webp=3JcD9IfmNfh9%2BjBnxsOlypmBTDc%3D&ect=4g
1783955708893-142,https://www.tokopedia.com/search?st=product&q=HT%20MOTOROLA&srp_component_id=02.01.00.00&srp_page_id=&srp_page_title=&navsource=,Rp367.000,ht terbaik motorola cp a10 uhf handy talky walkie talkie ht,,https://p16-images-sign-sg.tokopedia-static.net/tos-alisg-i-aphluv4xwc-sg/img/hDjmkQ/2024/6/8/527f1b25-0728-407b-9ca6-c44d928b1d07.jpg~tplv-aphluv4xwc-white-pad-v1:200:200.webp?lk3s=97278606&x-expires=1783959250&x-signature=JzSJyACAlGEOJn%2FgD27AOWnoZlE%3D&x-signature-webp=JzSJyACAlGEOJn%2FgD27AOWnoZlE%3D&ect=4g
1783955708893-143,https://www.tokopedia.com/search?st=product&q=HT%20MOTOROLA&srp_component_id=02.01.00.00&srp_page_id=&srp_page_title=&navsource=,Rp650.000,ht motorola hx 370s dual frequency walkie talkie motorola hx 370 s type c charging 15w vhf uhf 6800mah handy talkie motorola hx370s dustproof wolki tolki motorola370s anti extrusion terbaik harga murah 1730806003216320181,,https://p16-images-sign-sg.tokopedia-static.net/tos-alisg-i-aphluv4xwc-sg/img/VqbcmM/2025/1/21/01185827-16df-4ac9-bd5e-2ed3b855051d.jpg~tplv-aphluv4xwc-white-pad-v1:200:200.webp?lk3s=97278606&x-expires=1783959250&x-signature=h%2Bw3sGowTg68x1NMiOMB%2Bs5mr9k%3D&x-signature-webp=h%2Bw3sGowTg68x1NMiOMB%2Bs5mr9k%3D&ect=4g
1783955708893-144,https://www.tokopedia.com/search?st=product&q=HT%20MOTOROLA&srp_component_id=02.01.00.00&srp_page_id=&srp_page_title=&navsource=,Rp875.000,ht motorola mini 2 pcs jarak jauh high power 30 watt frequency scan 1730847238996526181,,https://p16-images-sign-sg.tokopedia-static.net/tos-alisg-i-aphluv4xwc-sg/img/VqbcmM/2025/2/9/f881fe29-0b59-4a28-a191-c8353e1aab07.jpg~tplv-aphluv4xwc-white-pad-v1:200:200.webp?lk3s=97278606&x-expires=1783959250&x-signature=UMoSB3GWLGRurPPEW82uWJy7zSg%3D&x-signature-webp=UMoSB3GWLGRurPPEW82uWJy7zSg%3D&ect=4g
1783955708893-145,https://www.tokopedia.com/search?st=product&q=HT%20MOTOROLA&srp_component_id=02.01.00.00&srp_page_id=&srp_page_title=&navsource=,Rp647.000,motorola walkie talkie 410s petualangan tim sepeda motor ip68 tahan air noaa peringatan cuaca 9800mah baterai radio fm 1733109708442863311,ORI,https://p16-images-sign-sg.tokopedia-static.net/tos-alisg-i-aphluv4xwc-sg/de327faa09804347bbe5c6bb4ffe1a94~tplv-aphluv4xwc-white-pad-v1:200:200.webp?lk3s=97278606&x-expires=1783959250&x-signature=Ee1qa2yL6n24lqAmyyzXV3pQPW4%3D&x-signature-webp=Ee1qa2yL6n24lqAmyyzXV3pQPW4%3D&ect=4g
1783955708893-146,https://www.tokopedia.com/search?st=product&q=HT%20MOTOROLA&srp_component_id=02.01.00.00&srp_page_id=&srp_page_title=&navsource=,Rp520.000,motorola vhf uhf walkie talkie 10w gp360 high power two way radio walky talky waterproof portable 1730708380425160399,ORI,https://p16-images-sign-sg.tokopedia-static.net/tos-alisg-i-aphluv4xwc-sg/img/VqbcmM/2025/4/25/71b77d34-6afe-4197-ba5b-8754ac8b1c27.jpg~tplv-aphluv4xwc-white-pad-v1:200:200.webp?lk3s=97278606&x-expires=1783959250&x-signature=sNz1QvLh6xtidmYaLHSaZmc%2BPqs%3D&x-signature-webp=sNz1QvLh6xtidmYaLHSaZmc%2BPqs%3D&ect=4g
1783955708893-147,https://www.tokopedia.com/search?st=product&q=HT%20MOTOROLA&srp_component_id=02.01.00.00&srp_page_id=&srp_page_title=&navsource=,Rp428.000,ht motorola x8 walkie talkie 10watt am fm 5500mah dual band vhf uhf one click frequency measurement 200channels 1730879438526645356,,https://p16-images-sign-sg.tokopedia-static.net/tos-alisg-i-aphluv4xwc-sg/img/VqbcmM/2025/3/24/c175437b-b749-4388-aa51-cc955df1c978.jpg~tplv-aphluv4xwc-white-pad-v1:200:200.webp?lk3s=97278606&x-expires=1783959250&x-signature=X6p4D1k8DTOSpqaG9HpV%2F1AlcBE%3D&x-signature-webp=X6p4D1k8DTOSpqaG9HpV%2F1AlcBE%3D&ect=4g
1783955708894-148,https://www.tokopedia.com/search?st=product&q=HT%20MOTOROLA&srp_component_id=02.01.00.00&srp_page_id=&srp_page_title=&navsource=,Rp999.000,handy talkie ht motorola hx380 walkie talkie hx 380 10 watt ip68 typec hitam 2704f,,https://p16-images-sign-sg.tokopedia-static.net/tos-alisg-i-aphluv4xwc-sg/img/VqbcmM/2023/10/23/25862ea9-063c-4664-8d9d-87e3f2274b07.png~tplv-aphluv4xwc-white-pad-v1:200:200.webp?lk3s=97278606&x-expires=1783959250&x-signature=3LTPbB%2Frslk2mC9yYUHrI9yxph4%3D&x-signature-webp=3LTPbB%2Frslk2mC9yYUHrI9yxph4%3D&ect=4g
1783955708894-149,https://www.tokopedia.com/search?st=product&q=HT%20MOTOROLA&srp_component_id=02.01.00.00&srp_page_id=&srp_page_title=&navsource=,Rp250.000,walkie talkie motorola c2000 tahan air ip67 baterai 40000ma dengan senter ht jarak jauh 2000km 1733108223300765371,,https://p16-images-common-sign-sg.tokopedia-static.net/tos-maliva-i-o3syd03w52-us/60c647be72c14e66a15e207da7db0de6~tplv-o3syd03w52-resize-jpeg:200:200.webp?lk3s=97278606&x-expires=1783959250&x-signature=6TCZbgiGjpKPD7Ro3j9vrVh0jtM%3D&x-signature-webp=6TCZbgiGjpKPD7Ro3j9vrVh0jtM%3D&ect=4g
1783955708894-150,https://www.tokopedia.com/search?st=product&q=HT%20MOTOROLA&srp_component_id=02.01.00.00&srp_page_id=&srp_page_title=&navsource=,Rp750.000,ht motorola cp1660 vhf ori 1734485983366710319,ORI,https://p16-images-sign-sg.tokopedia-static.net/tos-alisg-i-aphluv4xwc-sg/12053d0be78749f383b202349d47a3b8~tplv-aphluv4xwc-white-pad-v1:200:200.webp?lk3s=97278606&x-expires=1783959250&x-signature=PCnaAZmWOahJMOgeK7AmgBlg6bw%3D&x-signature-webp=PCnaAZmWOahJMOgeK7AmgBlg6bw%3D&ect=4g
1783955708894-151,https://www.tokopedia.com/search?st=product&q=HT%20MOTOROLA&srp_component_id=02.01.00.00&srp_page_id=&srp_page_title=&navsource=,Rp1.270.000,free headset ht motorola 6620i walkie talkie long range am fm uhf vhf 2 pcs 5159b,,https://p16-images-sign-sg.tokopedia-static.net/tos-alisg-i-aphluv4xwc-sg/img/hDjmkQ/2024/5/25/5ec12d75-9a98-412a-b2cc-a4011a5d8424.jpg~tplv-aphluv4xwc-white-pad-v1:200:200.webp?lk3s=97278606&x-expires=1783959250&x-signature=%2BhJGON4sxhB8%2FetPACD7adhgqCc%3D&x-signature-webp=%2BhJGON4sxhB8%2FetPACD7adhgqCc%3D&ect=4g
1783955708894-152,https://www.tokopedia.com/search?st=product&q=HT%20MOTOROLA&srp_component_id=02.01.00.00&srp_page_id=&srp_page_title=&navsource=,Rp990.000,paket 6 unit ht motorola gt 12 walkie talkie high power 20watt high capacity 6800mah dual band radio long range 25km two way radio ip67 waterproof dustproof suitable for outdoor hotel school construction site 1731055995619018544,,https://p16-images-sign-sg.tokopedia-static.net/tos-alisg-i-aphluv4xwc-sg/img/VqbcmM/2025/3/22/be47e5c2-b99f-4f45-8bdf-5074438d3369.jpg~tplv-aphluv4xwc-white-pad-v1:200:200.webp?lk3s=97278606&x-expires=1783959250&x-signature=pY8vZ9pyuzrhGypDRtJru%2BDywe4%3D&x-signature-webp=pY8vZ9pyuzrhGypDRtJru%2BDywe4%3D&ect=4g
1783955708894-153,https://www.tokopedia.com/search?st=product&q=HT%20MOTOROLA&srp_component_id=02.01.00.00&srp_page_id=&srp_page_title=&navsource=,Rp650.000,handy talky ht motorola hx 370s handy talky waterproof tangguh 1735689132022662805,,https://p16-images-sign-sg.tokopedia-static.net/tos-alisg-i-aphluv4xwc-sg/img/VqbcmM/2025/2/9/88a79afb-98b5-454f-8f14-655c6b92f5f1.jpg~tplv-aphluv4xwc-white-pad-v1:200:200.webp?lk3s=97278606&x-expires=1783959250&x-signature=UGmMlTLqD5LfMJMxPTRkB3YDBhI%3D&x-signature-webp=UGmMlTLqD5LfMJMxPTRkB3YDBhI%3D&ect=4g
1783955708894-154,https://www.tokopedia.com/search?st=product&q=HT%20MOTOROLA&srp_component_id=02.01.00.00&srp_page_id=&srp_page_title=&navsource=,Rp1.045.000,ht walkie talkie motorola gt12 plus 20 watt radio motorola gt12 plus 20km 1730793434328958008,,https://p16-images-sign-sg.tokopedia-static.net/tos-alisg-i-aphluv4xwc-sg/img/VqbcmM/2025/1/17/e7fb70c8-5159-4be5-a083-a61e9a8c3eaf.png~tplv-aphluv4xwc-white-pad-v1:200:200.webp?lk3s=97278606&x-expires=1783959250&x-signature=o9DcQF3iOFJ3xnrAImgDFBvzKmw%3D&x-signature-webp=o9DcQF3iOFJ3xnrAImgDFBvzKmw%3D&ect=4g
1783955708894-155,https://www.tokopedia.com/search?st=product&q=HT%20MOTOROLA&srp_component_id=02.01.00.00&srp_page_id=&srp_page_title=&navsource=,Rp925.000,ht motorola gt12 walkie talkie radio dua arah u v dual band jarak jauh 25km daya tinggi 20w k headset 6800mah baterai radio fm am,,https://p16-images-sign-sg.tokopedia-static.net/tos-alisg-i-aphluv4xwc-sg/img/VqbcmM/2024/10/7/95f7ac3f-9a3a-4d2b-a322-d208b633d7cb.jpg~tplv-aphluv4xwc-white-pad-v1:200:200.webp?lk3s=97278606&x-expires=1783959250&x-signature=TEjUajNP3TTfwqgGNe03czChC5o%3D&x-signature-webp=TEjUajNP3TTfwqgGNe03czChC5o%3D&ect=4g
1783955708894-156,https://www.tokopedia.com/search?st=product&q=HT%20MOTOROLA&srp_component_id=02.01.00.00&srp_page_id=&srp_page_title=&navsource=,Rp852.000,ht motorola gp 328 plus walkie talkie 10w portable vhf uhf fm 10km good quality 1731368365808650001,,https://p16-images-sign-sg.tokopedia-static.net/tos-alisg-i-aphluv4xwc-sg/img/VqbcmM/2025/5/8/40dc7f51-3f22-4dff-8b1a-a107528b8b98.jpg~tplv-aphluv4xwc-white-pad-v1:200:200.webp?lk3s=97278606&x-expires=1783959250&x-signature=V2x8ayf29qT3tA%2BsmuIzPfANGgw%3D&x-signature-webp=V2x8ayf29qT3tA%2BsmuIzPfANGgw%3D&ect=4g
1783955708894-157,https://www.tokopedia.com/search?st=product&q=HT%20MOTOROLA&srp_component_id=02.01.00.00&srp_page_id=&srp_page_title=&navsource=,Rp175.000,ht motorola radio walkie talkie gp338plus battery 6800mah 7 4v ht radio 1731066356388103887,ORI,https://p16-images-sign-sg.tokopedia-static.net/tos-alisg-i-aphluv4xwc-sg/img/VqbcmM/2025/3/24/df48b20c-1516-4657-b18b-e1408bf88e1e.png~tplv-aphluv4xwc-white-pad-v1:200:200.webp?lk3s=97278606&x-expires=1783959250&x-signature=oH0fx%2FAIgUX7gz1w6463QOhDdzw%3D&x-signature-webp=oH0fx%2FAIgUX7gz1w6463QOhDdzw%3D&ect=4g
1783955708894-158,https://www.tokopedia.com/search?st=product&q=HT%20MOTOROLA&srp_component_id=02.01.00.00&srp_page_id=&srp_page_title=&navsource=,Rp585.000,ht motorola mini super slim 2 pcs walkie talkie jarak jauh 10km tahan air ip54 anti debu 16 saluran garansi 1 tahun 1733780400815506476,,https://p16-images-sign-sg.tokopedia-static.net/tos-alisg-i-aphluv4xwc-sg/bc05565f2805475b8eab6c4642669cbd~tplv-aphluv4xwc-white-pad-v1:200:200.webp?lk3s=97278606&x-expires=1783959250&x-signature=Ft9BIZbkCB0cTZJG2PqaRO5mHjo%3D&x-signature-webp=Ft9BIZbkCB0cTZJG2PqaRO5mHjo%3D&ect=4g
1783955708895-159,https://www.tokopedia.com/search?st=product&q=HT%20MOTOROLA&srp_component_id=02.01.00.00&srp_page_id=&srp_page_title=&navsource=,Rp1.450.000,ht poc motorola b7 zello sim card wifi android walkie talkie high power internet radio 5000km dual frequency handheld fm digital two way radio 1731363956405929767,,https://p16-images-sign-sg.tokopedia-static.net/tos-alisg-i-aphluv4xwc-sg/img/VqbcmM/2025/5/8/ba3e956e-1b59-4d6b-b6b1-0886e33a5959.jpg~tplv-aphluv4xwc-white-pad-v1:200:200.webp?lk3s=97278606&x-expires=1783959250&x-signature=iIZEBQRqmSc3QtIvIxson7cqIdw%3D&x-signature-webp=iIZEBQRqmSc3QtIvIxson7cqIdw%3D&ect=4g
1783955708895-160,https://www.tokopedia.com/search?st=product&q=HT%20MOTOROLA&srp_component_id=02.01.00.00&srp_page_id=&srp_page_title=&navsource=,Rp287.000,terbaru ht motorola cp 6688 uhf 16 channel siap pakai waterproof ip54 tahan air walkie talkie cp6688 headset k plug jarak jauh 10km 5800mah battery type c charging dock charger two way radio handy talky cp 6688 mini slim paket lengkap harga temurah 1730811672789485494,,https://p16-images-sign-sg.tokopedia-static.net/tos-alisg-i-aphluv4xwc-sg/img/VqbcmM/2025/1/23/b0158421-295f-43aa-a5fc-e6e8897e792f.png~tplv-aphluv4xwc-white-pad-v1:200:200.webp?lk3s=97278606&x-expires=1783959250&x-signature=rOzTObvYJslQSO2MWJhL3y%2BuCNw%3D&x-signature-webp=rOzTObvYJslQSO2MWJhL3y%2BuCNw%3D&ect=4g
1783955708895-163,https://www.tokopedia.com/search?st=product&q=HT%20MOTOROLA&srp_component_id=02.01.00.00&srp_page_id=&srp_page_title=&navsource=,Rp550.000,ht motorola a10 walkie talkie two way radio uhf 400 520 mhz 10 watt type c 1732213945955419508,,https://p16-images-sign-sg.tokopedia-static.net/tos-alisg-i-aphluv4xwc-sg/f00fbf55104e4668957f805f56877297~tplv-aphluv4xwc-white-pad-v1:200:200.webp?lk3s=97278606&x-expires=1783959250&x-signature=cwz%2B3mePKd0beRE5CDvAM3J3320%3D&x-signature-webp=cwz%2B3mePKd0beRE5CDvAM3J3320%3D&ect=4g
1783955708895-164,https://www.tokopedia.com/search?st=product&q=HT%20MOTOROLA&srp_component_id=02.01.00.00&srp_page_id=&srp_page_title=&navsource=,Rp2.750.000,ht handy talkie walkie talkie magone by motorola vz 28 vz28 vhf 136mhz,,https://p16-images-sign-sg.tokopedia-static.net/tos-alisg-i-aphluv4xwc-sg/img/VqbcmM/2021/6/29/edd1bc0b-079f-4a66-900e-ae34f90ca494.jpg~tplv-aphluv4xwc-white-pad-v1:200:200.webp?lk3s=97278606&x-expires=1783959250&x-signature=6OtIqi0ZqySoTK2XB1GKsUlLpy0%3D&x-signature-webp=6OtIqi0ZqySoTK2XB1GKsUlLpy0%3D&ect=4g
1783955708895-166,https://www.tokopedia.com/search?st=product&q=HT%20MOTOROLA&srp_component_id=02.01.00.00&srp_page_id=&srp_page_title=&navsource=,Rp581.000,motorola walkie talkie 20km long distance hx8100 15w two way radio fm intercom 256 channel ip54 waterproof 1732065942979184335,ORI,https://p16-images-sign-sg.tokopedia-static.net/tos-alisg-i-aphluv4xwc-sg/d9dd1ed0434a4d05b50d2a13afc05a94~tplv-aphluv4xwc-white-pad-v1:200:200.webp?lk3s=97278606&x-expires=1783959250&x-signature=D695n5tesZDQkvoXt%2BwC3PiqQVU%3D&x-signature-webp=D695n5tesZDQkvoXt%2BwC3PiqQVU%3D&ect=4g
1783955708895-167,https://www.tokopedia.com/search?st=product&q=HT%20MOTOROLA&srp_component_id=02.01.00.00&srp_page_id=&srp_page_title=&navsource=,Rp500.000,motorola c51 walkie talkie ht moto c 51 set sepasang single band uhf,,https://p16-images-sign-sg.tokopedia-static.net/tos-alisg-i-aphluv4xwc-sg/img/VqbcmM/2024/2/3/15da49b8-62d6-4d88-92ee-ce62157edad9.jpg~tplv-aphluv4xwc-white-pad-v1:200:200.webp?lk3s=97278606&x-expires=1783959250&x-signature=2glViA8ecIGgyxtE0lZ5dATkp%2BQ%3D&x-signature-webp=2glViA8ecIGgyxtE0lZ5dATkp%2BQ%3D&ect=4g
1783955708895-168,https://www.tokopedia.com/search?st=product&q=HT%20MOTOROLA&srp_component_id=02.01.00.00&srp_page_id=&srp_page_title=&navsource=,Rp690.000,ht motorola v86t walkie talkies 12w high power 8800mah 999 channel black 1set 02ba0,,https://p16-images-sign-sg.tokopedia-static.net/tos-alisg-i-aphluv4xwc-sg/img/hDjmkQ/2024/5/25/0130db71-eeb3-4ab2-a959-29f68b884ecc.jpg~tplv-aphluv4xwc-white-pad-v1:200:200.webp?lk3s=97278606&x-expires=1783959250&x-signature=MeS%2Fd88%2FLqXmmBuaZiXoiqxey8A%3D&x-signature-webp=MeS%2Fd88%2FLqXmmBuaZiXoiqxey8A%3D&ect=4g
1783955708895-169,https://www.tokopedia.com/search?st=product&q=HT%20MOTOROLA&srp_component_id=02.01.00.00&srp_page_id=&srp_page_title=&navsource=,Rp1.825.000,handy talky motorola cp 1660 uhf 350 mhz brande new with box and warranty card garansi toko 1thn garansi ganti unit 1bulan 1729867682964604396,,https://p16-images-sign-sg.tokopedia-static.net/tos-alisg-i-aphluv4xwc-sg/img/VqbcmM/2023/2/7/131ce19a-bc0c-4edc-afd1-d34ad0889263.jpg~tplv-aphluv4xwc-white-pad-v1:200:200.webp?lk3s=97278606&x-expires=1783959250&x-signature=1JnZ1gktkr6kUC7B3DgIOdnYJMY%3D&x-signature-webp=1JnZ1gktkr6kUC7B3DgIOdnYJMY%3D&ect=4g
1783955708895-170,https://www.tokopedia.com/search?st=product&q=HT%20MOTOROLA&srp_component_id=02.01.00.00&srp_page_id=&srp_page_title=&navsource=,Rp722.000,ht motorola gp328 walkie talkie jarak jauh radio fm am dua arah tahan grey 1set 3dba0,,https://p16-images-sign-sg.tokopedia-static.net/tos-alisg-i-aphluv4xwc-sg/img/hDjmkQ/2024/5/25/bc0de2ec-cd7f-4c9b-84f4-7e0603f62ed8.jpg~tplv-aphluv4xwc-white-pad-v1:200:200.webp?lk3s=97278606&x-expires=1783959250&x-signature=qHGXR1rDfQ%2BvQPqwbLFE3v489l8%3D&x-signature-webp=qHGXR1rDfQ%2BvQPqwbLFE3v489l8%3D&ect=4g
1783955708895-171,https://www.tokopedia.com/search?st=product&q=HT%20MOTOROLA&srp_component_id=02.01.00.00&srp_page_id=&srp_page_title=&navsource=,Rp418.000,2pcs ht motorola c51 mini walkie talkie uhf 5 watts 16 channels usb 2 pcs 97ba8,,https://p16-images-sign-sg.tokopedia-static.net/tos-alisg-i-aphluv4xwc-sg/img/hDjmkQ/2024/5/25/368e8865-fdc8-4a38-8963-cb830509b61a.jpg~tplv-aphluv4xwc-white-pad-v1:200:200.webp?lk3s=97278606&x-expires=1783959250&x-signature=vD8vxKeGJklcAPdkC4sDHLDznJA%3D&x-signature-webp=vD8vxKeGJklcAPdkC4sDHLDznJA%3D&ect=4g
1783955708895-172,https://www.tokopedia.com/search?st=product&q=HT%20MOTOROLA&srp_component_id=02.01.00.00&srp_page_id=&srp_page_title=&navsource=,Rp2.950.000,jual ht motorola gp 338 vhf uhf include extramic like new ht gp338,,https://p16-images-sign-sg.tokopedia-static.net/tos-alisg-i-aphluv4xwc-sg/img/VqbcmM/2021/7/8/8bdef6b7-84fb-4494-b2d1-6936edd58856.png~tplv-aphluv4xwc-white-pad-v1:200:200.webp?lk3s=97278606&x-expires=1783959250&x-signature=RiO2beBzonfsTkhhR9IaUfSBLmI%3D&x-signature-webp=RiO2beBzonfsTkhhR9IaUfSBLmI%3D&ect=4g
1783955708895-173,https://www.tokopedia.com/search?st=product&q=HT%20MOTOROLA&srp_component_id=02.01.00.00&srp_page_id=&srp_page_title=&navsource=,Rp690.000,ht motorola gp328 plus walkie talkie kisaran panjang 1730092032478250402,,https://p16-images-sign-sg.tokopedia-static.net/tos-alisg-i-aphluv4xwc-sg/img/hDjmkQ/2024/6/8/51198cf1-81be-4775-a7e6-2666766a5d95.jpg~tplv-aphluv4xwc-white-pad-v1:200:200.webp?lk3s=97278606&x-expires=1783959250&x-signature=Tg%2BZvNZuP9d3zBcR62VYUvAnG5Q%3D&x-signature-webp=Tg%2BZvNZuP9d3zBcR62VYUvAnG5Q%3D&ect=4g
1783955708895-174,https://www.tokopedia.com/search?st=product&q=HT%20MOTOROLA&srp_component_id=02.01.00.00&srp_page_id=&srp_page_title=&navsource=,Rp2.750.000,walkie talkie motorola t82 original 1 pasang two way radio tlkr t82,,https://p16-images-sign-sg.tokopedia-static.net/tos-alisg-i-aphluv4xwc-sg/img/VqbcmM/2021/12/21/878f0f91-f938-4bb3-9db4-625b410240c3.jpg~tplv-aphluv4xwc-white-pad-v1:200:200.webp?lk3s=97278606&x-expires=1783959250&x-signature=GxlqIkLEOPNXQigFqVFJF23Fgmg%3D&x-signature-webp=GxlqIkLEOPNXQigFqVFJF23Fgmg%3D&ect=4g
1783955708896-175,https://www.tokopedia.com/search?st=product&q=HT%20MOTOROLA&srp_component_id=02.01.00.00&srp_page_id=&srp_page_title=&navsource=,Rp220.000,ht motorola gp3188 uhf 403 mhz 470 mhz walkie talkie motorola gp 3188 unit saja normal tx dan rx 1735923001810192378,,https://p16-images-sign-sg.tokopedia-static.net/tos-alisg-i-aphluv4xwc-sg/4217da92f1bd47a194bf1ffbaf91303b~tplv-aphluv4xwc-white-pad-v1:200:200.webp?lk3s=97278606&x-expires=1783959250&x-signature=0kywM8Lz%2BcRAkXSALVz5232Azdc%3D&x-signature-webp=0kywM8Lz%2BcRAkXSALVz5232Azdc%3D&ect=4g
1783955708896-176,https://www.tokopedia.com/search?st=product&q=HT%20MOTOROLA&srp_component_id=02.01.00.00&srp_page_id=&srp_page_title=&navsource=,Rp300.000,ht motorola cp1300 prequency 350mhz 1730964954078873321,,https://p16-images-sign-sg.tokopedia-static.net/tos-alisg-i-aphluv4xwc-sg/img/VqbcmM/2025/3/5/0baee7c7-dd08-40f5-a804-e96a31698a13.jpg~tplv-aphluv4xwc-white-pad-v1:200:200.webp?lk3s=97278606&x-expires=1783959250&x-signature=EkyCNyHQMU2UtPpqXzPqheSz82Y%3D&x-signature-webp=EkyCNyHQMU2UtPpqXzPqheSz82Y%3D&ect=4g
1783955708896-177,https://www.tokopedia.com/search?st=product&q=HT%20MOTOROLA&srp_component_id=02.01.00.00&srp_page_id=&srp_page_title=&navsource=,Rp352.500,ht motorola c51 5watt two way radio mini portabel kekuatan tinggi walkie talkie profesi pemancar penerima 10km 9800mah baterai tahan lama 1731778830734034684,,https://p16-images-sign-sg.tokopedia-static.net/tos-alisg-i-aphluv4xwc-sg/b4ad8dd7739f467fab821b8318c8914b~tplv-aphluv4xwc-white-pad-v1:200:200.webp?lk3s=97278606&x-expires=1783959250&x-signature=yewuCw3tKNA9pr%2BFLe75d9RRsD0%3D&x-signature-webp=yewuCw3tKNA9pr%2BFLe75d9RRsD0%3D&ect=4g
1783955708896-178,https://www.tokopedia.com/search?st=product&q=HT%20MOTOROLA&srp_component_id=02.01.00.00&srp_page_id=&srp_page_title=&navsource=,Rp215.000,walkie talkie motorola t4900 normal,,https://p16-images-sign-sg.tokopedia-static.net/tos-alisg-i-aphluv4xwc-sg/img/VqbcmM/2024/6/16/40402b0e-7fb8-4521-979c-ec6fec1c8932.jpg~tplv-aphluv4xwc-white-pad-v1:200:200.webp?lk3s=97278606&x-expires=1783959250&x-signature=%2BLmfZ6WWAoWHhr9WVJDFWojScxs%3D&x-signature-webp=%2BLmfZ6WWAoWHhr9WVJDFWojScxs%3D&ect=4g
1783955708896-179,https://www.tokopedia.com/search?st=product&q=HT%20MOTOROLA&srp_component_id=02.01.00.00&srp_page_id=&srp_page_title=&navsource=,Rp761.000,iman new ht 10 watt ht motorola gp328 plus powerfull real 10 watt dual band handy talky walkie talkie handy talkie 1730817124725327294,,https://p16-images-sign-sg.tokopedia-static.net/tos-alisg-i-aphluv4xwc-sg/img/VqbcmM/2025/1/25/6a07d3c9-44d1-4d6d-936d-6e5c63864634.jpg~tplv-aphluv4xwc-white-pad-v1:200:200.webp?lk3s=97278606&x-expires=1783959250&x-signature=2MS6N8kMBPBoBH0ZGzrKB60FnC4%3D&x-signature-webp=2MS6N8kMBPBoBH0ZGzrKB60FnC4%3D&ect=4g
1783955708896-180,https://www.tokopedia.com/search?st=product&q=HT%20MOTOROLA&srp_component_id=02.01.00.00&srp_page_id=&srp_page_title=&navsource=,Rp225.000,ht motorola gp2000 vhf,,https://p16-images-sign-sg.tokopedia-static.net/tos-alisg-i-aphluv4xwc-sg/img/VqbcmM/2023/6/10/3dcd4345-f17d-4088-8f19-a379c1539840.jpg~tplv-aphluv4xwc-white-pad-v1:200:200.webp?lk3s=97278606&x-expires=1783959250&x-signature=IKOePUHHXKbEwPdiyhefb2a36Jw%3D&x-signature-webp=IKOePUHHXKbEwPdiyhefb2a36Jw%3D&ect=4g
1783955708896-181,https://www.tokopedia.com/search?st=product&q=HT%20MOTOROLA&srp_component_id=02.01.00.00&srp_page_id=&srp_page_title=&navsource=,Rp543.700,handy talky walkie talkie 370s ht motorola perangkat luar 20km type c charging 15w vhf uhf 6800mah tahan air dan tahan debu civil digital two way radio handy talkie 1735050309328799250 1735051144333788690,,https://p19-images-sign-sg.tokopedia-static.net/tos-alisg-i-aphluv4xwc-sg/b343dd9a445c48efb6589ae63b4e5e61~tplv-aphluv4xwc-white-pad-v1:200:200.webp?lk3s=97278606&x-expires=1783959257&x-signature=goI2sknPt3LoXtslr8w46NALbdk%3D&x-signature-webp=goI2sknPt3LoXtslr8w46NALbdk%3D&ect=4g
1783955708896-183,https://www.tokopedia.com/search?st=product&q=HT%20MOTOROLA&srp_component_id=02.01.00.00&srp_page_id=&srp_page_title=&navsource=,Rp371.000,motorola walkie talkie c51 ht sepasang 2 unit single band uhf siap pakai sudah terkoneksi dengan pemindaian uhf 400 470mhz dan fungsi enkripsi pemrograman 1730118473088206400,,https://p16-images-sign-sg.tokopedia-static.net/tos-alisg-i-aphluv4xwc-sg/img/hDjmkQ/2024/12/25/2c3a0257-6465-4ebe-bfc0-51d1699eb21e.jpg~tplv-aphluv4xwc-white-pad-v1:200:200.webp?lk3s=97278606&x-expires=1783959257&x-signature=mcM0iB%2FkLeNvoz0202h%2BicRr8Uc%3D&x-signature-webp=mcM0iB%2FkLeNvoz0202h%2BicRr8Uc%3D&ect=4g
1783955708896-184,https://www.tokopedia.com/search?st=product&q=HT%20MOTOROLA&srp_component_id=02.01.00.00&srp_page_id=&srp_page_title=&navsource=,Rp1.481.900,ht motorola t82 walkie talkie two way radio jarak jauh 10km daya tinggi 10w 16 saluran radio 2unit portabel walkie talkie frekuensi penerbangan berkapasitas tinggi 9800mah led type c ip54 tahan air tahan debu cocok untuk luar ruangan hotel terlaris 1732278339576300741,,https://p16-images-common-sign-sg.tokopedia-static.net/tos-maliva-i-o3syd03w52-us/ac19cc8d2c7a4325b219c167287b7f36~tplv-o3syd03w52-resize-jpeg:200:200.webp?lk3s=97278606&x-expires=1783959257&x-signature=EttyaLgYl28EWWG9VqcdVXLhaaY%3D&x-signature-webp=EttyaLgYl28EWWG9VqcdVXLhaaY%3D&ect=4g
1783955708896-185,https://www.tokopedia.com/search?st=product&q=HT%20MOTOROLA&srp_component_id=02.01.00.00&srp_page_id=&srp_page_title=&navsource=,Rp1.175.000,beli 2 gratis 2 dapat 4pcs ht motorola c51 mini two way radio 5w 16 channels 10km ip54 waterproof uhf 400 470mhz 4 unit handy talky motorola c 51 jarak jauh tahan air walkie talkie motorola c 51 slim mudah dibawa wolki tolki motorolac51 siap pakai 1730823183193638704,Gratis Ongkir,https://p16-images-sign-sg.tokopedia-static.net/tos-alisg-i-aphluv4xwc-sg/img/VqbcmM/2025/1/29/7c2a0c0a-a5b0-4508-ae49-2d4a5fb50657.jpg~tplv-aphluv4xwc-white-pad-v1:200:200.webp?lk3s=97278606&x-expires=1783959257&x-signature=4J3%2F2rQdPTgWggJZmosNegYVaM8%3D&x-signature-webp=4J3%2F2rQdPTgWggJZmosNegYVaM8%3D&ect=4g
1783955708896-186,https://www.tokopedia.com/search?st=product&q=HT%20MOTOROLA&srp_component_id=02.01.00.00&srp_page_id=&srp_page_title=&navsource=,Rp825.000,2pcs ht motorola jarak jauh 10km a10 two way radio 10watt power 199 channels ip54 waterproof cocok untuk outdoor hotel sekolah situs konstruksi 1731319058938758536,,https://p16-images-sign-sg.tokopedia-static.net/tos-alisg-i-aphluv4xwc-sg/img/hDjmkQ/2025/5/2/4f88e83a-bac3-4bfe-8e41-a329f2dea8dc.jpg~tplv-aphluv4xwc-white-pad-v1:200:200.webp?lk3s=97278606&x-expires=1783959257&x-signature=n2lftLkW1qvWJAte89OZvPbM6IM%3D&x-signature-webp=n2lftLkW1qvWJAte89OZvPbM6IM%3D&ect=4g
1783955708896-187,https://www.tokopedia.com/search?st=product&q=HT%20MOTOROLA&srp_component_id=02.01.00.00&srp_page_id=&srp_page_title=&navsource=,Rp570.000,ht motorola a10 isi 2 pcs walkie talkie two way radio 10w uhf 400 520mhz 9800mah type c 199ch 1732048650527934140,,https://p16-images-sign-sg.tokopedia-static.net/tos-alisg-i-aphluv4xwc-sg/0bcfae5f03c14a9f83227362ba1e7317~tplv-aphluv4xwc-white-pad-v1:200:200.webp?lk3s=97278606&x-expires=1783959257&x-signature=VwpYSEZKpoU73N9QZTa5%2Fw88%2FeQ%3D&x-signature-webp=VwpYSEZKpoU73N9QZTa5%2Fw88%2FeQ%3D&ect=4g
1783955708897-190,https://www.tokopedia.com/search?st=product&q=HT%20MOTOROLA&srp_component_id=02.01.00.00&srp_page_id=&srp_page_title=&navsource=,Rp1.443.825,pasti promo ht handy talky motorola c 51 mini walkie talkie 5 watt 1 dus ramadhan ekstra 1730872130773420030,,https://p16-images-sign-sg.tokopedia-static.net/tos-alisg-i-aphluv4xwc-sg/img/hDjmkQ/2025/2/16/a84f7626-bfeb-4798-a21c-664ce0c819bb.jpg~tplv-aphluv4xwc-white-pad-v1:200:200.webp?lk3s=97278606&x-expires=1783959257&x-signature=e5Qoy%2FSGpopLSwlpMAfoT%2BHEuz8%3D&x-signature-webp=e5Qoy%2FSGpopLSwlpMAfoT%2BHEuz8%3D&ect=4g
1783955708897-191,https://www.tokopedia.com/search?st=product&q=HT%20MOTOROLA&srp_component_id=02.01.00.00&srp_page_id=&srp_page_title=&navsource=,Rp260.000,ht motorola p308 uhf 350mhz smp 308p bekas clarigo 308 p,,https://p16-images-sign-sg.tokopedia-static.net/tos-alisg-i-aphluv4xwc-sg/img/VqbcmM/2024/5/8/b99e7df5-a5d8-4b7f-9218-6487bbafdbb3.jpg~tplv-aphluv4xwc-white-pad-v1:200:200.webp?lk3s=97278606&x-expires=1783959257&x-signature=czfHruV3EnaIbJEpy2tpNufi9po%3D&x-signature-webp=czfHruV3EnaIbJEpy2tpNufi9po%3D&ect=4g
1783955708897-192,https://www.tokopedia.com/search?st=product&q=HT%20MOTOROLA&srp_component_id=02.01.00.00&srp_page_id=&srp_page_title=&navsource=,Rp535.000,ht motorola c51 walkie talkie kisaran panjang 10km 16channels ip54 2 pcs 3f34b,,https://p16-images-sign-sg.tokopedia-static.net/tos-alisg-i-aphluv4xwc-sg/img/hDjmkQ/2024/5/10/22e235f6-37b3-4cf8-a2af-80c64a97e5ca.jpg~tplv-aphluv4xwc-white-pad-v1:200:200.webp?lk3s=97278606&x-expires=1783959257&x-signature=yD42sWXadWb8Y%2BOmRN60z8VQqkE%3D&x-signature-webp=yD42sWXadWb8Y%2BOmRN60z8VQqkE%3D&ect=4g
1783955708897-193,https://www.tokopedia.com/search?st=product&q=HT%20MOTOROLA&srp_component_id=02.01.00.00&srp_page_id=&srp_page_title=&navsource=,Rp1.353.000,ht motorola c1 walkie talkie two way radio jarak jauh 10km daya tinggi 5w 16 saluran radio 2unit portabel walkie talkie frekuensi penerbangan berkapasitas tinggi 9800mah led type c ip54 tahan air tahan debu cocok untuk luar ruangan hotel 4 pcs a5560,,https://p16-images-sign-sg.tokopedia-static.net/tos-alisg-i-aphluv4xwc-sg/img/VqbcmM/2024/11/22/9ce9b6ab-0f9a-40fc-9b5c-8e612b8849b3.jpg~tplv-aphluv4xwc-white-pad-v1:200:200.webp?lk3s=97278606&x-expires=1783959257&x-signature=woS4K16n%2BJpoxGOwNUvJWSGfsd0%3D&x-signature-webp=woS4K16n%2BJpoxGOwNUvJWSGfsd0%3D&ect=4g
1783955708897-194,https://www.tokopedia.com/search?st=product&q=HT%20MOTOROLA&srp_component_id=02.01.00.00&srp_page_id=&srp_page_title=&navsource=,Rp449.000,ht walkie talkie morqtola m8 2 unit kapasitas baterai besar jangkauan luas,,https://p19-images-sign-sg.tokopedia-static.net/tos-alisg-i-aphluv4xwc-sg/img/VqbcmM/2024/11/7/022ac33d-2081-4a78-9847-093754f74220.jpg~tplv-aphluv4xwc-white-pad-v1:200:200.webp?lk3s=97278606&x-expires=1783959257&x-signature=yMDxkThcrbHXsBMI6q546kLx9KY%3D&x-signature-webp=yMDxkThcrbHXsBMI6q546kLx9KY%3D&ect=4g
1783955708897-195,https://www.tokopedia.com/search?st=product&q=HT%20MOTOROLA&srp_component_id=02.01.00.00&srp_page_id=&srp_page_title=&navsource=,Rp1.654.880,motorola t62 sepasang walkie talkie talkabout garansi resmi ori ht wt,ORI,https://p16-images-sign-sg.tokopedia-static.net/tos-alisg-i-aphluv4xwc-sg/img/hDjmkQ/2023/8/21/ae5a01f3-47ab-481e-8c85-30774c63fdba.jpg~tplv-aphluv4xwc-white-pad-v1:200:200.webp?lk3s=97278606&x-expires=1783959257&x-signature=vCWjMpMv589cNWfcvIbfhR5kwV8%3D&x-signature-webp=vCWjMpMv589cNWfcvIbfhR5kwV8%3D&ect=4g
1783955708897-196,https://www.tokopedia.com/search?st=product&q=HT%20MOTOROLA&srp_component_id=02.01.00.00&srp_page_id=&srp_page_title=&navsource=,Rp745.500,new ht motorola hx370s walkie talkie hx370s radio anti air jarak jauh,,https://p16-images-sign-sg.tokopedia-static.net/tos-alisg-i-aphluv4xwc-sg/img/hDjmkQ/2024/12/13/5929f58c-dbbb-40ef-8f88-26944b59e8e5.jpg~tplv-aphluv4xwc-white-pad-v1:200:200.webp?lk3s=97278606&x-expires=1783959257&x-signature=FchaYgFgHNCD1QLIWigf%2BZz6S54%3D&x-signature-webp=FchaYgFgHNCD1QLIWigf%2BZz6S54%3D&ect=4g
1783955708897-199,https://www.tokopedia.com/search?st=product&q=HT%20MOTOROLA&srp_component_id=02.01.00.00&srp_page_id=&srp_page_title=&navsource=,Rp300.000,unit ht motorola gp2000 uhf atas kondisi baru walkie talkie motorola gp2000 uhf new 1733540181061502008,,https://p19-images-sign-sg.tokopedia-static.net/tos-alisg-i-aphluv4xwc-sg/4fd2db084d4e4f31b098b798c3816670~tplv-aphluv4xwc-white-pad-v1:200:200.webp?lk3s=97278606&x-expires=1783959257&x-signature=HoR7dlH9YpfMs7C0KB%2FVa%2Blo0dM%3D&x-signature-webp=HoR7dlH9YpfMs7C0KB%2FVa%2Blo0dM%3D&ect=4g
1783955708898-200,https://www.tokopedia.com/search?st=product&q=HT%20MOTOROLA&srp_component_id=02.01.00.00&srp_page_id=&srp_page_title=&navsource=,Rp690.000,motorola 370s radio komunikasi 6800mah baterai type c ip54 tahan air 1734893215704057333,,https://p16-images-sign-sg.tokopedia-static.net/tos-alisg-i-aphluv4xwc-sg/07fe4eb1aef24585a9745e88e9547324~tplv-aphluv4xwc-white-pad-v1:200:200.webp?lk3s=97278606&x-expires=1783959257&x-signature=VPotifPRzEkpqsuvRCZUUpGQVBA%3D&x-signature-webp=VPotifPRzEkpqsuvRCZUUpGQVBA%3D&ect=4g
1783955708898-201,https://www.tokopedia.com/search?st=product&q=HT%20MOTOROLA&srp_component_id=02.01.00.00&srp_page_id=&srp_page_title=&navsource=,Rp302.700,buy 1 get 1 free motorola walkie talkie t62 uhf 400 470mhz 10w two way radio wireless replication frequency tipe c charge 1733080682483648018,,https://p19-images-sign-sg.tokopedia-static.net/tos-alisg-i-aphluv4xwc-sg/a5b1ba46a4244080807ac4b370cb48cb~tplv-aphluv4xwc-white-pad-v1:200:200.webp?lk3s=97278606&x-expires=1783959257&x-signature=97ph5a72sLQJzjZFMkWyiM9KWfc%3D&x-signature-webp=97ph5a72sLQJzjZFMkWyiM9KWfc%3D&ect=4g
1783955708898-202,https://www.tokopedia.com/search?st=product&q=HT%20MOTOROLA&srp_component_id=02.01.00.00&srp_page_id=&srp_page_title=&navsource=,Rp429.000,morqtola ht terbaru 2024 walkie talkie cc100 jarak jauh 3km 2800mah tahan debu kualitas jepang hi fi sound 1730694106970294120,,https://p16-images-sign-sg.tokopedia-static.net/tos-alisg-i-aphluv4xwc-sg/img/VqbcmM/2024/11/6/227292cb-3b63-4937-884d-47abd7ffe41f.jpg~tplv-aphluv4xwc-white-pad-v1:200:200.webp?lk3s=97278606&x-expires=1783959257&x-signature=8myxxG7NrkjojhOwuRckejtKoyg%3D&x-signature-webp=8myxxG7NrkjojhOwuRckejtKoyg%3D&ect=4g
1783955708898-203,https://www.tokopedia.com/search?st=product&q=HT%20MOTOROLA&srp_component_id=02.01.00.00&srp_page_id=&srp_page_title=&navsource=,Rp1.990.000,motorola ht cp 1300 vhf,,https://p16-images-sign-sg.tokopedia-static.net/tos-alisg-i-aphluv4xwc-sg/img/VqbcmM/2024/4/29/dd1d382f-307d-4173-ab36-3c979dcf871f.jpg~tplv-aphluv4xwc-white-pad-v1:200:200.webp?lk3s=97278606&x-expires=1783959257&x-signature=oQk7ER0ZM%2FTrPcmbAQ%2B3y0Br8hk%3D&x-signature-webp=oQk7ER0ZM%2FTrPcmbAQ%2B3y0Br8hk%3D&ect=4g
1783955708898-204,https://www.tokopedia.com/search?st=product&q=HT%20MOTOROLA&srp_component_id=02.01.00.00&srp_page_id=&srp_page_title=&navsource=,Rp1.335.000,ht motorola cp 1660 uhf 403 second original bergaransi lengkap,,https://p16-images-sign-sg.tokopedia-static.net/tos-alisg-i-aphluv4xwc-sg/img/product-1/2018/9/19/38120082/38120082_cc206167-c12a-4a78-8922-e5f4b8e4ec0f_2048_1536.jpg~tplv-aphluv4xwc-white-pad-v1:200:200.webp?lk3s=97278606&x-expires=1783959257&x-signature=zZN5C2NMNg77xZhgeyb3ZqUkr3c%3D&x-signature-webp=zZN5C2NMNg77xZhgeyb3ZqUkr3c%3D&ect=4g
1783955708898-205,https://www.tokopedia.com/search?st=product&q=HT%20MOTOROLA&srp_component_id=02.01.00.00&srp_page_id=&srp_page_title=&navsource=,Rp750.000,ht motorola gp2000 vhf baru asli bukan refurbish walkie talkie motorola gp 2000 vhf new 1729811693125731549,,https://p16-images-sign-sg.tokopedia-static.net/tos-alisg-i-aphluv4xwc-sg/8975dfc1324f43778c8f80ebd842cd20~tplv-aphluv4xwc-white-pad-v1:200:200.webp?lk3s=97278606&x-expires=1783959257&x-signature=oxNkhPfE7QwTp3GHcZk2ZQM921E%3D&x-signature-webp=oxNkhPfE7QwTp3GHcZk2ZQM921E%3D&ect=4g
1783955708898-207,https://www.tokopedia.com/search?st=product&q=HT%20MOTOROLA&srp_component_id=02.01.00.00&srp_page_id=&srp_page_title=&navsource=,Rp1.396.000,berisi mikrofon mobile radio ht motorola mt8900 walkie talkie vhf dan uhf 25 watt jarak panggilan maksimum 50km perjalanan kerja di luar ruangan,,https://p16-images-sign-sg.tokopedia-static.net/tos-alisg-i-aphluv4xwc-sg/img/VqbcmM/2024/11/22/144e6175-e5ef-49be-bc28-52c8ec8eac3a.jpg~tplv-aphluv4xwc-white-pad-v1:200:200.webp?lk3s=97278606&x-expires=1783959257&x-signature=P%2BBAMQXPlapFgXt%2FMTphnei200U%3D&x-signature-webp=P%2BBAMQXPlapFgXt%2FMTphnei200U%3D&ect=4g
1783955708898-208,https://www.tokopedia.com/search?st=product&q=HT%20MOTOROLA&srp_component_id=02.01.00.00&srp_page_id=&srp_page_title=&navsource=,Rp975.000,ht motorola cp1660 vhf original radio talkie 1731663294493591062,,https://p16-images-sign-sg.tokopedia-static.net/tos-alisg-i-aphluv4xwc-sg/0ddea33fbcf34552bfafde2a1f06d5f9~tplv-aphluv4xwc-white-pad-v1:200:200.webp?lk3s=97278606&x-expires=1783959257&x-signature=UKaY%2FJw9l%2FWiWFZEmBEb79KBnCQ%3D&x-signature-webp=UKaY%2FJw9l%2FWiWFZEmBEb79KBnCQ%3D&ect=4g
1783955708898-209,https://www.tokopedia.com/search?st=product&q=HT%20MOTOROLA&srp_component_id=02.01.00.00&srp_page_id=&srp_page_title=&navsource=,Rp800.000,ht motorola c 1660 vhf normal 1731310516224033982,,https://p16-images-sign-sg.tokopedia-static.net/tos-alisg-i-aphluv4xwc-sg/img/VqbcmM/2025/5/1/eff0719f-6e10-4b59-9eba-8561f57a44dc.jpg~tplv-aphluv4xwc-white-pad-v1:200:200.webp?lk3s=97278606&x-expires=1783959257&x-signature=DOSf3VU1qQ9%2FfBSWx5l18bQWiN0%3D&x-signature-webp=DOSf3VU1qQ9%2FfBSWx5l18bQWiN0%3D&ect=4g
1783955708898-210,https://www.tokopedia.com/search?st=product&q=HT%20MOTOROLA&srp_component_id=02.01.00.00&srp_page_id=&srp_page_title=&navsource=,Rp1.100.000,ht motorola cp 1300vhf,,https://p16-images-sign-sg.tokopedia-static.net/tos-alisg-i-aphluv4xwc-sg/img/VqbcmM/2021/3/17/fdeb529b-bb83-481e-85fb-cff226b2c5ad.jpg~tplv-aphluv4xwc-white-pad-v1:200:200.webp?lk3s=97278606&x-expires=1783959257&x-signature=0%2B6Hdrcb7QB9N53OteI1F5KY37Y%3D&x-signature-webp=0%2B6Hdrcb7QB9N53OteI1F5KY37Y%3D&ect=4g
1783955708898-211,https://www.tokopedia.com/search?st=product&q=HT%20MOTOROLA&srp_component_id=02.01.00.00&srp_page_id=&srp_page_title=&navsource=,Rp2.750.000,ht motorola ats 2500,,https://p16-images-sign-sg.tokopedia-static.net/tos-alisg-i-aphluv4xwc-sg/img/product-1/2020/7/31/281981295/281981295_eda86d4f-4b49-4808-9602-81301430c637_1074_1074.jpg~tplv-aphluv4xwc-white-pad-v1:200:200.webp?lk3s=97278606&x-expires=1783959257&x-signature=37sVeFjabI5NstuvqsgsHPBh0es%3D&x-signature-webp=37sVeFjabI5NstuvqsgsHPBh0es%3D&ect=4g
1783955708898-212,https://www.tokopedia.com/search?st=product&q=HT%20MOTOROLA&srp_component_id=02.01.00.00&srp_page_id=&srp_page_title=&navsource=,Rp500.000,ht motorola gp2000 350 mhz frekuensi uhf motorola gp2000 350 mhz,,https://p19-images-sign-sg.tokopedia-static.net/tos-alisg-i-aphluv4xwc-sg/img/VqbcmM/2023/1/17/6e651e87-8a42-499e-ac34-7e384c08d4c7.jpg~tplv-aphluv4xwc-white-pad-v1:200:200.webp?lk3s=97278606&x-expires=1783959257&x-signature=MzNVAN4e0ZJvqIVpU7GVv4CYfrY%3D&x-signature-webp=MzNVAN4e0ZJvqIVpU7GVv4CYfrY%3D&ect=4g
1783955708898-213,https://www.tokopedia.com/search?st=product&q=HT%20MOTOROLA&srp_component_id=02.01.00.00&srp_page_id=&srp_page_title=&navsource=,Rp250.000,ht motorola gp2000 uhf second,,https://p16-images-sign-sg.tokopedia-static.net/tos-alisg-i-aphluv4xwc-sg/img/VqbcmM/2024/8/28/453975eb-c4f2-4825-a165-9e56b07743ca.jpg~tplv-aphluv4xwc-white-pad-v1:200:200.webp?lk3s=97278606&x-expires=1783959257&x-signature=OE6DcGtfe4EiHqYrCVPKV2eFpBk%3D&x-signature-webp=OE6DcGtfe4EiHqYrCVPKV2eFpBk%3D&ect=4g
1783955708898-214,https://www.tokopedia.com/search?st=product&q=HT%20MOTOROLA&srp_component_id=02.01.00.00&srp_page_id=&srp_page_title=&navsource=,Rp367.500,motorola t82 10w walkie talkie 9800mah long standby 2 15km range 16 channels ip54 waterproof with 1733600830306551455,,https://p16-images-sign-sg.tokopedia-static.net/tos-alisg-i-aphluv4xwc-sg/65d4fb8fef1e4a8ea7f05d01c66d3da1~tplv-aphluv4xwc-white-pad-v1:200:200.webp?lk3s=97278606&x-expires=1783959257&x-signature=aw605nHb8eCn3X%2FieFBkbkXIb70%3D&x-signature-webp=aw605nHb8eCn3X%2FieFBkbkXIb70%3D&ect=4g
1783955708898-215,https://www.tokopedia.com/search?st=product&q=HT%20MOTOROLA&srp_component_id=02.01.00.00&srp_page_id=&srp_page_title=&navsource=,Rp850.000,ht motorola gp 338 orian kantor barang mulus jual apa adanya,,https://p16-images-sign-sg.tokopedia-static.net/tos-alisg-i-aphluv4xwc-sg/img/VqbcmM/2024/11/11/00b5bb29-4873-462d-9e18-69ed2a7d17fa.jpg~tplv-aphluv4xwc-white-pad-v1:200:200.webp?lk3s=97278606&x-expires=1783959257&x-signature=cwxkL2fx%2FD%2FTHRG6mqN%2F4E7ncYA%3D&x-signature-webp=cwxkL2fx%2FD%2FTHRG6mqN%2F4E7ncYA%3D&ect=4g
1783955708898-216,https://www.tokopedia.com/search?st=product&q=HT%20MOTOROLA&srp_component_id=02.01.00.00&srp_page_id=&srp_page_title=&navsource=,Rp749.000,motorola t42 walkie talkie sepasang ori garansi resmi merah mini ht,ORI,https://p16-images-sign-sg.tokopedia-static.net/tos-alisg-i-aphluv4xwc-sg/img/hDjmkQ/2024/5/25/7083b326-b68a-461b-b125-3e86609f1297.jpg~tplv-aphluv4xwc-white-pad-v1:200:200.webp?lk3s=97278606&x-expires=1783959257&x-signature=Sy2ONg8RBPgrzr8ByZnVK3NxNXk%3D&x-signature-webp=Sy2ONg8RBPgrzr8ByZnVK3NxNXk%3D&ect=4g
1783955708898-217,https://www.tokopedia.com/search?st=product&q=HT%20MOTOROLA&srp_component_id=02.01.00.00&srp_page_id=&srp_page_title=&navsource=,Rp200.000,wlky talky motorola normal tanpa casan 1732824543737841374,,https://p16-images-sign-sg.tokopedia-static.net/tos-alisg-i-aphluv4xwc-sg/ce3a1bf508034e1a9e6dbd952385b2eb~tplv-aphluv4xwc-white-pad-v1:200:200.webp?lk3s=97278606&x-expires=1783959257&x-signature=3LLMaej%2B29luw0fFQ22pv3zlkUg%3D&x-signature-webp=3LLMaej%2B29luw0fFQ22pv3zlkUg%3D&ect=4g
1783955708898-218,https://www.tokopedia.com/search?st=product&q=HT%20MOTOROLA&srp_component_id=02.01.00.00&srp_page_id=&srp_page_title=&navsource=,Rp300.000,ht motorola gp3188 vhf normal batangan motorola gp 3188v frek 140 mhz,,https://p16-images-sign-sg.tokopedia-static.net/tos-alisg-i-aphluv4xwc-sg/57e42449b5f448ecb8434acb95fd6932~tplv-aphluv4xwc-white-pad-v1:200:200.webp?lk3s=97278606&x-expires=1783959257&x-signature=qAjND61PsNoJJ7hurgmKOBBBw5I%3D&x-signature-webp=qAjND61PsNoJJ7hurgmKOBBBw5I%3D&ect=4g
1783955708898-219,https://www.tokopedia.com/search?st=product&q=HT%20MOTOROLA&srp_component_id=02.01.00.00&srp_page_id=&srp_page_title=&navsource=,Rp601.000,ht motorola radio hx 380 u vhf radio dua arah 999 saluran di luar ruangan tahan air 10 watt walkie talkie jarak jauh 10km kuning 20aad,,https://p16-images-sign-sg.tokopedia-static.net/tos-alisg-i-aphluv4xwc-sg/img/VqbcmM/2024/11/22/f87aa38c-5d4a-4515-9d94-ffc39841c9b9.jpg~tplv-aphluv4xwc-white-pad-v1:200:200.webp?lk3s=97278606&x-expires=1783959257&x-signature=WIr7eu%2FaURe%2BvxEcARPVXzzR5uE%3D&x-signature-webp=WIr7eu%2FaURe%2BvxEcARPVXzzR5uE%3D&ect=4g
1783955708899-220,https://www.tokopedia.com/search?st=product&q=HT%20MOTOROLA&srp_component_id=02.01.00.00&srp_page_id=&srp_page_title=&navsource=,Rp600.000,ht motorola lengkap charger 1731075340095424072,,https://p16-images-sign-sg.tokopedia-static.net/tos-alisg-i-aphluv4xwc-sg/img/VqbcmM/2025/3/25/696df9d8-8fcd-4f30-be11-da0afe492f64.jpg~tplv-aphluv4xwc-white-pad-v1:200:200.webp?lk3s=97278606&x-expires=1783959257&x-signature=f2pw0PfwMxkHig%2FKTFivhiLReLg%3D&x-signature-webp=f2pw0PfwMxkHig%2FKTFivhiLReLg%3D&ect=4g
1783955708899-221,https://www.tokopedia.com/search?st=product&q=HT%20MOTOROLA&srp_component_id=02.01.00.00&srp_page_id=&srp_page_title=&navsource=,Rp836.000,ht motorola gp2000 vhf bekas walkie talkie motorola gp 2000 vhf second,,https://p16-images-sign-sg.tokopedia-static.net/tos-alisg-i-aphluv4xwc-sg/img/hDjmkQ/2024/5/25/f5724a73-3332-490a-84e1-dafd22cedc73.jpg~tplv-aphluv4xwc-white-pad-v1:200:200.webp?lk3s=97278606&x-expires=1783959257&x-signature=IEDMwyF1SFIvduSECSEkK4rYTIc%3D&x-signature-webp=IEDMwyF1SFIvduSECSEkK4rYTIc%3D&ect=4g
1783955708899-222,https://www.tokopedia.com/search?st=product&q=HT%20MOTOROLA&srp_component_id=02.01.00.00&srp_page_id=&srp_page_title=&navsource=,Rp1.105.000,ht motorola cp1300 vhf bekas,,https://p16-images-sign-sg.tokopedia-static.net/tos-alisg-i-aphluv4xwc-sg/img/VqbcmM/2024/8/7/363d5aa6-d480-4aab-b31e-2a07c056c2aa.jpg~tplv-aphluv4xwc-white-pad-v1:200:200.webp?lk3s=97278606&x-expires=1783959257&x-signature=BBNwfWUW27kz4hzT4Rb0R5bRDGs%3D&x-signature-webp=BBNwfWUW27kz4hzT4Rb0R5bRDGs%3D&ect=4g
1783955708899-224,https://www.tokopedia.com/search?st=product&q=HT%20MOTOROLA&srp_component_id=02.01.00.00&srp_page_id=&srp_page_title=&navsource=,Rp4.950.000,ht motorola slim vhf ht motorola slim mototurbo vhf original garansi,,https://p16-images-sign-sg.tokopedia-static.net/tos-alisg-i-aphluv4xwc-sg/img/product-1/2020/7/15/14231422/14231422_e953d129-dfde-407f-82bb-fd6cc31e5e68_450_450~tplv-aphluv4xwc-white-pad-v1:200:200.webp?lk3s=97278606&x-expires=1783959257&x-signature=m6GZKS56pOvD0A4afW9WjX08iTk%3D&x-signature-webp=m6GZKS56pOvD0A4afW9WjX08iTk%3D&ect=4g
1783955708899-225,https://www.tokopedia.com/search?st=product&q=HT%20MOTOROLA&srp_component_id=02.01.00.00&srp_page_id=&srp_page_title=&navsource=,Rp410.000,motorola gp2000 band vhf dan sudah dengan cas batrei liteon cas dc,,https://p16-images-sign-sg.tokopedia-static.net/tos-alisg-i-aphluv4xwc-sg/img/VqbcmM/2022/8/23/a7f8650d-c08b-42cb-9d92-df1a64561930.jpg~tplv-aphluv4xwc-white-pad-v1:200:200.webp?lk3s=97278606&x-expires=1783959257&x-signature=8%2F7DfuRKnWDIS4HGtr1vFRHiFXU%3D&x-signature-webp=8%2F7DfuRKnWDIS4HGtr1vFRHiFXU%3D&ect=4g
1783955708899-226,https://www.tokopedia.com/search?st=product&q=HT%20MOTOROLA&srp_component_id=02.01.00.00&srp_page_id=&srp_page_title=&navsource=,Rp250.000,ht motorolagp3188 vhf,,https://p16-images-sign-sg.tokopedia-static.net/tos-alisg-i-aphluv4xwc-sg/img/VqbcmM/2023/6/13/b5e8d6f1-a559-48af-9b24-71d8262b292a.jpg~tplv-aphluv4xwc-white-pad-v1:200:200.webp?lk3s=97278606&x-expires=1783959257&x-signature=yyClEj%2FoZC01KxQ%2BExWETNdzo50%3D&x-signature-webp=yyClEj%2FoZC01KxQ%2BExWETNdzo50%3D&ect=4g
1783955708899-227,https://www.tokopedia.com/search?st=product&q=HT%20MOTOROLA&srp_component_id=02.01.00.00&srp_page_id=&srp_page_title=&navsource=,Rp350.000,ht motorola gp 3188,,https://p16-images-sign-sg.tokopedia-static.net/tos-alisg-i-aphluv4xwc-sg/img/VqbcmM/2023/11/5/d383aa62-02b2-49f5-99c9-fce432828ee9.jpg~tplv-aphluv4xwc-white-pad-v1:200:200.webp?lk3s=97278606&x-expires=1783959257&x-signature=Mx7VQGaBi7YMoudSeE3u7HAwCPY%3D&x-signature-webp=Mx7VQGaBi7YMoudSeE3u7HAwCPY%3D&ect=4g
1783955708899-228,https://www.tokopedia.com/search?st=product&q=HT%20MOTOROLA&srp_component_id=02.01.00.00&srp_page_id=&srp_page_title=&navsource=,Rp350.000,ht motorola 308 bekas,,https://p19-images-sign-sg.tokopedia-static.net/tos-alisg-i-aphluv4xwc-sg/img/VqbcmM/2022/11/11/e2e37b16-198f-443e-b813-75f321d0a0b0.jpg~tplv-aphluv4xwc-white-pad-v1:200:200.webp?lk3s=97278606&x-expires=1783959257&x-signature=SavKqk9ejN38Z1xnriwudyvb4BM%3D&x-signature-webp=SavKqk9ejN38Z1xnriwudyvb4BM%3D&ect=4g
1783955708899-230,https://www.tokopedia.com/search?st=product&q=HT%20MOTOROLA&srp_component_id=02.01.00.00&srp_page_id=&srp_page_title=&navsource=,Rp215.000,ht motorola gp3188 prequency vhf band 1731334937471452905,,https://p16-images-sign-sg.tokopedia-static.net/tos-alisg-i-aphluv4xwc-sg/img/VqbcmM/2025/5/4/e7e363cb-87a4-4dba-b1be-300b7f886bbd.jpg~tplv-aphluv4xwc-white-pad-v1:200:200.webp?lk3s=97278606&x-expires=1783959257&x-signature=jVYax9Otm6JkVm%2FnpoBUU2rv7DQ%3D&x-signature-webp=jVYax9Otm6JkVm%2FnpoBUU2rv7DQ%3D&ect=4g
1783955708899-231,https://www.tokopedia.com/search?st=product&q=HT%20MOTOROLA&srp_component_id=02.01.00.00&srp_page_id=&srp_page_title=&navsource=,Rp500.000,ht motorola 3188 vhf,,https://p16-images-sign-sg.tokopedia-static.net/tos-alisg-i-aphluv4xwc-sg/img/VqbcmM/2021/11/25/e9f3f5c4-0e9e-48bc-97df-25c87c37088a.jpg~tplv-aphluv4xwc-white-pad-v1:200:200.webp?lk3s=97278606&x-expires=1783959257&x-signature=eSddynkDoBY9oVus%2BpJcrceyMIc%3D&x-signature-webp=eSddynkDoBY9oVus%2BpJcrceyMIc%3D&ect=4g
1783955708899-232,https://www.tokopedia.com/search?st=product&q=HT%20MOTOROLA&srp_component_id=02.01.00.00&srp_page_id=&srp_page_title=&navsource=,Rp355.000,ht motorola gp 3188vhf bekas mesin only normal,,https://p16-images-sign-sg.tokopedia-static.net/tos-alisg-i-aphluv4xwc-sg/img/VqbcmM/2021/9/9/070a180e-d96f-4e12-9dd4-3693b8626727.jpg~tplv-aphluv4xwc-white-pad-v1:200:200.webp?lk3s=97278606&x-expires=1783959257&x-signature=T%2B9pLYXVVg8T9uY45%2F3XQRdRNII%3D&x-signature-webp=T%2B9pLYXVVg8T9uY45%2F3XQRdRNII%3D&ect=4g
1783955708899-233,https://www.tokopedia.com/search?st=product&q=HT%20MOTOROLA&srp_component_id=02.01.00.00&srp_page_id=&srp_page_title=&navsource=,Rp350.000,ht motorola gp 3188 vhf bekas body only,,https://p16-images-sign-sg.tokopedia-static.net/tos-alisg-i-aphluv4xwc-sg/img/product-1/2020/7/22/2380886/2380886_51f740e5-7bd1-48ed-97db-78285840474a_984_984.jpg~tplv-aphluv4xwc-white-pad-v1:200:200.webp?lk3s=97278606&x-expires=1783959257&x-signature=O8gNII8dT7v865jCOojYB6JhtwA%3D&x-signature-webp=O8gNII8dT7v865jCOojYB6JhtwA%3D&ect=4g
1783955708900-234,https://www.tokopedia.com/search?st=product&q=HT%20MOTOROLA&srp_component_id=02.01.00.00&srp_page_id=&srp_page_title=&navsource=,Rp160.000,motorola walkie talkie x6 x8 ht baterai cadangan 5500mah 7 4v,,https://p16-images-sign-sg.tokopedia-static.net/tos-alisg-i-aphluv4xwc-sg/img/VqbcmM/2024/10/30/80628aaf-9f3a-4b85-a8d2-d04572b3ce43.jpg~tplv-aphluv4xwc-white-pad-v1:200:200.webp?lk3s=97278606&x-expires=1783959257&x-signature=vzGSi9gxaOHMTXQxcgbo%2B25bQDI%3D&x-signature-webp=vzGSi9gxaOHMTXQxcgbo%2B25bQDI%3D&ect=4g
1783955708900-235,https://www.tokopedia.com/search?st=product&q=HT%20MOTOROLA&srp_component_id=02.01.00.00&srp_page_id=&srp_page_title=&navsource=,Rp500.000,ht motorola gp328 vhf 137 174,,https://p16-images-sign-sg.tokopedia-static.net/tos-alisg-i-aphluv4xwc-sg/img/VqbcmM/2023/6/10/ef0dab4e-5439-4459-8112-734d8caae520.jpg~tplv-aphluv4xwc-white-pad-v1:200:200.webp?lk3s=97278606&x-expires=1783959257&x-signature=rUBz%2Fc9%2FXurrXnTizwDRIt4sIdc%3D&x-signature-webp=rUBz%2Fc9%2FXurrXnTizwDRIt4sIdc%3D&ect=4g
1783955708900-236,https://www.tokopedia.com/search?st=product&q=HT%20MOTOROLA&srp_component_id=02.01.00.00&srp_page_id=&srp_page_title=&navsource=,Rp225.000,ht motorola gp308 vhf,,https://p16-images-sign-sg.tokopedia-static.net/tos-alisg-i-aphluv4xwc-sg/img/VqbcmM/2023/6/13/dbbb1dbd-8737-41ee-9d9c-970e8541c89d.jpg~tplv-aphluv4xwc-white-pad-v1:200:200.webp?lk3s=97278606&x-expires=1783959257&x-signature=wHORBakgAEexvT%2B9bccRBiVmFQg%3D&x-signature-webp=wHORBakgAEexvT%2B9bccRBiVmFQg%3D&ect=4g
1783955708900-237,https://www.tokopedia.com/search?st=product&q=HT%20MOTOROLA&srp_component_id=02.01.00.00&srp_page_id=&srp_page_title=&navsource=,Rp350.000,motorola ht motorola tlkr siap pakai dengan unit dan adaptor kondisi siap pakai kelengkapan unit dan adaptor 1732426909218342454,,https://p19-images-sign-sg.tokopedia-static.net/tos-alisg-i-aphluv4xwc-sg/3798fea563484cb6a5f9853451117cf8~tplv-aphluv4xwc-white-pad-v1:200:200.webp?lk3s=97278606&x-expires=1783959257&x-signature=VTuoA%2BJlzxzXoT0fzxT2n1wwtrc%3D&x-signature-webp=VTuoA%2BJlzxzXoT0fzxT2n1wwtrc%3D&ect=4g
1783955708900-238,https://www.tokopedia.com/search?st=product&q=HT%20MOTOROLA&srp_component_id=02.01.00.00&srp_page_id=&srp_page_title=&navsource=,Rp338.000,ht motorola gp338 batangan matot kondisi apa adanya ht motorola gp 338 mati rusakbest seller 1731491262424975048,,https://p16-images-sign-sg.tokopedia-static.net/tos-alisg-i-aphluv4xwc-sg/img/hDjmkQ/2025/5/23/a758be44-7229-46d5-bf59-914fb4cb9589.jpg~tplv-aphluv4xwc-white-pad-v1:200:200.webp?lk3s=97278606&x-expires=1783959257&x-signature=yG5R1oKL8Luxixf34oPLQxoAtg8%3D&x-signature-webp=yG5R1oKL8Luxixf34oPLQxoAtg8%3D&ect=4g
1783955708900-239,https://www.tokopedia.com/search?st=product&q=HT%20MOTOROLA&srp_component_id=02.01.00.00&srp_page_id=&srp_page_title=&navsource=,Rp108.000,ori ht mag one by motorola radio komunikasi motorola mag one pmud vhf,ORI,https://p16-images-sign-sg.tokopedia-static.net/tos-alisg-i-aphluv4xwc-sg/img/hDjmkQ/2024/12/12/edffe8b2-c8ca-44e5-b68e-119f52743d59.jpg~tplv-aphluv4xwc-white-pad-v1:200:200.webp?lk3s=97278606&x-expires=1783959257&x-signature=02a2sh5TzDYsJAtAq33bYABrzt4%3D&x-signature-webp=02a2sh5TzDYsJAtAq33bYABrzt4%3D&ect=4g
1783955708900-240,https://www.tokopedia.com/search?st=product&q=HT%20MOTOROLA&srp_component_id=02.01.00.00&srp_page_id=&srp_page_title=&navsource=,Rp288.000,ksun x tfsi walkie talkie allband handy talky 200 channels ht jarak jauh 5km 1729607197346792466,,https://p16-images-sign-sg.tokopedia-static.net/tos-alisg-i-aphluv4xwc-sg/a578ee689558450bb16fa3640c9952fb~tplv-aphluv4xwc-white-pad-v1:200:200.webp?lk3s=97278606&x-expires=1783959257&x-signature=NdtqVHzWbzT3PnstFWhaiABXx0w%3D&x-signature-webp=NdtqVHzWbzT3PnstFWhaiABXx0w%3D&ect=4g
1783955708900-241,https://www.tokopedia.com/search?st=product&q=HT%20MOTOROLA&srp_component_id=02.01.00.00&srp_page_id=&srp_page_title=&navsource=,Rp399.800,baofeng uv 9r plus 15w ip68 dual band waterproof walkie talkie 16km long range portable hf transceiver cb hunting ham radio 1731706474251585499 1736327863361832923,Mall,https://p16-images-sign-sg.tokopedia-static.net/tos-alisg-i-aphluv4xwc-sg/3b7871fb63ac4a4f9adc66b7cee25a22~tplv-aphluv4xwc-white-pad-v1:200:200.webp?lk3s=97278606&x-expires=1783959269&x-signature=46fC6qz3n1wyU%2BelXpi%2BHOq0%2FAU%3D&x-signature-webp=46fC6qz3n1wyU%2BelXpi%2BHOq0%2FAU%3D&ect=4g
1783955708900-242,https://www.tokopedia.com/search?st=product&q=HT%20MOTOROLA&srp_component_id=02.01.00.00&srp_page_id=&srp_page_title=&navsource=,Rp269.000,ht nikcom n9 walkie talkie ht jarak jauh 20km 12w dual band 200 channels ip54 water proof 6800mah 1733591261341975652,,https://p16-images-sign-sg.tokopedia-static.net/tos-alisg-i-aphluv4xwc-sg/de6058c9e94d417e818ac621f1b340b7~tplv-aphluv4xwc-white-pad-v1:200:200.webp?lk3s=97278606&x-expires=1783959269&x-signature=bPgGEV9VFMfYdlHMTiiGjfxB8q8%3D&x-signature-webp=bPgGEV9VFMfYdlHMTiiGjfxB8q8%3D&ect=4g
1783955708900-243,https://www.tokopedia.com/search?st=product&q=HT%20MOTOROLA&srp_component_id=02.01.00.00&srp_page_id=&srp_page_title=&navsource=,Rp270.000,bisa cod ht bao feng uv82 walkie talkie walky talky ht radio uv82 jarak jauh 20km walkie talkie jarak jauh ht murah dengan kualitas suara jernih 1733119506672486175,,https://p19-images-sign-sg.tokopedia-static.net/tos-alisg-i-aphluv4xwc-sg/8c70b7fc33964fdeb60d1236416fa42e~tplv-aphluv4xwc-white-pad-v1:200:200.webp?lk3s=97278606&x-expires=1783959269&x-signature=ir685Gk8J59ZxHrKj0356Y1f4zk%3D&x-signature-webp=ir685Gk8J59ZxHrKj0356Y1f4zk%3D&ect=4g
1783955708900-244,https://www.tokopedia.com/search?st=product&q=HT%20MOTOROLA&srp_component_id=02.01.00.00&srp_page_id=&srp_page_title=&navsource=,Rp379.000,ksun x tfsi walkei talkie uv108d 5w uvband handy talky 256 channels ht jarak jauh 1731390315164959762 1735947956058227730,,https://p16-images-sign-sg.tokopedia-static.net/tos-alisg-i-aphluv4xwc-sg/4fc8baa7243b407eabf4b80a7e94d3a6~tplv-aphluv4xwc-white-pad-v1:200:200.webp?lk3s=97278606&x-expires=1783959269&x-signature=8r3gKw0iXPncrdGBUM82dJWX%2FxE%3D&x-signature-webp=8r3gKw0iXPncrdGBUM82dJWX%2FxE%3D&ect=4g
1783955708900-245,https://www.tokopedia.com/search?st=product&q=HT%20MOTOROLA&srp_component_id=02.01.00.00&srp_page_id=&srp_page_title=&navsource=,Rp319.800,walkie talkie ht bf a58s triple band 8w 2800mah waterproff a58s 8 watt 2800 mah cocok buat hiking nyinom wedding organiser 1729628996152296969 1735484912175646217,Mall,https://p16-images-sign-sg.tokopedia-static.net/tos-alisg-i-aphluv4xwc-sg/459bdee3a89f48c9a0bfa3a70b2e6b19~tplv-aphluv4xwc-white-pad-v1:200:200.webp?lk3s=97278606&x-expires=1783959269&x-signature=I5hrkeB4u9HPMI3UAErZ2uVZMxM%3D&x-signature-webp=I5hrkeB4u9HPMI3UAErZ2uVZMxM%3D&ect=4g
1783955708900-246,https://www.tokopedia.com/search?st=product&q=HT%20MOTOROLA&srp_component_id=02.01.00.00&srp_page_id=&srp_page_title=&navsource=,Rp299.900,ht baofeng uv 5r walkie talkie dual band radio komunikasi 1800mah 128ch vhf uhf handy talkie jarak jauh original 1733615073388300248,Mall,https://p16-images-sign-sg.tokopedia-static.net/tos-alisg-i-aphluv4xwc-sg/116cb6ba734d4a21b2ff9e8259dff971~tplv-aphluv4xwc-white-pad-v1:200:200.webp?lk3s=97278606&x-expires=1783959269&x-signature=rYMrtAcO5BIDO2L5nxfEP4iddws%3D&x-signature-webp=rYMrtAcO5BIDO2L5nxfEP4iddws%3D&ect=4g
1783955708900-247,https://www.tokopedia.com/search?st=product&q=HT%20MOTOROLA&srp_component_id=02.01.00.00&srp_page_id=&srp_page_title=&navsource=,Rp308.000,ht nikcom n9 walkie talkie radio portabel jarak jauh 20km 12watt u v radio dua arah 200 saluran di luar ruangan tahan air handy talky 1734232266009511496,,https://p16-images-sign-sg.tokopedia-static.net/tos-alisg-i-aphluv4xwc-sg/eef3b9990cc34a8196171b34648b2a72~tplv-aphluv4xwc-white-pad-v1:200:200.webp?lk3s=97278606&x-expires=1783959269&x-signature=jzlXMR7G%2BLP8ddiQTSo9N2syyr8%3D&x-signature-webp=jzlXMR7G%2BLP8ddiQTSo9N2syyr8%3D&ect=4g
1783955708900-248,https://www.tokopedia.com/search?st=product&q=HT%20MOTOROLA&srp_component_id=02.01.00.00&srp_page_id=&srp_page_title=&navsource=,Rp300.000,handy talky harve hv 88 5 watt ht harve hv88 dual ptt free headset,,https://p16-images-sign-sg.tokopedia-static.net/tos-alisg-i-aphluv4xwc-sg/img/VqbcmM/2021/3/16/9f329565-42fe-4ed9-84cf-b9105a37b60a.jpg~tplv-aphluv4xwc-white-pad-v1:200:200.webp?lk3s=97278606&x-expires=1783959269&x-signature=iALjtI2SA4nH6X23y5Thiy3uV%2B4%3D&x-signature-webp=iALjtI2SA4nH6X23y5Thiy3uV%2B4%3D&ect=4g
1783955708900-249,https://www.tokopedia.com/search?st=product&q=HT%20MOTOROLA&srp_component_id=02.01.00.00&srp_page_id=&srp_page_title=&navsource=,Rp458.000,baofeng uv 5r handy talky 5w jarak 3 10km 128 channel portable radio vhf 136 174mhz uhf 400 520mhz untuk outdoor construction dan emergency communication 1734213563034666996,,https://p16-images-sign-sg.tokopedia-static.net/tos-alisg-i-aphluv4xwc-sg/be852db37d214fbcb63da40949d59612~tplv-aphluv4xwc-white-pad-v1:200:200.webp?lk3s=97278606&x-expires=1783959269&x-signature=sT%2BguiezmzifYhDXNiGJo0dk3i8%3D&x-signature-webp=sT%2BguiezmzifYhDXNiGJo0dk3i8%3D&ect=4g
1783955708901-250,https://www.tokopedia.com/search?st=product&q=HT%20MOTOROLA&srp_component_id=02.01.00.00&srp_page_id=&srp_page_title=&navsource=,Rp299.900,baofeng uv 5r walkie talkie original 5w 128ch dual band vhf uhf handheld radio long range 10km with earphone and charger for outdoor construction hiking 1733607089614194165,Mall,https://p16-images-sign-sg.tokopedia-static.net/tos-alisg-i-aphluv4xwc-sg/8fbafb3c406049c9b345075109d17e48~tplv-aphluv4xwc-white-pad-v1:200:200.webp?lk3s=97278606&x-expires=1783959269&x-signature=3SuGx1riss5V7wvOWBO%2B4jNeJZY%3D&x-signature-webp=3SuGx1riss5V7wvOWBO%2B4jNeJZY%3D&ect=4g
1783955708901-251,https://www.tokopedia.com/search?st=product&q=HT%20MOTOROLA&srp_component_id=02.01.00.00&srp_page_id=&srp_page_title=&navsource=,Rp299.600,radio ht baofeng uv 82 walkie talkie untuk outdoor anti air baterai 2800mah tahan lama komunikasi proyek konstruksi security dan event 1733573050046973429,Mall,https://p16-images-sign-sg.tokopedia-static.net/tos-alisg-i-aphluv4xwc-sg/a59da1c417764edba75b1af91806732a~tplv-aphluv4xwc-white-pad-v1:200:200.webp?lk3s=97278606&x-expires=1783959269&x-signature=Pb94Uue19IpfdHah3a01Sl9gClY%3D&x-signature-webp=Pb94Uue19IpfdHah3a01Sl9gClY%3D&ect=4g
1783955708901-252,https://www.tokopedia.com/search?st=product&q=HT%20MOTOROLA&srp_component_id=02.01.00.00&srp_page_id=&srp_page_title=&navsource=,Rp260.000,ht bao feng uv5r 2800 mah uv 5r uv 5r 8 watt vhf uhf dualband bao feng adaptor walkie led dengan transceiver fm talkie 1729449999104051219,,https://p16-images-sign-sg.tokopedia-static.net/tos-alisg-i-aphluv4xwc-sg/e4de38a68a214b3faed6bad6e72eb172~tplv-aphluv4xwc-white-pad-v1:200:200.webp?lk3s=97278606&x-expires=1783959269&x-signature=rAM2zmu1TbMlL%2BrNRqOoukkROVE%3D&x-signature-webp=rAM2zmu1TbMlL%2BrNRqOoukkROVE%3D&ect=4g
1783955708901-253,https://www.tokopedia.com/search?st=product&q=HT%20MOTOROLA&srp_component_id=02.01.00.00&srp_page_id=&srp_page_title=&navsource=,Rp235.000,ht texas tx 2 sama uv5r walkie talkie premium jarak jauh,,https://p19-images-sign-sg.tokopedia-static.net/tos-alisg-i-aphluv4xwc-sg/img/VqbcmM/2025/4/24/6c2d94b5-68d1-4a16-8a33-1df1eaca7af8.jpg~tplv-aphluv4xwc-white-pad-v1:200:200.webp?lk3s=97278606&x-expires=1783959269&x-signature=6A1%2BPOlBukt6CcLZss6B%2B8ZwUdg%3D&x-signature-webp=6A1%2BPOlBukt6CcLZss6B%2B8ZwUdg%3D&ect=4g
1783955708901-254,https://www.tokopedia.com/search?st=product&q=HT%20MOTOROLA&srp_component_id=02.01.00.00&srp_page_id=&srp_page_title=&navsource=,Rp270.000,ht nexton allband uv k5 walkie talkie multiband unlock two way radio komunikasi 1729626459082753823,,https://p16-images-sign-sg.tokopedia-static.net/tos-alisg-i-aphluv4xwc-sg/491afeeb6aae413aa664842f8dd1d126~tplv-aphluv4xwc-white-pad-v1:200:200.webp?lk3s=97278606&x-expires=1783959269&x-signature=KZV6EoSBHBpCCdnFHn4aiqdzN5k%3D&x-signature-webp=KZV6EoSBHBpCCdnFHn4aiqdzN5k%3D&ect=4g
1783955708901-255,https://www.tokopedia.com/search?st=product&q=HT%20MOTOROLA&srp_component_id=02.01.00.00&srp_page_id=&srp_page_title=&navsource=,Rp232.000,ht pofung uv 82 handy talkie dual band uhf vhf bf uv82 walkie talkie,,https://p16-images-sign-sg.tokopedia-static.net/tos-alisg-i-aphluv4xwc-sg/img/VqbcmM/2021/12/16/5362da85-6bd3-456a-8468-80cebd0d6dbe.jpg~tplv-aphluv4xwc-white-pad-v1:200:200.webp?lk3s=97278606&x-expires=1783959269&x-signature=cybR18CMcUFIQk3RU7z2OuxCat0%3D&x-signature-webp=cybR18CMcUFIQk3RU7z2OuxCat0%3D&ect=4g
1783955708901-256,https://www.tokopedia.com/search?st=product&q=HT%20MOTOROLA&srp_component_id=02.01.00.00&srp_page_id=&srp_page_title=&navsource=,Rp396.000,ht walkie talkie radio x8 portabel jarak jauh 10 watt walkie talkie u v radio dua arah 199 saluran di luar ruangan tahan air handy talky 1733984905417229793,,https://p16-images-sign-sg.tokopedia-static.net/tos-alisg-i-aphluv4xwc-sg/b229a151245545e4a31273ef56a2cb5a~tplv-aphluv4xwc-white-pad-v1:200:200.webp?lk3s=97278606&x-expires=1783959269&x-signature=bSSqVssYJBl5YG86hRYZtMz6Xm4%3D&x-signature-webp=bSSqVssYJBl5YG86hRYZtMz6Xm4%3D&ect=4g
1783955708901-257,https://www.tokopedia.com/search?st=product&q=HT%20MOTOROLA&srp_component_id=02.01.00.00&srp_page_id=&srp_page_title=&navsource=,Rp260.000,baofeng ht uv 82 dual band radio ham woki toki 5w 8w vhf uhf high power uv82 handheld vox walkie talkie dengan jarak berbicara 5 10km 1733025983651612660,,https://p16-images-common-sign-sg.tokopedia-static.net/tos-maliva-i-o3syd03w52-us/9ea29cac554c4b7aabda59804c944bb4~tplv-o3syd03w52-resize-jpeg:200:200.webp?lk3s=97278606&x-expires=1783959269&x-signature=u9auKcnP1n%2FTOIuyrRI1NUuWmV0%3D&x-signature-webp=u9auKcnP1n%2FTOIuyrRI1NUuWmV0%3D&ect=4g
1783955708901-258,https://www.tokopedia.com/search?st=product&q=HT%20MOTOROLA&srp_component_id=02.01.00.00&srp_page_id=&srp_page_title=&navsource=,Rp302.500,iware handy talkie dualband pofung iw uv5r 5w 8w vhf uhf radio komunikasi fm radio led 1732333360035432111,,https://p16-images-sign-sg.tokopedia-static.net/tos-alisg-i-aphluv4xwc-sg/52b62b0f3aed450d894dfe0f0b319ee4~tplv-aphluv4xwc-white-pad-v1:200:200.webp?lk3s=97278606&x-expires=1783959269&x-signature=ybM5O5riRtiZ2EqN1g7AlX7BAFA%3D&x-signature-webp=ybM5O5riRtiZ2EqN1g7AlX7BAFA%3D&ect=4g
1783955708901-259,https://www.tokopedia.com/search?st=product&q=HT%20MOTOROLA&srp_component_id=02.01.00.00&srp_page_id=&srp_page_title=&navsource=,Rp298.600,baofeng uv 82 walkie talkie high power 8w uv82 dual band vhf uhf fm transceiver 10km long range hunting two way ham cb radio 1731441731807578075,Mall,https://p16-images-sign-sg.tokopedia-static.net/tos-alisg-i-aphluv4xwc-sg/aec19a10e5fd4087addc735af0d2978f~tplv-aphluv4xwc-white-pad-v1:200:200.webp?lk3s=97278606&x-expires=1783959269&x-signature=dAFY2BB8D1rIAYtom3Ci4CzYRM0%3D&x-signature-webp=dAFY2BB8D1rIAYtom3Ci4CzYRM0%3D&ect=4g
1783955708901-260,https://www.tokopedia.com/search?st=product&q=HT%20MOTOROLA&srp_component_id=02.01.00.00&srp_page_id=&srp_page_title=&navsource=,Rp342.000,baofeng uv 5r mini ht transparan walkie talkie 999 channel bluetooth programming type c radio komunikasi outdoor 1735751337359017390 1735753732596139438,,https://p19-images-sign-sg.tokopedia-static.net/tos-alisg-i-aphluv4xwc-sg/2cac840cb2174aaa8f594e04fb8a914c~tplv-aphluv4xwc-white-pad-v1:200:200.webp?lk3s=97278606&x-expires=1783959269&x-signature=%2FKTWweDRM1nTZS%2BEtb72SoOAXok%3D&x-signature-webp=%2FKTWweDRM1nTZS%2BEtb72SoOAXok%3D&ect=4g
1783955708901-261,https://www.tokopedia.com/search?st=product&q=HT%20MOTOROLA&srp_component_id=02.01.00.00&srp_page_id=&srp_page_title=&navsource=,Rp250.000,keeone ht mini jarak jauh 2 units walkie talkie 10km max 2800mah ht wlan uhf520mhz handy talky waterproof portable walkie talkie jarak jauh with charger headset 1 kotok 2 pcs 1731976266752558099,,https://p16-images-sign-sg.tokopedia-static.net/tos-alisg-i-aphluv4xwc-sg/d32f1b2c1fd44803956d9e9d9e90c016~tplv-aphluv4xwc-white-pad-v1:200:200.webp?lk3s=97278606&x-expires=1783959269&x-signature=%2BSEnhSutJU%2BcIOhGgJGsHyScUJ0%3D&x-signature-webp=%2BSEnhSutJU%2BcIOhGgJGsHyScUJ0%3D&ect=4g
1783955708901-262,https://www.tokopedia.com/search?st=product&q=HT%20MOTOROLA&srp_component_id=02.01.00.00&srp_page_id=&srp_page_title=&navsource=,Rp318.000,radio komunikasi handy talkie multi band dual band uv lengkap noaa cuaca layar hd type c fast charge sos emergency siap segala kondisi aktivitas promo murah cod garansi 1 tahun 1735801479172359186 1735801558726575122,,https://p16-images-sign-sg.tokopedia-static.net/tos-alisg-i-aphluv4xwc-sg/c71dcc5322964b8e8652d968bbd28ee6~tplv-aphluv4xwc-white-pad-v1:200:200.webp?lk3s=97278606&x-expires=1783959269&x-signature=oiGA5FObrg294SimHmTsrc9FeQM%3D&x-signature-webp=oiGA5FObrg294SimHmTsrc9FeQM%3D&ect=4g
1783955708901-263,https://www.tokopedia.com/search?st=product&q=HT%20MOTOROLA&srp_component_id=02.01.00.00&srp_page_id=&srp_page_title=&navsource=,Rp266.654,htwln handy talkie uv82 d82 bk dual band fm radio vhf uhf 128 channel waterproof long lasting suara jernih jangkauan luas outdoor kuat awet 1731849979633435973,,https://p16-images-sign-sg.tokopedia-static.net/tos-alisg-i-aphluv4xwc-sg/1e14575cb31645f2a848957676153af1~tplv-aphluv4xwc-white-pad-v1:200:200.webp?lk3s=97278606&x-expires=1783959269&x-signature=TwEQOl%2BMr4wDUvI0KF4OoEkbMy0%3D&x-signature-webp=TwEQOl%2BMr4wDUvI0KF4OoEkbMy0%3D&ect=4g
1783955708901-264,https://www.tokopedia.com/search?st=product&q=HT%20MOTOROLA&srp_component_id=02.01.00.00&srp_page_id=&srp_page_title=&navsource=,Rp489.000,ht gp360 walkie talkie high power 10watt long range 20km dual band vhf uhf support am fm two way radio lp54 waterproof dustproof suitable for outdoor hotel school constructionsite 1732833784784062033,,https://p16-images-sign-sg.tokopedia-static.net/tos-alisg-i-aphluv4xwc-sg/936d9aefd3554c2d8a913af432f48a31~tplv-aphluv4xwc-white-pad-v1:200:200.webp?lk3s=97278606&x-expires=1783959269&x-signature=ZclQQRoPIl50a58fGRphzbSX93c%3D&x-signature-webp=ZclQQRoPIl50a58fGRphzbSX93c%3D&ect=4g
1783955708901-265,https://www.tokopedia.com/search?st=product&q=HT%20MOTOROLA&srp_component_id=02.01.00.00&srp_page_id=&srp_page_title=&navsource=,Rp299.600,ht baofeng uv 82 8w walkie talkie dual band vhf uhf 128 channel long range two way radio 2800mah battery with charger headset 1733572163237217781,Mall,https://p19-images-sign-sg.tokopedia-static.net/tos-alisg-i-aphluv4xwc-sg/dbb13413dbff4f908dfc6b4e13a08244~tplv-aphluv4xwc-white-pad-v1:200:200.webp?lk3s=97278606&x-expires=1783959269&x-signature=xGpqEYng%2BwWVR%2FqqarsGSMU9plQ%3D&x-signature-webp=xGpqEYng%2BwWVR%2FqqarsGSMU9plQ%3D&ect=4g
1783955708901-266,https://www.tokopedia.com/search?st=product&q=HT%20MOTOROLA&srp_component_id=02.01.00.00&srp_page_id=&srp_page_title=&navsource=,Rp283.739,cod ht merodith uv5r walkie talkie dual band 5w 128 channel uhf vhf komunikasi jernih led antena 1733693332542621341 1735863615414961821,,https://p16-images-sign-sg.tokopedia-static.net/tos-alisg-i-aphluv4xwc-sg/1bb2db2a64f044c7a56acdbee920eb0b~tplv-aphluv4xwc-white-pad-v1:200:200.webp?lk3s=97278606&x-expires=1783959269&x-signature=WQMzHjwEglM3xLCMz7i2MwKFnrI%3D&x-signature-webp=WQMzHjwEglM3xLCMz7i2MwKFnrI%3D&ect=4g
1783955708901-267,https://www.tokopedia.com/search?st=product&q=HT%20MOTOROLA&srp_component_id=02.01.00.00&srp_page_id=&srp_page_title=&navsource=,Rp260.000,walkie talkie bao feng uv5r ht radio vhf uhf fm transceiver jarak jauh 20km kualitas suara terbaik bisa cod dilengkapi kabel charger 1733119762894456607,,https://p16-images-sign-sg.tokopedia-static.net/tos-alisg-i-aphluv4xwc-sg/f49c5826edef482cba6e532d956abe6d~tplv-aphluv4xwc-white-pad-v1:200:200.webp?lk3s=97278606&x-expires=1783959269&x-signature=JKmJqwiruui9SczOkgppz5JnqWk%3D&x-signature-webp=JKmJqwiruui9SczOkgppz5JnqWk%3D&ect=4g
1783955708902-268,https://www.tokopedia.com/search?st=product&q=HT%20MOTOROLA&srp_component_id=02.01.00.00&srp_page_id=&srp_page_title=&navsource=,Rp265.000,walkie talkie hd bf 888s jarak jauh 5 10km max ht wlan uhf 2 units handy talky waterproof portable with charger antena led handy talky 1730678119058539986,,https://p19-images-sign-sg.tokopedia-static.net/tos-alisg-i-aphluv4xwc-sg/a5de0bc9714a4b33b2bbab9054238bad~tplv-aphluv4xwc-white-pad-v1:200:200.webp?lk3s=97278606&x-expires=1783959269&x-signature=DZEE1JYIjqlZQYhtXsa%2B0HSkBUw%3D&x-signature-webp=DZEE1JYIjqlZQYhtXsa%2B0HSkBUw%3D&ect=4g
1783955708902-269,https://www.tokopedia.com/search?st=product&q=HT%20MOTOROLA&srp_component_id=02.01.00.00&srp_page_id=&srp_page_title=&navsource=,Rp609.500,walkie talkie ht handy talkie uv5r uv 5r radio ht komunikasi hitam 2 pcs 5dd69,,https://p16-images-sign-sg.tokopedia-static.net/tos-alisg-i-aphluv4xwc-sg/img/hDjmkQ/2025/2/12/cc69cbb8-24aa-4629-96c3-155599c40119.jpg~tplv-aphluv4xwc-white-pad-v1:200:200.webp?lk3s=97278606&x-expires=1783959269&x-signature=pmy%2FlL%2FZijMXjVb7gVyqqDs9YtU%3D&x-signature-webp=pmy%2FlL%2FZijMXjVb7gVyqqDs9YtU%3D&ect=4g
1783955708902-270,https://www.tokopedia.com/search?st=product&q=HT%20MOTOROLA&srp_component_id=02.01.00.00&srp_page_id=&srp_page_title=&navsource=,Rp302.500,ht iware uv5r premium dual band uhf vhf walkie talkie radio ht handy talky layar 1732340603679638851,,https://p16-images-sign-sg.tokopedia-static.net/tos-alisg-i-aphluv4xwc-sg/8a232670e0dd4f518c3a7bbf8d327580~tplv-aphluv4xwc-white-pad-v1:200:200.webp?lk3s=97278606&x-expires=1783959269&x-signature=kzDGL2U7I4zXGEFgjM35Z6zIJYM%3D&x-signature-webp=kzDGL2U7I4zXGEFgjM35Z6zIJYM%3D&ect=4g
1783955708902-271,https://www.tokopedia.com/search?st=product&q=HT%20MOTOROLA&srp_component_id=02.01.00.00&srp_page_id=&srp_page_title=&navsource=,Rp430.000,ht x8 10w walkie talkie handy talky dual band fm radio kekuatan tinggi dengan pengisian cepat via type c kapasitas baterai mah 5500 mah ht 1731440446654743777,,https://p16-images-sign-sg.tokopedia-static.net/tos-alisg-i-aphluv4xwc-sg/cc9e7014b5ca4c0993709ff0916b35a0~tplv-aphluv4xwc-white-pad-v1:200:200.webp?lk3s=97278606&x-expires=1783959269&x-signature=axIQl9OC%2BB4FdC7vI3BG2gTgwGw%3D&x-signature-webp=axIQl9OC%2BB4FdC7vI3BG2gTgwGw%3D&ect=4g
1783955708902-272,https://www.tokopedia.com/search?st=product&q=HT%20MOTOROLA&srp_component_id=02.01.00.00&srp_page_id=&srp_page_title=&navsource=,Rp288.000,ksun ht walkie talkie full band 50 900mhz dengan 200 channel rx airband ht uhf vhf 4000mah battery 1729870822054332066,,https://p16-images-sign-sg.tokopedia-static.net/tos-alisg-i-aphluv4xwc-sg/img/VqbcmM/2024/8/27/c360c228-775b-4ae4-b6b0-cd906a99d1d3.jpg~tplv-aphluv4xwc-white-pad-v1:200:200.webp?lk3s=97278606&x-expires=1783959269&x-signature=8Nd%2FsJda4VBg460%2F2a3YXOiqQMM%3D&x-signature-webp=8Nd%2FsJda4VBg460%2F2a3YXOiqQMM%3D&ect=4g
1783955708902-273,https://www.tokopedia.com/search?st=product&q=HT%20MOTOROLA&srp_component_id=02.01.00.00&srp_page_id=&srp_page_title=&navsource=,Rp296.593,cod ht merodith original uv82 dual band vhf uhf 5w walkie talkie 2 arah dengan fm antena adaptor led 1733693373060187805 1735863372223710877,,https://p19-images-sign-sg.tokopedia-static.net/tos-alisg-i-aphluv4xwc-sg/9d987b757d8b47c5bc692dfd75cd28c5~tplv-aphluv4xwc-white-pad-v1:200:200.webp?lk3s=97278606&x-expires=1783959269&x-signature=w8SuN3Z17bSL0oCg6hQcMOjw4b0%3D&x-signature-webp=w8SuN3Z17bSL0oCg6hQcMOjw4b0%3D&ect=4g
1783955708902-274,https://www.tokopedia.com/search?st=product&q=HT%20MOTOROLA&srp_component_id=02.01.00.00&srp_page_id=&srp_page_title=&navsource=,Rp650.000,ht moto 370s radio handy talky walkie talkie vhf dan uhf jarak jauh 1731974165326628337,,https://p19-images-sign-sg.tokopedia-static.net/tos-alisg-i-aphluv4xwc-sg/img/VqbcmM/2025/1/30/1164a79b-f556-4089-ae47-4dd6e6197168.jpg~tplv-aphluv4xwc-white-pad-v1:200:200.webp?lk3s=97278606&x-expires=1783959269&x-signature=MSzwk6lUhmswWWLE5kS3oh%2FomJw%3D&x-signature-webp=MSzwk6lUhmswWWLE5kS3oh%2FomJw%3D&ect=4g
1783955708902-275,https://www.tokopedia.com/search?st=product&q=HT%20MOTOROLA&srp_component_id=02.01.00.00&srp_page_id=&srp_page_title=&navsource=,Rp257.100,walkie talkie ht baofeng uv 82 walkie talkie walky talky ht radio uv82 walkie talkie jarak jauh 20km walkie talkie jarak jauh 100kmht baofeng ht jarak jauh 1731284724415825654,,https://p16-images-sign-sg.tokopedia-static.net/tos-alisg-i-aphluv4xwc-sg/528680c8407d46f68a4f158bf07765a0~tplv-aphluv4xwc-white-pad-v1:200:200.webp?lk3s=97278606&x-expires=1783959269&x-signature=IKHljIW96qaGJ76M%2BR63mXaMaIg%3D&x-signature-webp=IKHljIW96qaGJ76M%2BR63mXaMaIg%3D&ect=4g
1783955708902-276,https://www.tokopedia.com/search?st=product&q=HT%20MOTOROLA&srp_component_id=02.01.00.00&srp_page_id=&srp_page_title=&navsource=,Rp149.900,baofeng ht baofeng bf 888s original 6 pcs walkie talkie uhf 5w jarak jauh 10km max 16 channel anti air paket lengkap headset charger 1733567815247562229,Mall,https://p16-images-sign-sg.tokopedia-static.net/tos-alisg-i-aphluv4xwc-sg/75ba603c2931472994236d65cffad6e6~tplv-aphluv4xwc-white-pad-v1:200:200.webp?lk3s=97278606&x-expires=1783959269&x-signature=6h6gmmWWL6lS9YOHYZdZ5OmLxho%3D&x-signature-webp=6h6gmmWWL6lS9YOHYZdZ5OmLxho%3D&ect=4g
1783955708902-277,https://www.tokopedia.com/search?st=product&q=HT%20MOTOROLA&srp_component_id=02.01.00.00&srp_page_id=&srp_page_title=&navsource=,Rp628.788,ht handy walkie talkie gp328 plus range 10 km output 10w baterai 5800 mah ip 54 tahan air dan debu led antena 1730923988144981745,,https://p16-images-sign-sg.tokopedia-static.net/tos-alisg-i-aphluv4xwc-sg/728ef39adc1342e3b1fafe89859b16b9~tplv-aphluv4xwc-white-pad-v1:200:200.webp?lk3s=97278606&x-expires=1783959269&x-signature=W17AbQklIBlEj%2FjShOJM6bJ%2BB50%3D&x-signature-webp=W17AbQklIBlEj%2FjShOJM6bJ%2BB50%3D&ect=4g
1783955708902-278,https://www.tokopedia.com/search?st=product&q=HT%20MOTOROLA&srp_component_id=02.01.00.00&srp_page_id=&srp_page_title=&navsource=,Rp597.000,ht walkie talkie gp338 radio vhf uhf daya tinggi 15w panggilan jarak jauh 20km fm am frekuensi copy 1730969800570078971,,https://p16-images-sign-sg.tokopedia-static.net/tos-alisg-i-aphluv4xwc-sg/907bba565286411188c590a0e6576233~tplv-aphluv4xwc-white-pad-v1:200:200.webp?lk3s=97278606&x-expires=1783959269&x-signature=9rH2iXFR%2B%2BgTakRlNueLOcfQqEQ%3D&x-signature-webp=9rH2iXFR%2B%2BgTakRlNueLOcfQqEQ%3D&ect=4g
1783955708902-280,https://www.tokopedia.com/search?st=product&q=HT%20MOTOROLA&srp_component_id=02.01.00.00&srp_page_id=&srp_page_title=&navsource=,Rp130.999,handy talky radio ht bf888s jarak jauh 10 km with headset walkie talkie bf 888s waterproof portable walky talky uhf 2 units led charger earphone antena radio ht portable hd 1733123107557443176,,https://p16-images-sign-sg.tokopedia-static.net/tos-alisg-i-aphluv4xwc-sg/2e0699f680c64b53a7126ef591ef947e~tplv-aphluv4xwc-white-pad-v1:200:200.webp?lk3s=97278606&x-expires=1783959269&x-signature=%2FFOx3hg%2Forv0%2FGSNsFsQz0H3%2BpA%3D&x-signature-webp=%2FFOx3hg%2Forv0%2FGSNsFsQz0H3%2BpA%3D&ect=4g
1783955708902-281,https://www.tokopedia.com/search?st=product&q=HT%20MOTOROLA&srp_component_id=02.01.00.00&srp_page_id=&srp_page_title=&navsource=,Rp130.000,ht handy talky bf 888s radio komunikasi uhf walky talky 2 units walkie talkie 1734005727522161689,,https://p16-images-sign-sg.tokopedia-static.net/tos-alisg-i-aphluv4xwc-sg/5ed2c993fcea4c2583c47f1d1729e311~tplv-aphluv4xwc-white-pad-v1:200:200.webp?lk3s=97278606&x-expires=1783959269&x-signature=V1YbMVGDa8AG7v7Jll6bvmfUkx4%3D&x-signature-webp=V1YbMVGDa8AG7v7Jll6bvmfUkx4%3D&ect=4g
1783955708902-282,https://www.tokopedia.com/search?st=product&q=HT%20MOTOROLA&srp_component_id=02.01.00.00&srp_page_id=&srp_page_title=&navsource=,Rp180.000,m8 walkie talkie ht uhf jarak jauh 15km 9800 mah baterai handy talkie 1 unit ht kualitas jepang nikcom 1734444829294429768,,https://p16-images-sign-sg.tokopedia-static.net/tos-alisg-i-aphluv4xwc-sg/1323da6ee48a406d9b20f32f118333a7~tplv-aphluv4xwc-white-pad-v1:200:200.webp?lk3s=97278606&x-expires=1783959269&x-signature=IbFgyYXODdcVaMyJ86xlbhvVfxI%3D&x-signature-webp=IbFgyYXODdcVaMyJ86xlbhvVfxI%3D&ect=4g
1783955708902-283,https://www.tokopedia.com/search?st=product&q=HT%20MOTOROLA&srp_component_id=02.01.00.00&srp_page_id=&srp_page_title=&navsource=,Rp588.788,ht hx 370s walkie talkie 15w 128 channels radio waterproof battery 6800mah internal display led adaptor antena 1731022432734643953,,https://p16-images-sign-sg.tokopedia-static.net/tos-alisg-i-aphluv4xwc-sg/bcee367b20d444e8b8388b75f2c3de16~tplv-aphluv4xwc-white-pad-v1:200:200.webp?lk3s=97278606&x-expires=1783959269&x-signature=rWHGjegrTUfZVnso2D6xZxMWb5M%3D&x-signature-webp=rWHGjegrTUfZVnso2D6xZxMWb5M%3D&ect=4g
1783955708902-284,https://www.tokopedia.com/search?st=product&q=HT%20MOTOROLA&srp_component_id=02.01.00.00&srp_page_id=&srp_page_title=&navsource=,Rp294.800,ht walkie talkie original uv82 vhf uhf fm 5w dual band 2 way radio handy talkie uv82 asli handy talky 1729579943015712954,,https://p19-images-common-sign-sg.tokopedia-static.net/tos-maliva-i-o3syd03w52-us/d5b1b429a3a44f2cb106bf3d1d5b0a30~tplv-o3syd03w52-resize-jpeg:200:200.webp?lk3s=97278606&x-expires=1783959269&x-signature=EEZl01Bb3sgLcat%2B4dLtddNFjaI%3D&x-signature-webp=EEZl01Bb3sgLcat%2B4dLtddNFjaI%3D&ect=4g
1783955708902-285,https://www.tokopedia.com/search?st=product&q=HT%20MOTOROLA&srp_component_id=02.01.00.00&srp_page_id=&srp_page_title=&navsource=,Rp368.000,ht kinseda uvk6 daya besar buat gunung touring dan laut bisa dengar frekuensi penerbangan komunikasi handal untuk segala medan 1733517486165952500,,https://p16-images-sign-sg.tokopedia-static.net/tos-alisg-i-aphluv4xwc-sg/61a6cd957a8b4798b0b78a2a2351473e~tplv-aphluv4xwc-white-pad-v1:200:200.webp?lk3s=97278606&x-expires=1783959269&x-signature=CfAxUNNZeMD5lTGbwSa%2F25%2BV%2ByU%3D&x-signature-webp=CfAxUNNZeMD5lTGbwSa%2F25%2BV%2ByU%3D&ect=4g
1783955708902-286,https://www.tokopedia.com/search?st=product&q=HT%20MOTOROLA&srp_component_id=02.01.00.00&srp_page_id=&srp_page_title=&navsource=,Rp265.000,ht comteck uv 82 dual band vhf uhf radio fm alat komunikasi walkie talkie handy talkie 1729556273472702742,,https://p16-images-common-sign-sg.tokopedia-static.net/tos-maliva-i-o3syd03w52-us/25b7f40f953b43e393aa17a85d0552e3~tplv-o3syd03w52-resize-jpeg:200:200.webp?lk3s=97278606&x-expires=1783959269&x-signature=ZrlHQ6TsoP2jrWyQDLRS1qH9aQc%3D&x-signature-webp=ZrlHQ6TsoP2jrWyQDLRS1qH9aQc%3D&ect=4g
1783955708902-287,https://www.tokopedia.com/search?st=product&q=HT%20MOTOROLA&srp_component_id=02.01.00.00&srp_page_id=&srp_page_title=&navsource=,Rp576.000,ht two way radio gp338 plus walkie talkie jarak jauh 20km daya tinggi 15w kapasitas tinggi 6800mah 256 saluran radio type c portabel walkie talkies frekuensi penerbangan tahan air dan tahan debu ip54 cocok untuk luar ruangan hotel 1729668351865291996,,https://p16-images-sign-sg.tokopedia-static.net/tos-alisg-i-aphluv4xwc-sg/15ebe62a1ffd45e29bfe6551f50bfe05~tplv-aphluv4xwc-white-pad-v1:200:200.webp?lk3s=97278606&x-expires=1783959269&x-signature=wKpEd1d8FTT61WJdlyfS6Dok%2FYI%3D&x-signature-webp=wKpEd1d8FTT61WJdlyfS6Dok%2FYI%3D&ect=4g
1783955708902-288,https://www.tokopedia.com/search?st=product&q=HT%20MOTOROLA&srp_component_id=02.01.00.00&srp_page_id=&srp_page_title=&navsource=,Rp299.600,baofeng uv 82 walkie talkie 8w dual band vhf uhf fm transceiver 10km jarak jauh antena adaptor hitam dengan fungsi vox dan penghematan baterai ht 1736042324503594971 1736042437747967963,Mall,https://p16-images-sign-sg.tokopedia-static.net/tos-alisg-i-aphluv4xwc-sg/aec19a10e5fd4087addc735af0d2978f~tplv-aphluv4xwc-white-pad-v1:200:200.webp?lk3s=97278606&x-expires=1783959269&x-signature=dAFY2BB8D1rIAYtom3Ci4CzYRM0%3D&x-signature-webp=dAFY2BB8D1rIAYtom3Ci4CzYRM0%3D&ect=4g
1783955708903-290,https://www.tokopedia.com/search?st=product&q=HT%20MOTOROLA&srp_component_id=02.01.00.00&srp_page_id=&srp_page_title=&navsource=,Rp569.500,ht gp360 walkie talkie type c charging port ip54 15km long distance uhf vhf 10w 199 dual frequency 1732478725679646520,,https://p16-images-sign-sg.tokopedia-static.net/tos-alisg-i-aphluv4xwc-sg/8f9e14d109e34d9ab0986a7c478e984c~tplv-aphluv4xwc-white-pad-v1:200:200.webp?lk3s=97278606&x-expires=1783959269&x-signature=B4b3xdwxmqL1NIt4wQqOOMtd6mI%3D&x-signature-webp=B4b3xdwxmqL1NIt4wQqOOMtd6mI%3D&ect=4g
1783955708903-291,https://www.tokopedia.com/search?st=product&q=HT%20MOTOROLA&srp_component_id=02.01.00.00&srp_page_id=&srp_page_title=&navsource=,Rp338.000,original ht t62 2unit set 10watt high power long range 13km durable type c charger walkie talkie for motorcycles work radio 1732301750836364987,,https://p16-images-sign-sg.tokopedia-static.net/tos-alisg-i-aphluv4xwc-sg/a6ef479560834758b242e5749eda544e~tplv-aphluv4xwc-white-pad-v1:200:200.webp?lk3s=97278606&x-expires=1783959269&x-signature=q4sAZumLhPXgB26WXFPgahvVeoU%3D&x-signature-webp=q4sAZumLhPXgB26WXFPgahvVeoU%3D&ect=4g
1783955708903-292,https://www.tokopedia.com/search?st=product&q=HT%20MOTOROLA&srp_component_id=02.01.00.00&srp_page_id=&srp_page_title=&navsource=,Rp180.000,cod ht walkie talkie m8 morqto two way radio uhf 12w 9800mah baterai type c charging tahan air ip54 1734323962549536328,,https://p19-images-sign-sg.tokopedia-static.net/tos-alisg-i-aphluv4xwc-sg/74ef6b4d3b9e4912be2a16da35194e23~tplv-aphluv4xwc-white-pad-v1:200:200.webp?lk3s=97278606&x-expires=1783959269&x-signature=yd84EvO040CjK2UY082i%2BlwFO6I%3D&x-signature-webp=yd84EvO040CjK2UY082i%2BlwFO6I%3D&ect=4g
1783955708903-293,https://www.tokopedia.com/search?st=product&q=HT%20MOTOROLA&srp_component_id=02.01.00.00&srp_page_id=&srp_page_title=&navsource=,Rp149.900,radio ht baofeng bf 888s walkie talkie uhf jarak jauh 16 channel untuk outdoor anti air ipx5 baterai 1500mah tahan lama komunikasi proyek konstruksi event dan security 1733567456758433269,Mall,https://p16-images-sign-sg.tokopedia-static.net/tos-alisg-i-aphluv4xwc-sg/242ff56210004f18a512072c002b212d~tplv-aphluv4xwc-white-pad-v1:200:200.webp?lk3s=97278606&x-expires=1783959269&x-signature=w3ev3okI%2Fgqx8WlHZSm%2F%2BBO6KOU%3D&x-signature-webp=w3ev3okI%2Fgqx8WlHZSm%2F%2BBO6KOU%3D&ect=4g
1783955708903-294,https://www.tokopedia.com/search?st=product&q=HT%20MOTOROLA&srp_component_id=02.01.00.00&srp_page_id=&srp_page_title=&navsource=,Rp609.500,walkie talkie ht handy talkie v5r uv 5r radio ht komunikasi 2 unit c68f7,,https://p16-images-sign-sg.tokopedia-static.net/tos-alisg-i-aphluv4xwc-sg/img/hDjmkQ/2025/2/12/f16addde-5454-4f9d-9e20-11dc68dde89c.jpg~tplv-aphluv4xwc-white-pad-v1:200:200.webp?lk3s=97278606&x-expires=1783959269&x-signature=ScVHoV8bPZtsECHd0JQxOTRx9Yo%3D&x-signature-webp=ScVHoV8bPZtsECHd0JQxOTRx9Yo%3D&ect=4g
1783955708903-295,https://www.tokopedia.com/search?st=product&q=HT%20MOTOROLA&srp_component_id=02.01.00.00&srp_page_id=&srp_page_title=&navsource=,Rp375.210,garansi 5 tahun bf 888s walkie talkie 100 asli jarak jauh 10km max 2800mah ht wlan uhf 2 units handy talky waterproof portable with charger 1729627826184029991,,https://p16-images-sign-sg.tokopedia-static.net/tos-alisg-i-aphluv4xwc-sg/ce8ac0d049534ba6b5034bbcf2b5985c~tplv-aphluv4xwc-white-pad-v1:200:200.webp?lk3s=97278606&x-expires=1783959269&x-signature=XqZr0Fwufj3IXEK2zgeIGHoGibs%3D&x-signature-webp=XqZr0Fwufj3IXEK2zgeIGHoGibs%3D&ect=4g
1783955708903-296,https://www.tokopedia.com/search?st=product&q=HT%20MOTOROLA&srp_component_id=02.01.00.00&srp_page_id=&srp_page_title=&navsource=,Rp798.000,ht handy talkie gp360 walkie talkie two way radio jarak jauh 15km daya tinggi 10w 199 saluran radio fm portabel 1731587292518320097,,https://p16-images-sign-sg.tokopedia-static.net/tos-alisg-i-aphluv4xwc-sg/5ac4b0e2f63843fb9072d208a66844a4~tplv-aphluv4xwc-white-pad-v1:200:200.webp?lk3s=97278606&x-expires=1783959269&x-signature=YqwlKl58xJSLdHZg%2FZMEFhPT5%2Fs%3D&x-signature-webp=YqwlKl58xJSLdHZg%2FZMEFhPT5%2Fs%3D&ect=4g
1783955708903-297,https://www.tokopedia.com/search?st=product&q=HT%20MOTOROLA&srp_component_id=02.01.00.00&srp_page_id=&srp_page_title=&navsource=,Rp580.000,walkie talkie radio ht ic v 80 icv80 ic v80 vhf bonus headset handy talky v80e v80 ic v 80 new baru v80,,https://p16-images-sign-sg.tokopedia-static.net/tos-alisg-i-aphluv4xwc-sg/img/VqbcmM/2024/10/1/ef59f286-6a99-421b-af46-82b3c8479861.jpg~tplv-aphluv4xwc-white-pad-v1:200:200.webp?lk3s=97278606&x-expires=1783959269&x-signature=A%2Fc0gRvBNnvyXjyPA3zIKahCZH8%3D&x-signature-webp=A%2Fc0gRvBNnvyXjyPA3zIKahCZH8%3D&ect=4g
1783955708903-299,https://www.tokopedia.com/search?st=product&q=HT%20MOTOROLA&srp_component_id=02.01.00.00&srp_page_id=&srp_page_title=&navsource=,Rp450.000,moto radio ht moto x8 ht walkie talkie tahan air dualband vhf uhf dengan power output 10w kapasitas bateri 5500mah waterproof ip54 dan dukungan kabel type c 1729859075713042280,,https://p16-images-sign-sg.tokopedia-static.net/tos-alisg-i-aphluv4xwc-sg/img/VqbcmM/2023/11/10/b7d2e0ce-09c3-4656-af6b-29e2b397608f.jpg~tplv-aphluv4xwc-white-pad-v1:200:200.webp?lk3s=97278606&x-expires=1783959269&x-signature=Y1GYJFojaZNHgRH9jPjo471roZE%3D&x-signature-webp=Y1GYJFojaZNHgRH9jPjo471roZE%3D&ect=4g
1783955708903-300,https://www.tokopedia.com/search?st=product&q=HT%20MOTOROLA&srp_component_id=02.01.00.00&srp_page_id=&srp_page_title=&navsource=,Rp586.000,ht 410s ip68 15watt walkie talkie analog radio jarak jauh 20km dual band handy talky satu tombol untuk frekuensi walky talky uhf vhf segmen ganda fm two way radio 1733307261422830812,,https://p16-images-sign-sg.tokopedia-static.net/tos-alisg-i-aphluv4xwc-sg/c784686646d9412aaab051c4d48660f8~tplv-aphluv4xwc-white-pad-v1:200:200.webp?lk3s=97278606&x-expires=1783959269&x-signature=aK%2BFBbTVCU07qsH6IR%2FUrNmNdsY%3D&x-signature-webp=aK%2BFBbTVCU07qsH6IR%2FUrNmNdsY%3D&ect=4g
1783955708903-301,https://www.tokopedia.com/search?st=product&q=HT%20MOTOROLA&srp_component_id=02.01.00.00&srp_page_id=&srp_page_title=&navsource=,Rp130.000,ht baofeng 888s walkie talkie 1735913371980498103 1735913668266591415,,https://p16-images-sign-sg.tokopedia-static.net/tos-alisg-i-aphluv4xwc-sg/2b68f66a7c32435ba1d8afb15ba0589c~tplv-aphluv4xwc-white-pad-v1:200:200.webp?lk3s=97278606&x-expires=1783959282&x-signature=JWwR13zYh%2Bs07GUCIoYZNN9jg0A%3D&x-signature-webp=JWwR13zYh%2Bs07GUCIoYZNN9jg0A%3D&ect=4g
1783955708903-302,https://www.tokopedia.com/search?st=product&q=HT%20MOTOROLA&srp_component_id=02.01.00.00&srp_page_id=&srp_page_title=&navsource=,Rp95.680,bisa cod ht uv 5r 8watt 2800mah dual band promo free handsfree uv5r 1731638097584949037,,https://p16-images-sign-sg.tokopedia-static.net/tos-alisg-i-aphluv4xwc-sg/d7f607fb1aaa43a5924b87fb0957df97~tplv-aphluv4xwc-white-pad-v1:200:200.webp?lk3s=97278606&x-expires=1783959282&x-signature=h0RslhCyGmWyPzVNKf2L5CGGdWc%3D&x-signature-webp=h0RslhCyGmWyPzVNKf2L5CGGdWc%3D&ect=4g
1783955708903-303,https://www.tokopedia.com/search?st=product&q=HT%20MOTOROLA&srp_component_id=02.01.00.00&srp_page_id=&srp_page_title=&navsource=,Rp298.000,ht walkie talkie c51 kisaran panjang 10km 16channels ip54 tahan air dan kedap debu transceiver dua arah radio 5 watt 1733975832285775329,,https://p16-images-sign-sg.tokopedia-static.net/tos-alisg-i-aphluv4xwc-sg/6e6a60f2995d4c538cfbd34d5882195b~tplv-aphluv4xwc-white-pad-v1:200:200.webp?lk3s=97278606&x-expires=1783959282&x-signature=aWxHwROJFbAUMAEqtfWKKxlI%2B5U%3D&x-signature-webp=aWxHwROJFbAUMAEqtfWKKxlI%2B5U%3D&ect=4g
1783955708903-304,https://www.tokopedia.com/search?st=product&q=HT%20MOTOROLA&srp_component_id=02.01.00.00&srp_page_id=&srp_page_title=&navsource=,Rp248.000,baofeng uv 5r 5w walkie talkie 128ch 3 10km long range dual band vhf uhf portable two way radio for outdoor construction emergency with type c charging 1735658801019323507 1735658801355654259,,https://p16-images-sign-sg.tokopedia-static.net/tos-alisg-i-aphluv4xwc-sg/46b9beb679234a7894a3a9483ff4b51a~tplv-aphluv4xwc-white-pad-v1:200:200.webp?lk3s=97278606&x-expires=1783959282&x-signature=RfFM4Q8i68PyzH%2FJcAxtKhea2AA%3D&x-signature-webp=RfFM4Q8i68PyzH%2FJcAxtKhea2AA%3D&ect=4g
1783955708903-305,https://www.tokopedia.com/search?st=product&q=HT%20MOTOROLA&srp_component_id=02.01.00.00&srp_page_id=&srp_page_title=&navsource=,Rp159.410,terlaris ht bf uv 82 pro 8watt 5000mah dualband walkie talkie jarak jauh walky talky ht uv82 bergaransi singleband d02dd,,https://p16-images-sign-sg.tokopedia-static.net/tos-alisg-i-aphluv4xwc-sg/27fb569e62fa477895f4ee82a3ff7f1b~tplv-aphluv4xwc-white-pad-v1:200:200.webp?lk3s=97278606&x-expires=1783959282&x-signature=iiY4Se0aKNEd3JJFR%2Fnm%2FsUE1%2Bw%3D&x-signature-webp=iiY4Se0aKNEd3JJFR%2Fnm%2FsUE1%2Bw%3D&ect=4g
1783955708903-306,https://www.tokopedia.com/search?st=product&q=HT%20MOTOROLA&srp_component_id=02.01.00.00&srp_page_id=&srp_page_title=&navsource=,Rp385.000,ht walkie talkie gp308 high power 5watt 16channels mini walkie talkie uhf 400 470mhz long range 10km 9800mah kapasitas baterai 1733945922517829089,,https://p16-images-sign-sg.tokopedia-static.net/tos-alisg-i-aphluv4xwc-sg/05d2b204505a4552b6774edd38c2e764~tplv-aphluv4xwc-white-pad-v1:200:200.webp?lk3s=97278606&x-expires=1783959282&x-signature=CF3c1inC2NNsBEF9bccVcIxmuII%3D&x-signature-webp=CF3c1inC2NNsBEF9bccVcIxmuII%3D&ect=4g
1783955708903-307,https://www.tokopedia.com/search?st=product&q=HT%20MOTOROLA&srp_component_id=02.01.00.00&srp_page_id=&srp_page_title=&navsource=,Rp200.000,ht verxion uv 5ra dualband vhf uhf hanya ht saja,,https://p19-images-sign-sg.tokopedia-static.net/tos-alisg-i-aphluv4xwc-sg/img/VqbcmM/2023/3/2/5d42449f-572a-4746-b984-2c0ec4b43fe7.jpg~tplv-aphluv4xwc-white-pad-v1:200:200.webp?lk3s=97278606&x-expires=1783959282&x-signature=Qj0SusZVvHglGkd7EEpsodaoclM%3D&x-signature-webp=Qj0SusZVvHglGkd7EEpsodaoclM%3D&ect=4g
1783955708903-308,https://www.tokopedia.com/search?st=product&q=HT%20MOTOROLA&srp_component_id=02.01.00.00&srp_page_id=&srp_page_title=&navsource=,Rp130.000,handy talky bf 888s 100 authentic walkie talkie 5w daya besar baterai tahan lama uhf 400 438mhz garansi kualitas untuk bisnis outdoor 1734982215490307097 1734982580886340633,,https://p16-images-sign-sg.tokopedia-static.net/tos-alisg-i-aphluv4xwc-sg/51a896f990604a4db48a44d06788160d~tplv-aphluv4xwc-white-pad-v1:200:200.webp?lk3s=97278606&x-expires=1783959282&x-signature=VeAyhrDfm46Z0BP9NKXTLvor6l8%3D&x-signature-webp=VeAyhrDfm46Z0BP9NKXTLvor6l8%3D&ect=4g
1783955708903-309,https://www.tokopedia.com/search?st=product&q=HT%20MOTOROLA&srp_component_id=02.01.00.00&srp_page_id=&srp_page_title=&navsource=,Rp649.000,ht hx 370s 15 watt walkie talkie radio jarak jauh 20km paket headset satu tombol untuk frekuensi walky talky u vsegmen ganda fm ip54 tahan air dan kedap debu pitapenuh 136 520mhz 1731847590988056356,,https://p16-images-sign-sg.tokopedia-static.net/tos-alisg-i-aphluv4xwc-sg/493784967b2b4be6a6fd94e1eefb9300~tplv-aphluv4xwc-white-pad-v1:200:200.webp?lk3s=97278606&x-expires=1783959282&x-signature=7vPkN27%2BOGHxjVpAAv39EAKoS%2BQ%3D&x-signature-webp=7vPkN27%2BOGHxjVpAAv39EAKoS%2BQ%3D&ect=4g
1783955708903-310,https://www.tokopedia.com/search?st=product&q=HT%20MOTOROLA&srp_component_id=02.01.00.00&srp_page_id=&srp_page_title=&navsource=,Rp235.000,ht tx 8 texas two way radio vhf range jarak jauh lampu lcd premium,,https://p16-images-sign-sg.tokopedia-static.net/tos-alisg-i-aphluv4xwc-sg/bff71e7d897e4643878b690cd69e2f15~tplv-aphluv4xwc-white-pad-v1:200:200.webp?lk3s=97278606&x-expires=1783959282&x-signature=k0g8pu%2BWlLCf3Zv0keB8iNklkdQ%3D&x-signature-webp=k0g8pu%2BWlLCf3Zv0keB8iNklkdQ%3D&ect=4g
1783955708903-311,https://www.tokopedia.com/search?st=product&q=HT%20MOTOROLA&srp_component_id=02.01.00.00&srp_page_id=&srp_page_title=&navsource=,Rp293.100,termurah ht uv82 army loreng 8watt 5000mah dualband walkie talkie jarak jauh original bergaransi 1730602603982522157,,https://p16-images-sign-sg.tokopedia-static.net/tos-alisg-i-aphluv4xwc-sg/ccb5c4dea3b24bcda91d37ff65224e7c~tplv-aphluv4xwc-white-pad-v1:200:200.webp?lk3s=97278606&x-expires=1783959282&x-signature=64DEanL2vi7xwzgv0YelCgHuM8w%3D&x-signature-webp=64DEanL2vi7xwzgv0YelCgHuM8w%3D&ect=4g
1783955708904-312,https://www.tokopedia.com/search?st=product&q=HT%20MOTOROLA&srp_component_id=02.01.00.00&srp_page_id=&srp_page_title=&navsource=,Rp641.000,k headset ht motorola 370s walkie talkie type c charging port ip54 20km long distance vhf 136mhz uhf 520mhz 15w daya tinggi 1731397319393969871,ORI,https://p16-images-sign-sg.tokopedia-static.net/tos-alisg-i-aphluv4xwc-sg/img/VqbcmM/2025/5/12/22a61ef8-122d-4402-af07-a3db797cc70b.jpg~tplv-aphluv4xwc-white-pad-v1:200:200.webp?lk3s=97278606&x-expires=1783959282&x-signature=daB9bKrekgqf63tdxa55UgrIajk%3D&x-signature-webp=daB9bKrekgqf63tdxa55UgrIajk%3D&ect=4g
1783955708904-313,https://www.tokopedia.com/search?st=product&q=HT%20MOTOROLA&srp_component_id=02.01.00.00&srp_page_id=&srp_page_title=&navsource=,Rp149.900,ht baofeng bf 888s original walkie talkie uhf 400 470mhz 5w jarak jauh 10km 16 channel tahan air paket 2 set headset garansi resmi 1733561803826890229,Mall,https://p16-images-sign-sg.tokopedia-static.net/tos-alisg-i-aphluv4xwc-sg/fdf7169a78ec41bd8fba844fd7e5a2dc~tplv-aphluv4xwc-white-pad-v1:200:200.webp?lk3s=97278606&x-expires=1783959282&x-signature=Qc3SLPwRsEZG4EaSrhqWC0hOKHU%3D&x-signature-webp=Qc3SLPwRsEZG4EaSrhqWC0hOKHU%3D&ect=4g
1783955708904-314,https://www.tokopedia.com/search?st=product&q=HT%20MOTOROLA&srp_component_id=02.01.00.00&srp_page_id=&srp_page_title=&navsource=,Rp608.000,ht moto x6 vhf uhf 10w handy talky moto fm am frekuensi penerbanga 1729859306310698856,,https://p16-images-sign-sg.tokopedia-static.net/tos-alisg-i-aphluv4xwc-sg/img/VqbcmM/2023/11/10/e11bc13f-0f5d-4bbd-8b3d-2576ecf59ce2.jpg~tplv-aphluv4xwc-white-pad-v1:200:200.webp?lk3s=97278606&x-expires=1783959282&x-signature=wxTEvS6eNS3M9XRSAxAtm6Q0xbw%3D&x-signature-webp=wxTEvS6eNS3M9XRSAxAtm6Q0xbw%3D&ect=4g
1783955708904-315,https://www.tokopedia.com/search?st=product&q=HT%20MOTOROLA&srp_component_id=02.01.00.00&srp_page_id=&srp_page_title=&navsource=,Rp250.000,ht smp clarigo 328 uhf low uhf 350 477d3,,https://p16-images-sign-sg.tokopedia-static.net/tos-alisg-i-aphluv4xwc-sg/img/VqbcmM/2024/10/16/ab0d9b40-bf77-4ac0-a1fa-513f898eb336.jpg~tplv-aphluv4xwc-white-pad-v1:200:200.webp?lk3s=97278606&x-expires=1783959282&x-signature=RKiVVrbu8T%2BFZMarOwmOSJzmXzw%3D&x-signature-webp=RKiVVrbu8T%2BFZMarOwmOSJzmXzw%3D&ect=4g
1783955708904-316,https://www.tokopedia.com/search?st=product&q=HT%20MOTOROLA&srp_component_id=02.01.00.00&srp_page_id=&srp_page_title=&navsource=,Rp450.000,ht osaka a1 mini walkie talkie jarak jauh anti air garansi ht osaka a 2 97502,,https://p16-images-sign-sg.tokopedia-static.net/tos-alisg-i-aphluv4xwc-sg/img/VqbcmM/2024/8/23/d649e947-cf89-4c55-abde-07249f152780.jpg~tplv-aphluv4xwc-white-pad-v1:200:200.webp?lk3s=97278606&x-expires=1783959282&x-signature=%2F%2BxIQvvoaSC3DwyI9%2Fmw4FSeB2A%3D&x-signature-webp=%2F%2BxIQvvoaSC3DwyI9%2Fmw4FSeB2A%3D&ect=4g
1783955708904-317,https://www.tokopedia.com/search?st=product&q=HT%20MOTOROLA&srp_component_id=02.01.00.00&srp_page_id=&srp_page_title=&navsource=,Rp135.999,walkie talkie bf 888s waterproof portable with headset handy talky radio ht bf888s jarak jauh 10 km walky talky uhf 2 units led charger earphone antena radio ht portable hd 1733122783043093944,,https://p16-images-sign-sg.tokopedia-static.net/tos-alisg-i-aphluv4xwc-sg/7494bede5e744bf0bc70f6f7462da697~tplv-aphluv4xwc-white-pad-v1:200:200.webp?lk3s=97278606&x-expires=1783959282&x-signature=Crg2YkSE52RlRh9t0v%2Bq0j2IrwA%3D&x-signature-webp=Crg2YkSE52RlRh9t0v%2Bq0j2IrwA%3D&ect=4g
1783955708904-318,https://www.tokopedia.com/search?st=product&q=HT%20MOTOROLA&srp_component_id=02.01.00.00&srp_page_id=&srp_page_title=&navsource=,Rp873.000,ht 8200wp waterproof 10 watt ip68 walkie talkie 8200 wp 10 watt murah 1731514038665119715,,https://p16-images-sign-sg.tokopedia-static.net/tos-alisg-i-aphluv4xwc-sg/b212c59d06f04e9dbb38a4d4ff1dbc7e~tplv-aphluv4xwc-white-pad-v1:200:200.webp?lk3s=97278606&x-expires=1783959282&x-signature=bAwkr96JuzXZmgIFz630jMZmHQI%3D&x-signature-webp=bAwkr96JuzXZmgIFz630jMZmHQI%3D&ect=4g
1783955708904-319,https://www.tokopedia.com/search?st=product&q=HT%20MOTOROLA&srp_component_id=02.01.00.00&srp_page_id=&srp_page_title=&navsource=,Rp1.187.000,headset gratis ht motorola ht walkie talkies v86t 12w high power 999 abu abu 30087,Gratis Ongkir,https://p16-images-sign-sg.tokopedia-static.net/tos-alisg-i-aphluv4xwc-sg/img/hDjmkQ/2024/5/25/4c4b4d8b-b161-483c-a77e-b4bfd5fa57cc.jpg~tplv-aphluv4xwc-white-pad-v1:200:200.webp?lk3s=97278606&x-expires=1783959282&x-signature=oVdcK30MYIkFbMJ7AP8XsiYfc2E%3D&x-signature-webp=oVdcK30MYIkFbMJ7AP8XsiYfc2E%3D&ect=4g
1783955708904-320,https://www.tokopedia.com/search?st=product&q=HT%20MOTOROLA&srp_component_id=02.01.00.00&srp_page_id=&srp_page_title=&navsource=,Rp200.000,ht nikcom m8 walkie talkie ht jarak jauh 20km 12w 9800 mah handy talkie 1 unit ht kualitas jepang 1733591537142891620,,https://p16-images-sign-sg.tokopedia-static.net/tos-alisg-i-aphluv4xwc-sg/53089acf9958475b88dd94a0757241ea~tplv-aphluv4xwc-white-pad-v1:200:200.webp?lk3s=97278606&x-expires=1783959282&x-signature=8jPSzzgn%2BK97nt5oV9k3gL4OjyI%3D&x-signature-webp=8jPSzzgn%2BK97nt5oV9k3gL4OjyI%3D&ect=4g
1783955708904-321,https://www.tokopedia.com/search?st=product&q=HT%20MOTOROLA&srp_component_id=02.01.00.00&srp_page_id=&srp_page_title=&navsource=,Rp380.000,ht baofeng uv82 walkie talkie radio 1732074397660841706,,https://p16-images-sign-sg.tokopedia-static.net/tos-alisg-i-aphluv4xwc-sg/45b63f8f45f846989b5e3b0912d35051~tplv-aphluv4xwc-white-pad-v1:200:200.webp?lk3s=97278606&x-expires=1783959282&x-signature=0PB8rvdFWe0uHjsi61JKmGdqPrY%3D&x-signature-webp=0PB8rvdFWe0uHjsi61JKmGdqPrY%3D&ect=4g
1783955708904-322,https://www.tokopedia.com/search?st=product&q=HT%20MOTOROLA&srp_component_id=02.01.00.00&srp_page_id=&srp_page_title=&navsource=,Rp270.000,handy talky harve hv 888s walkitalkie murah 1731696036374676876,,https://p19-images-sign-sg.tokopedia-static.net/tos-alisg-i-aphluv4xwc-sg/fe861075db734213985af99500d6a47c~tplv-aphluv4xwc-white-pad-v1:200:200.webp?lk3s=97278606&x-expires=1783959282&x-signature=ffjEE6Wqa6ZsTtcok2rHqqHD%2FZo%3D&x-signature-webp=ffjEE6Wqa6ZsTtcok2rHqqHD%2FZo%3D&ect=4g
1783955708904-323,https://www.tokopedia.com/search?st=product&q=HT%20MOTOROLA&srp_component_id=02.01.00.00&srp_page_id=&srp_page_title=&navsource=,Rp779.000,ht moto terbaru walkie talkie jarak jauh frekuensi fm am terbaik 1729858272434489192,,https://p16-images-sign-sg.tokopedia-static.net/tos-alisg-i-aphluv4xwc-sg/img/VqbcmM/2023/11/10/deaa2a37-243a-49db-8acf-021be1462a0e.jpg~tplv-aphluv4xwc-white-pad-v1:200:200.webp?lk3s=97278606&x-expires=1783959282&x-signature=KshIKFDgmArwAhNUAtHMv%2F8EUyU%3D&x-signature-webp=KshIKFDgmArwAhNUAtHMv%2F8EUyU%3D&ect=4g
1783955708904-324,https://www.tokopedia.com/search?st=product&q=HT%20MOTOROLA&srp_component_id=02.01.00.00&srp_page_id=&srp_page_title=&navsource=,Rp500.000,ht 2 pcs moto c51 walkie talkie uhf radio genggam 16 saluran murah 1729884952700946280,,https://p16-images-sign-sg.tokopedia-static.net/tos-alisg-i-aphluv4xwc-sg/img/hDjmkQ/2024/1/31/1d262634-f9cd-4c4d-9eee-e9cbc1ba3193.jpg~tplv-aphluv4xwc-white-pad-v1:200:200.webp?lk3s=97278606&x-expires=1783959282&x-signature=kiFLpuu5CcNvacx3T0%2Bnf1MgUSQ%3D&x-signature-webp=kiFLpuu5CcNvacx3T0%2Bnf1MgUSQ%3D&ect=4g
1783955708904-325,https://www.tokopedia.com/search?st=product&q=HT%20MOTOROLA&srp_component_id=02.01.00.00&srp_page_id=&srp_page_title=&navsource=,Rp421.500,radio ht walkie talkie moto mt 918 jarak jauh 10km handy talky long range 16 saluran wolki tolki mt918 baterai 29800mah standy 15 days full set lengkap batre antena charger clip belt 1733264460868847168,,https://p16-images-sign-sg.tokopedia-static.net/tos-alisg-i-aphluv4xwc-sg/e0d8da4d01774c998a73c1a554d8db4c~tplv-aphluv4xwc-white-pad-v1:200:200.webp?lk3s=97278606&x-expires=1783959282&x-signature=w%2FGSsPwZDI4ieUu4QIgwaRhE8kQ%3D&x-signature-webp=w%2FGSsPwZDI4ieUu4QIgwaRhE8kQ%3D&ect=4g
1783955708904-326,https://www.tokopedia.com/search?st=product&q=HT%20MOTOROLA&srp_component_id=02.01.00.00&srp_page_id=&srp_page_title=&navsource=,Rp225.000,cod original nikcom walkie talkie m8 16saluran uhf wireless copy frequency two way radio nikcom 9800mah baterai 1734217574511511112,,https://p16-images-sign-sg.tokopedia-static.net/tos-alisg-i-aphluv4xwc-sg/6bc62952489641a5b3bd26c17ff7794e~tplv-aphluv4xwc-white-pad-v1:200:200.webp?lk3s=97278606&x-expires=1783959282&x-signature=SkhT85r4Bt3w35VCf%2BarJcc8mgs%3D&x-signature-webp=SkhT85r4Bt3w35VCf%2BarJcc8mgs%3D&ect=4g
1783955708904-327,https://www.tokopedia.com/search?st=product&q=HT%20MOTOROLA&srp_component_id=02.01.00.00&srp_page_id=&srp_page_title=&navsource=,Rp228.000,ht 888s walkie talkie jarak jauh 1500mah ht wlan uhf 2 units handy talky waterproof dengan charger 1730278362326730610,,https://p19-images-common-sign-sg.tokopedia-static.net/tos-maliva-i-o3syd03w52-us/455aa8264f0c49e5a94505575d48cabe~tplv-o3syd03w52-resize-jpeg:200:200.webp?lk3s=97278606&x-expires=1783959282&x-signature=uRocoyFoYX65yTfMZfcaacVsySY%3D&x-signature-webp=uRocoyFoYX65yTfMZfcaacVsySY%3D&ect=4g
1783955708904-328,https://www.tokopedia.com/search?st=product&q=HT%20MOTOROLA&srp_component_id=02.01.00.00&srp_page_id=&srp_page_title=&navsource=,Rp700.000,motorola v3 lipat,,https://p19-images-sign-sg.tokopedia-static.net/tos-alisg-i-aphluv4xwc-sg/img/attachment/2019/11/27/157487061267542/157487061267542_a723efa7-5d8e-462d-8856-94e35a7d468f.png~tplv-aphluv4xwc-white-pad-v1:200:200.webp?lk3s=97278606&x-expires=1783959282&x-signature=Z9Vb4NGc8Boh%2BIGauqwfmC4O1ys%3D&x-signature-webp=Z9Vb4NGc8Boh%2BIGauqwfmC4O1ys%3D&ect=4g
1783955708904-329,https://www.tokopedia.com/search?st=product&q=HT%20MOTOROLA&srp_component_id=02.01.00.00&srp_page_id=&srp_page_title=&navsource=,Rp392.000,ht terbaik dikelasnya jarak jauh murah ht uv 82 pro 8watt dual band vhf uhf radio fm,,https://p16-images-sign-sg.tokopedia-static.net/tos-alisg-i-aphluv4xwc-sg/img/VqbcmM/2024/11/22/37cb3c18-e3b7-4736-a6f9-1c46defb42d6.jpg~tplv-aphluv4xwc-white-pad-v1:200:200.webp?lk3s=97278606&x-expires=1783959282&x-signature=UwD69E%2F2xYCIe6fdJn0I4exSW0Y%3D&x-signature-webp=UwD69E%2F2xYCIe6fdJn0I4exSW0Y%3D&ect=4g
1783955708904-330,https://www.tokopedia.com/search?st=product&q=HT%20MOTOROLA&srp_component_id=02.01.00.00&srp_page_id=&srp_page_title=&navsource=,Rp250.000,ht voxter u1 uhf 403 430mhz,,https://p16-images-sign-sg.tokopedia-static.net/tos-alisg-i-aphluv4xwc-sg/img/product-1/2019/12/30/1287643/1287643_25a7e897-f891-4a70-923d-69cf224af58d_1512_1512.jpg~tplv-aphluv4xwc-white-pad-v1:200:200.webp?lk3s=97278606&x-expires=1783959282&x-signature=bl4u%2FpeEjOHAEpdGbw2J%2F3i26lg%3D&x-signature-webp=bl4u%2FpeEjOHAEpdGbw2J%2F3i26lg%3D&ect=4g
1783955708904-331,https://www.tokopedia.com/search?st=product&q=HT%20MOTOROLA&srp_component_id=02.01.00.00&srp_page_id=&srp_page_title=&navsource=,Rp350.000,ht terbaru 2025 2 unit walkie moto handy talky t 62 400 470mhz 16 saluran 1730879496360265335,,https://p16-images-sign-sg.tokopedia-static.net/tos-alisg-i-aphluv4xwc-sg/img/VqbcmM/2025/2/18/830a1213-a49d-45b7-bd56-021bc1821977.jpg~tplv-aphluv4xwc-white-pad-v1:200:200.webp?lk3s=97278606&x-expires=1783959282&x-signature=2Yo6sRJl5xgp8iY2hVb9Hvvx%2B64%3D&x-signature-webp=2Yo6sRJl5xgp8iY2hVb9Hvvx%2B64%3D&ect=4g
1783955708904-332,https://www.tokopedia.com/search?st=product&q=HT%20MOTOROLA&srp_component_id=02.01.00.00&srp_page_id=&srp_page_title=&navsource=,Rp409.500,gp3188 vhf original radio maritim profesional 10watt jangkau 20km dual band lcd besar lengkap 1732197651189761848,,https://p16-images-sign-sg.tokopedia-static.net/tos-alisg-i-aphluv4xwc-sg/7c6ea2afd8bc4f2b8a84a9bd0f5165ff~tplv-aphluv4xwc-white-pad-v1:200:200.webp?lk3s=97278606&x-expires=1783959282&x-signature=KN4bd3HthP8Co78gYPjaA5uuQn0%3D&x-signature-webp=KN4bd3HthP8Co78gYPjaA5uuQn0%3D&ect=4g
1783955708904-333,https://www.tokopedia.com/search?st=product&q=HT%20MOTOROLA&srp_component_id=02.01.00.00&srp_page_id=&srp_page_title=&navsource=,Rp200.000,walkie talkie texas tx 2dualband 1730241103546254958,,https://p16-images-sign-sg.tokopedia-static.net/tos-alisg-i-aphluv4xwc-sg/8b028dd330de4c0898858d2bdfebff27~tplv-aphluv4xwc-white-pad-v1:200:200.webp?lk3s=97278606&x-expires=1783959282&x-signature=eRLIwNTvIS%2FofoITPE51QLVZRDU%3D&x-signature-webp=eRLIwNTvIS%2FofoITPE51QLVZRDU%3D&ect=4g
1783955708905-334,https://www.tokopedia.com/search?st=product&q=HT%20MOTOROLA&srp_component_id=02.01.00.00&srp_page_id=&srp_page_title=&navsource=,Rp250.000,ht telekomunikasi 230 eksklusif 1731066233813566560,,https://p16-images-sign-sg.tokopedia-static.net/tos-alisg-i-aphluv4xwc-sg/05b680b829ab4d0b8b210cdf78a77c9c~tplv-aphluv4xwc-white-pad-v1:200:200.webp?lk3s=97278606&x-expires=1783959282&x-signature=zE8XcjN%2B3Mo0pt9ZZ5tpzeR7EVQ%3D&x-signature-webp=zE8XcjN%2B3Mo0pt9ZZ5tpzeR7EVQ%3D&ect=4g
1783955708905-335,https://www.tokopedia.com/search?st=product&q=HT%20MOTOROLA&srp_component_id=02.01.00.00&srp_page_id=&srp_page_title=&navsource=,Rp332.000,baofeng uv5rmini walkie talkie 5w daya besar bluetooth 999 saluran fm dual ptt handy talkie untuk kemah mendaki outdoor komunikasi nirkabel portabel 1733093177478318068,,https://p16-images-common-sign-sg.tokopedia-static.net/tos-maliva-i-o3syd03w52-us/86f190a3e04d4b78900e8c76314c2ed7~tplv-o3syd03w52-resize-jpeg:200:200.webp?lk3s=97278606&x-expires=1783959282&x-signature=HNoY%2BFmmswLP5hhYChU4OlOKFbI%3D&x-signature-webp=HNoY%2BFmmswLP5hhYChU4OlOKFbI%3D&ect=4g
1783955708905-336,https://www.tokopedia.com/search?st=product&q=HT%20MOTOROLA&srp_component_id=02.01.00.00&srp_page_id=&srp_page_title=&navsource=,Rp745.000,handi talki ht x one x999 plus alt motorola yaesu 13watt anti air ip68,,https://p16-images-sign-sg.tokopedia-static.net/tos-alisg-i-aphluv4xwc-sg/img/VqbcmM/2021/9/17/1ab1bf65-71b4-48b9-870a-d24e1a386d0c.jpg~tplv-aphluv4xwc-white-pad-v1:200:200.webp?lk3s=97278606&x-expires=1783959282&x-signature=vFeR04W3abfGaP9T9OGnTBPLEEM%3D&x-signature-webp=vFeR04W3abfGaP9T9OGnTBPLEEM%3D&ect=4g
1783955708905-337,https://www.tokopedia.com/search?st=product&q=HT%20MOTOROLA&srp_component_id=02.01.00.00&srp_page_id=&srp_page_title=&navsource=,Rp285.000,new baterai cadangan ht motorola 370s original lithium battery li ion walkie talkie motorola 370 s capacity 6800mah voltage 7 4v durable ultra large capacity batre handy talky motorola370 baterei walky talky daya tahan lama batrei wolki tolki 370 s murah 1730122965782923190,,https://p16-images-sign-sg.tokopedia-static.net/tos-alisg-i-aphluv4xwc-sg/img/hDjmkQ/2024/7/20/3a1f4bc4-df7e-4882-986c-da89632ee3e8.jpg~tplv-aphluv4xwc-white-pad-v1:200:200.webp?lk3s=97278606&x-expires=1783959282&x-signature=SzE6ldFnJE8iRjGmjDwXTNk2wqs%3D&x-signature-webp=SzE6ldFnJE8iRjGmjDwXTNk2wqs%3D&ect=4g
1783955708905-338,https://www.tokopedia.com/search?st=product&q=HT%20MOTOROLA&srp_component_id=02.01.00.00&srp_page_id=&srp_page_title=&navsource=,Rp175.000,extramik ht motorola ats 2500 gp 338 mtx 960 motorola pmnn4021a,,https://p16-images-sign-sg.tokopedia-static.net/tos-alisg-i-aphluv4xwc-sg/img/VqbcmM/2023/10/25/5db45a7f-dec7-41ac-9849-a31a97ce7de3.jpg~tplv-aphluv4xwc-white-pad-v1:200:200.webp?lk3s=97278606&x-expires=1783959282&x-signature=z6bP9V32OOzGK%2FvHLBvJlZPHVeQ%3D&x-signature-webp=z6bP9V32OOzGK%2FvHLBvJlZPHVeQ%3D&ect=4g
1783955708905-339,https://www.tokopedia.com/search?st=product&q=HT%20MOTOROLA&srp_component_id=02.01.00.00&srp_page_id=&srp_page_title=&navsource=,Rp4.949.000,motorola edge 60 fusion 5g 12 256gb moto ai mtk dimensity 7400 4500 nits 6 7 inch 4d curved display gorilla glass 7i 120hz 50mp main camera lytia 700c 32mp selfie 5500mah nfc dolby atmos stereo bonus charger 68w hard case 1731389226415719827 1735293806006404499,,https://p19-images-sign-sg.tokopedia-static.net/tos-alisg-i-aphluv4xwc-sg/b2a0809c4df14669bafd4812299537f8~tplv-aphluv4xwc-white-pad-v1:200:200.webp?lk3s=97278606&x-expires=1783959282&x-signature=AYhXeV4%2F9ara8XISOsG6M97DqpU%3D&x-signature-webp=AYhXeV4%2F9ara8XISOsG6M97DqpU%3D&ect=4g
1783955708905-340,https://www.tokopedia.com/search?st=product&q=HT%20MOTOROLA&srp_component_id=02.01.00.00&srp_page_id=&srp_page_title=&navsource=,Rp200.000,hand mic ht motorola apx1000 xir8268 1733246967316383546,,https://p16-images-sign-sg.tokopedia-static.net/tos-alisg-i-aphluv4xwc-sg/226ec14e6c5346fdad2cd7ede30346f7~tplv-aphluv4xwc-white-pad-v1:200:200.webp?lk3s=97278606&x-expires=1783959282&x-signature=UCwAk5%2Bw5GcTo9ixsp0OjDl2pW0%3D&x-signature-webp=UCwAk5%2Bw5GcTo9ixsp0OjDl2pW0%3D&ect=4g
1783955708905-341,https://www.tokopedia.com/search?st=product&q=HT%20MOTOROLA&srp_component_id=02.01.00.00&srp_page_id=&srp_page_title=&navsource=,Rp220.000,ptt motorola radio ht mobil ekstra mic handle mic motorola,,https://p19-images-sign-sg.tokopedia-static.net/tos-alisg-i-aphluv4xwc-sg/img/VqbcmM/2023/2/1/e46585b3-9a43-4fba-aa0a-82ced3cd725c.jpg~tplv-aphluv4xwc-white-pad-v1:200:200.webp?lk3s=97278606&x-expires=1783959282&x-signature=zzIEhL1K1oKUh5u4ndcQiUY0I94%3D&x-signature-webp=zzIEhL1K1oKUh5u4ndcQiUY0I94%3D&ect=4g
1783955708905-342,https://www.tokopedia.com/search?st=product&q=HT%20MOTOROLA&srp_component_id=02.01.00.00&srp_page_id=&srp_page_title=&navsource=,Rp180.000,mesin ht motorola vhf gp2000,,https://p16-images-sign-sg.tokopedia-static.net/tos-alisg-i-aphluv4xwc-sg/img/VqbcmM/2024/6/6/824ee752-b836-4d72-9729-bbbdce1aa145.jpg~tplv-aphluv4xwc-white-pad-v1:200:200.webp?lk3s=97278606&x-expires=1783959282&x-signature=izUJV7jW2D1025Laqc%2F5G3Bsekk%3D&x-signature-webp=izUJV7jW2D1025Laqc%2F5G3Bsekk%3D&ect=4g
1783955708905-343,https://www.tokopedia.com/search?st=product&q=HT%20MOTOROLA&srp_component_id=02.01.00.00&srp_page_id=&srp_page_title=&navsource=,Rp50.000,earphone headset ht motorola cp 1660 cp 1300 gp 2000 gp 3188 murah,,https://p16-images-sign-sg.tokopedia-static.net/tos-alisg-i-aphluv4xwc-sg/img/VqbcmM/2024/7/23/c2e0793a-6582-49cb-8778-de3b27dfa66b.jpg~tplv-aphluv4xwc-white-pad-v1:200:200.webp?lk3s=97278606&x-expires=1783959282&x-signature=sztQPvovtt%2F%2BdJGHeJSzXzqCxa4%3D&x-signature-webp=sztQPvovtt%2F%2BdJGHeJSzXzqCxa4%3D&ect=4g
1783955708905-344,https://www.tokopedia.com/search?st=product&q=HT%20MOTOROLA&srp_component_id=02.01.00.00&srp_page_id=&srp_page_title=&navsource=,Rp350.000,motorola md200r 20 mile range talkabout 2 way radios pair,,https://p16-images-sign-sg.tokopedia-static.net/tos-alisg-i-aphluv4xwc-sg/img/VqbcmM/2023/10/1/37998323-b972-4088-acb2-ed6d95995809.jpg~tplv-aphluv4xwc-white-pad-v1:200:200.webp?lk3s=97278606&x-expires=1783959282&x-signature=clzvm9HKh0gj8bYAZpmOg0pMLsw%3D&x-signature-webp=clzvm9HKh0gj8bYAZpmOg0pMLsw%3D&ect=4g
1783955708905-345,https://www.tokopedia.com/search?st=product&q=HT%20MOTOROLA&srp_component_id=02.01.00.00&srp_page_id=&srp_page_title=&navsource=,Rp350.000,extramic ht motorola xir p6620 p6620i p6600,,https://p16-images-sign-sg.tokopedia-static.net/tos-alisg-i-aphluv4xwc-sg/img/VqbcmM/2022/9/20/e36e6c4c-2712-4a68-991c-61f35c196daa.png~tplv-aphluv4xwc-white-pad-v1:200:200.webp?lk3s=97278606&x-expires=1783959282&x-signature=K7qvg%2BJ3D5VlHBghaHiL7T0n4WE%3D&x-signature-webp=K7qvg%2BJ3D5VlHBghaHiL7T0n4WE%3D&ect=4g
1783955708905-346,https://www.tokopedia.com/search?st=product&q=HT%20MOTOROLA&srp_component_id=02.01.00.00&srp_page_id=&srp_page_title=&navsource=,Rp180.000,motorola 370s baterai antena headset baterai b8ecf,,https://p19-images-sign-sg.tokopedia-static.net/tos-alisg-i-aphluv4xwc-sg/img/VqbcmM/2023/8/31/583c7d9d-ca1e-4044-8c42-2e6c5f4d37ff.jpg~tplv-aphluv4xwc-white-pad-v1:200:200.webp?lk3s=97278606&x-expires=1783959282&x-signature=Q%2BJevU5%2BAW%2BKWJmacYna4vWnZyM%3D&x-signature-webp=Q%2BJevU5%2BAW%2BKWJmacYna4vWnZyM%3D&ect=4g
1783955708905-347,https://www.tokopedia.com/search?st=product&q=HT%20MOTOROLA&srp_component_id=02.01.00.00&srp_page_id=&srp_page_title=&navsource=,Rp200.000,jual casing ht motorola gp3188 lengkap,,https://p16-images-sign-sg.tokopedia-static.net/tos-alisg-i-aphluv4xwc-sg/img/product-1/2020/2/18/933650/933650_c4670e03-3ada-4552-a07d-623ab32d8d41_780_780.jpg~tplv-aphluv4xwc-white-pad-v1:200:200.webp?lk3s=97278606&x-expires=1783959282&x-signature=zPolGPGJC6uVHPSnUJmx%2Fgj75YI%3D&x-signature-webp=zPolGPGJC6uVHPSnUJmx%2Fgj75YI%3D&ect=4g
1783955708905-348,https://www.tokopedia.com/search?st=product&q=HT%20MOTOROLA&srp_component_id=02.01.00.00&srp_page_id=&srp_page_title=&navsource=,Rp175.000,charger ht motorola cp 1660 1300 1731080591024555402 1735419763781109562,,https://p16-images-sign-sg.tokopedia-static.net/tos-alisg-i-aphluv4xwc-sg/img/VqbcmM/2025/3/27/37ef9540-04d1-49db-b769-570ba3d2fcca.jpg~tplv-aphluv4xwc-white-pad-v1:200:200.webp?lk3s=97278606&x-expires=1783959282&x-signature=6RxuwC%2Bft0mB9ZNsQ41bqZSzX8k%3D&x-signature-webp=6RxuwC%2Bft0mB9ZNsQ41bqZSzX8k%3D&ect=4g
1783955708905-349,https://www.tokopedia.com/search?st=product&q=HT%20MOTOROLA&srp_component_id=02.01.00.00&srp_page_id=&srp_page_title=&navsource=,Rp200.000,mesin radio handy talky motorola gp2000,,https://p16-images-sign-sg.tokopedia-static.net/tos-alisg-i-aphluv4xwc-sg/img/VqbcmM/2024/6/20/4d8261e3-f946-4b18-b508-d60c8f42c0f3.jpg~tplv-aphluv4xwc-white-pad-v1:200:200.webp?lk3s=97278606&x-expires=1783959282&x-signature=bY83WhgVPH%2FZg8gEul9dZDbtP9Q%3D&x-signature-webp=bY83WhgVPH%2FZg8gEul9dZDbtP9Q%3D&ect=4g
1783955708905-350,https://www.tokopedia.com/search?st=product&q=HT%20MOTOROLA&srp_component_id=02.01.00.00&srp_page_id=&srp_page_title=&navsource=,Rp375.000,mesin ht motorola gp3188 vhf dan motorola gp 3188 uhf normal harga sama motorola gp3188 uhf dan vhf kondisi hidup sudah di test normal tx dan rx,,https://p16-images-sign-sg.tokopedia-static.net/tos-alisg-i-aphluv4xwc-sg/img/VqbcmM/2024/12/14/99f50838-bf9d-4571-acd3-6b52b0794fe8.jpg~tplv-aphluv4xwc-white-pad-v1:200:200.webp?lk3s=97278606&x-expires=1783959282&x-signature=NMx8%2B79G2dbcLTQSrnWe6ttNq2E%3D&x-signature-webp=NMx8%2B79G2dbcLTQSrnWe6ttNq2E%3D&ect=4g
1783955708905-351,https://www.tokopedia.com/search?st=product&q=HT%20MOTOROLA&srp_component_id=02.01.00.00&srp_page_id=&srp_page_title=&navsource=,Rp160.000,casing ht motorola gp338 lengkap 1731632767552881734,,https://p19-images-sign-sg.tokopedia-static.net/tos-alisg-i-aphluv4xwc-sg/img/VqbcmM/2022/10/21/c5c1b82d-58cf-49fd-b0bd-cc179d101b82.jpg~tplv-aphluv4xwc-white-pad-v1:200:200.webp?lk3s=97278606&x-expires=1783959282&x-signature=gYyIBQ3ca8vS%2Fn%2FYaPzBvhPkoYU%3D&x-signature-webp=gYyIBQ3ca8vS%2Fn%2FYaPzBvhPkoYU%3D&ect=4g
1783955708905-352,https://www.tokopedia.com/search?st=product&q=HT%20MOTOROLA&srp_component_id=02.01.00.00&srp_page_id=&srp_page_title=&navsource=,Rp200.000,casing ht motorola gp338,,https://p16-images-sign-sg.tokopedia-static.net/tos-alisg-i-aphluv4xwc-sg/img/product-1/2018/1/19/0/0_2e66d324-caad-4581-b9bd-8ec53f103afa_581_1032.jpg~tplv-aphluv4xwc-white-pad-v1:200:200.webp?lk3s=97278606&x-expires=1783959282&x-signature=rXQ2UINUdU%2BVnuK1DPXMGusn8D4%3D&x-signature-webp=rXQ2UINUdU%2BVnuK1DPXMGusn8D4%3D&ect=4g
1783955708906-353,https://www.tokopedia.com/search?st=product&q=HT%20MOTOROLA&srp_component_id=02.01.00.00&srp_page_id=&srp_page_title=&navsource=,Rp300.000,kesing ht motorola xir 6620i original 1736000004357260524,,https://p16-images-sign-sg.tokopedia-static.net/tos-alisg-i-aphluv4xwc-sg/a3135978e8c249c3a468eeef9c983efc~tplv-aphluv4xwc-white-pad-v1:200:200.webp?lk3s=97278606&x-expires=1783959282&x-signature=ysMFOYFdo0okEU%2FEIpU0lA0OfFA%3D&x-signature-webp=ysMFOYFdo0okEU%2FEIpU0lA0OfFA%3D&ect=4g
1783955708906-354,https://www.tokopedia.com/search?st=product&q=HT%20MOTOROLA&srp_component_id=02.01.00.00&srp_page_id=&srp_page_title=&navsource=,Rp233.788,baterai li ion untuk walkie talkie ht motorola gt10 kapasitas 6800mah hemat energi dan daya tahan lama 1732818614059435761,,https://p16-images-sign-sg.tokopedia-static.net/tos-alisg-i-aphluv4xwc-sg/76b9ec000831495aa1938903cd822b91~tplv-aphluv4xwc-white-pad-v1:200:200.webp?lk3s=97278606&x-expires=1783959282&x-signature=k7WK4PenkOrNv2HQkBqUJutgWlY%3D&x-signature-webp=k7WK4PenkOrNv2HQkBqUJutgWlY%3D&ect=4g
1783955708906-355,https://www.tokopedia.com/search?st=product&q=HT%20MOTOROLA&srp_component_id=02.01.00.00&srp_page_id=&srp_page_title=&navsource=,Rp450.000,charger ht motorola apx1000 charger ht motorola xir p8668i,,https://p16-images-sign-sg.tokopedia-static.net/tos-alisg-i-aphluv4xwc-sg/img/VqbcmM/2020/11/17/ca8334d0-173d-4d0e-82d4-c798fa3fb894.jpg~tplv-aphluv4xwc-white-pad-v1:200:200.webp?lk3s=97278606&x-expires=1783959282&x-signature=1L3EnrLvHleSKUK2v%2Bo2b%2BTrnJc%3D&x-signature-webp=1L3EnrLvHleSKUK2v%2Bo2b%2BTrnJc%3D&ect=4g
1783955708906-356,https://www.tokopedia.com/search?st=product&q=HT%20MOTOROLA&srp_component_id=02.01.00.00&srp_page_id=&srp_page_title=&navsource=,Rp160.000,motorola k hand microphone,,https://p16-images-sign-sg.tokopedia-static.net/tos-alisg-i-aphluv4xwc-sg/img/VqbcmM/2024/11/19/9ab50212-460b-44ba-9b72-d7cec5b2e7de.jpg~tplv-aphluv4xwc-white-pad-v1:200:200.webp?lk3s=97278606&x-expires=1783959282&x-signature=eQ401wOkIFAD5baCLuV4ZddTYeU%3D&x-signature-webp=eQ401wOkIFAD5baCLuV4ZddTYeU%3D&ect=4g
1783955708906-357,https://www.tokopedia.com/search?st=product&q=HT%20MOTOROLA&srp_component_id=02.01.00.00&srp_page_id=&srp_page_title=&navsource=,Rp650.000,charger ht motorola xir p6620i xir p6600i apx 1000 original,,https://p16-images-sign-sg.tokopedia-static.net/tos-alisg-i-aphluv4xwc-sg/img/VqbcmM/2024/9/23/86833354-5aea-49e9-8207-6bb8569bf478.jpg~tplv-aphluv4xwc-white-pad-v1:200:200.webp?lk3s=97278606&x-expires=1783959282&x-signature=hsZ0oqiEmHE2M0HyqgF%2FJYU1neA%3D&x-signature-webp=hsZ0oqiEmHE2M0HyqgF%2FJYU1neA%3D&ect=4g
1783955708906-358,https://www.tokopedia.com/search?st=product&q=HT%20MOTOROLA&srp_component_id=02.01.00.00&srp_page_id=&srp_page_title=&navsource=,Rp325.000,lcd ht motorola xir 6620i 1732656148104774726,,https://p16-images-sign-sg.tokopedia-static.net/tos-alisg-i-aphluv4xwc-sg/3d03df1164804987a2fc3b1863e318b5~tplv-aphluv4xwc-white-pad-v1:200:200.webp?lk3s=97278606&x-expires=1783959282&x-signature=eD0xh8aLUClpJIbPRRI4On5bPlo%3D&x-signature-webp=eD0xh8aLUClpJIbPRRI4On5bPlo%3D&ect=4g
1783955708906-359,https://www.tokopedia.com/search?st=product&q=HT%20MOTOROLA&srp_component_id=02.01.00.00&srp_page_id=&srp_page_title=&navsource=,Rp160.000,charger casan ht motorola cp1300 cp1660,,https://p16-images-sign-sg.tokopedia-static.net/tos-alisg-i-aphluv4xwc-sg/img/VqbcmM/2023/8/7/c74bf822-4322-4a95-af66-afb9b3948736.png~tplv-aphluv4xwc-white-pad-v1:200:200.webp?lk3s=97278606&x-expires=1783959282&x-signature=RyM3rJzMsfXviPtzBRuUh2zGU4g%3D&x-signature-webp=RyM3rJzMsfXviPtzBRuUh2zGU4g%3D&ect=4g
1783955708906-360,https://www.tokopedia.com/search?st=product&q=HT%20MOTOROLA&srp_component_id=02.01.00.00&srp_page_id=&srp_page_title=&navsource=,Rp175.000,antena ht motorola xir p6600 p6620i p8660 p8668i p8600 uhf 350 390mhz walkie talkie 1729813571784181107,,https://p16-images-sign-sg.tokopedia-static.net/tos-alisg-i-aphluv4xwc-sg/img/product-1/2020/9/11/933650/933650_0a21f9ec-74a8-4ed4-ab2e-a67077283633_1512_1512.jpg~tplv-aphluv4xwc-white-pad-v1:200:200.webp?lk3s=97278606&x-expires=1783959292&x-signature=O5bsBtmHBun%2FpwnlDQeIVv69Q70%3D&x-signature-webp=O5bsBtmHBun%2FpwnlDQeIVv69Q70%3D&ect=4g
1783955708906-361,https://www.tokopedia.com/search?st=product&q=HT%20MOTOROLA&srp_component_id=02.01.00.00&srp_page_id=&srp_page_title=&navsource=,Rp450.000,batrei ht motorola mototurbo xir p8200 p8208 ats2500i original,,https://p16-images-sign-sg.tokopedia-static.net/tos-alisg-i-aphluv4xwc-sg/img/product-1/2020/9/10/801163/801163_6d2bfd2a-a268-4855-9ad0-d474229cc28a_1077_1077.jpg~tplv-aphluv4xwc-white-pad-v1:200:200.webp?lk3s=97278606&x-expires=1783959292&x-signature=xgCnncFCRUBOy4epIiditFs45o0%3D&x-signature-webp=xgCnncFCRUBOy4epIiditFs45o0%3D&ect=4g
1783955708906-362,https://www.tokopedia.com/search?st=product&q=HT%20MOTOROLA&srp_component_id=02.01.00.00&srp_page_id=&srp_page_title=&navsource=,Rp45.000,handsfree earset tali sepatui ht motorola gp2000 cp1660 cp1300,,https://p16-images-sign-sg.tokopedia-static.net/tos-alisg-i-aphluv4xwc-sg/img/product-1/2018/2/21/27723265/27723265_e23e4b1f-b910-40af-8c16-fa460d58a2ac_2048_2048.jpg~tplv-aphluv4xwc-white-pad-v1:200:200.webp?lk3s=97278606&x-expires=1783959292&x-signature=e03vu7YYaTKSYRccPw%2FMgmK6R1Y%3D&x-signature-webp=e03vu7YYaTKSYRccPw%2FMgmK6R1Y%3D&ect=4g
1783955708906-363,https://www.tokopedia.com/search?st=product&q=HT%20MOTOROLA&srp_component_id=02.01.00.00&srp_page_id=&srp_page_title=&navsource=,Rp225.000,casing ht motorola gp 3188 murah,,https://p16-images-sign-sg.tokopedia-static.net/tos-alisg-i-aphluv4xwc-sg/img/VqbcmM/2021/6/24/bc828bec-d4c1-4d68-9e7f-a2ba56ff9f05.png~tplv-aphluv4xwc-white-pad-v1:200:200.webp?lk3s=97278606&x-expires=1783959292&x-signature=LhHLeuQ18BtwWJBXFmEdjBRytj4%3D&x-signature-webp=LhHLeuQ18BtwWJBXFmEdjBRytj4%3D&ect=4g
1783955708906-364,https://www.tokopedia.com/search?st=product&q=HT%20MOTOROLA&srp_component_id=02.01.00.00&srp_page_id=&srp_page_title=&navsource=,Rp675.000,kabel data program rig motorola ht radio motorola multi port maxton,,https://p16-images-sign-sg.tokopedia-static.net/tos-alisg-i-aphluv4xwc-sg/img/VqbcmM/2021/10/27/66c0cb77-3a56-4844-8107-f8e4092230c6.jpg~tplv-aphluv4xwc-white-pad-v1:200:200.webp?lk3s=97278606&x-expires=1783959292&x-signature=uMxpeZdwGFuHZDj0UO6PTAwVoSg%3D&x-signature-webp=uMxpeZdwGFuHZDj0UO6PTAwVoSg%3D&ect=4g
1783955708906-365,https://www.tokopedia.com/search?st=product&q=HT%20MOTOROLA&srp_component_id=02.01.00.00&srp_page_id=&srp_page_title=&navsource=,Rp340.000,charger ht motorola xir p6620i apx 1000 p8668 8268 motorola 1731633037315834950,,https://p16-images-sign-sg.tokopedia-static.net/tos-alisg-i-aphluv4xwc-sg/img/VqbcmM/2024/9/27/156e52e7-2972-4c74-8186-c39b9901b7f6.jpg~tplv-aphluv4xwc-white-pad-v1:200:200.webp?lk3s=97278606&x-expires=1783959292&x-signature=LXRSgNG%2FGrgOGPJbk8JU4TWFxUU%3D&x-signature-webp=LXRSgNG%2FGrgOGPJbk8JU4TWFxUU%3D&ect=4g
1783955708906-366,https://www.tokopedia.com/search?st=product&q=HT%20MOTOROLA&srp_component_id=02.01.00.00&srp_page_id=&srp_page_title=&navsource=,Rp225.000,casing ht motorola cp 1660,,https://p16-images-sign-sg.tokopedia-static.net/tos-alisg-i-aphluv4xwc-sg/img/product-1/2017/8/4/46813277/46813277_af704cbf-e913-47c1-a2cf-6bede16c345a_482_642.jpg~tplv-aphluv4xwc-white-pad-v1:200:200.webp?lk3s=97278606&x-expires=1783959292&x-signature=7XaKR9vA84op6JszotSnHn6RbCM%3D&x-signature-webp=7XaKR9vA84op6JszotSnHn6RbCM%3D&ect=4g
1783955708906-367,https://www.tokopedia.com/search?st=product&q=HT%20MOTOROLA&srp_component_id=02.01.00.00&srp_page_id=&srp_page_title=&navsource=,Rp1.670.000,baterai ht nntn4497 untuk motorola xir p3688 motorola cp150,,https://p16-images-sign-sg.tokopedia-static.net/tos-alisg-i-aphluv4xwc-sg/img/VqbcmM/2021/2/1/0585b44e-5a9b-4ba4-811c-02a67d14e83b.jpg~tplv-aphluv4xwc-white-pad-v1:200:200.webp?lk3s=97278606&x-expires=1783959292&x-signature=lMO0DG9Mrgih9YOVA72ToHwH7S8%3D&x-signature-webp=lMO0DG9Mrgih9YOVA72ToHwH7S8%3D&ect=4g
1783955708906-368,https://www.tokopedia.com/search?st=product&q=HT%20MOTOROLA&srp_component_id=02.01.00.00&srp_page_id=&srp_page_title=&navsource=,Rp375.000,batre ht motorola xir p6620i xir p6600i batrei motorola xir p 6620 walkie talkie 1729886182869796211,,https://p16-images-sign-sg.tokopedia-static.net/tos-alisg-i-aphluv4xwc-sg/7b9b9db626e24ba3ba0d6105dd2563ab~tplv-aphluv4xwc-white-pad-v1:200:200.webp?lk3s=97278606&x-expires=1783959292&x-signature=%2BkIOYiwC464yVlP5b4ZmJa4f3SY%3D&x-signature-webp=%2BkIOYiwC464yVlP5b4ZmJa4f3SY%3D&ect=4g
1783955708906-369,https://www.tokopedia.com/search?st=product&q=HT%20MOTOROLA&srp_component_id=02.01.00.00&srp_page_id=&srp_page_title=&navsource=,Rp425.000,batre ht motorola xir p3688 motorola xirp3688 xir p 3688 lithium,,https://p16-images-sign-sg.tokopedia-static.net/tos-alisg-i-aphluv4xwc-sg/img/VqbcmM/2022/6/25/809fab17-99de-4a33-abf1-30f301f4f143.png~tplv-aphluv4xwc-white-pad-v1:200:200.webp?lk3s=97278606&x-expires=1783959292&x-signature=YpQQjf1TJnHIDpspah23wLUZcZU%3D&x-signature-webp=YpQQjf1TJnHIDpspah23wLUZcZU%3D&ect=4g
1783955708906-370,https://www.tokopedia.com/search?st=product&q=HT%20MOTOROLA&srp_component_id=02.01.00.00&srp_page_id=&srp_page_title=&navsource=,Rp450.000,batre ht motorola mototurbo ats2500i xir p8200 p8268,,https://p16-images-sign-sg.tokopedia-static.net/tos-alisg-i-aphluv4xwc-sg/img/VqbcmM/2021/8/6/a510b63e-a2be-4fc7-ba7a-60f208d68581.jpg~tplv-aphluv4xwc-white-pad-v1:200:200.webp?lk3s=97278606&x-expires=1783959292&x-signature=vC71NvOMYMwhxEgWpuRk4cDz0gA%3D&x-signature-webp=vC71NvOMYMwhxEgWpuRk4cDz0gA%3D&ect=4g
1783955708906-371,https://www.tokopedia.com/search?st=product&q=HT%20MOTOROLA&srp_component_id=02.01.00.00&srp_page_id=&srp_page_title=&navsource=,Rp350.000,batre ht motorola xir p3688 batre ht motorola xir p 3688 nntn4497dr,,https://p16-images-sign-sg.tokopedia-static.net/tos-alisg-i-aphluv4xwc-sg/img/VqbcmM/2021/9/16/2fd03278-ed73-4bc4-add6-828cc905a29b.jpg~tplv-aphluv4xwc-white-pad-v1:200:200.webp?lk3s=97278606&x-expires=1783959292&x-signature=QKQw3SHUluEt41DJKgUSMZhbCnw%3D&x-signature-webp=QKQw3SHUluEt41DJKgUSMZhbCnw%3D&ect=4g
1783955708906-372,https://www.tokopedia.com/search?st=product&q=HT%20MOTOROLA&srp_component_id=02.01.00.00&srp_page_id=&srp_page_title=&navsource=,Rp335.000,batre ht motorola xir p6620i pmnn4409a 4407a baterai xir p6600i p6620 biasa 1730836119375873692,,https://p16-images-sign-sg.tokopedia-static.net/tos-alisg-i-aphluv4xwc-sg/img/VqbcmM/2025/2/5/c97ff5a1-2024-481b-bab4-ebd0e495c593.jpg~tplv-aphluv4xwc-white-pad-v1:200:200.webp?lk3s=97278606&x-expires=1783959292&x-signature=q7%2BxXg3rwvmXxWViJPH7Pz4mNoQ%3D&x-signature-webp=q7%2BxXg3rwvmXxWViJPH7Pz4mNoQ%3D&ect=4g
1783955708906-373,https://www.tokopedia.com/search?st=product&q=HT%20MOTOROLA&srp_component_id=02.01.00.00&srp_page_id=&srp_page_title=&navsource=,Rp265.000,extra mic motorola xir p8600 8628 8260 8268 apx1000,,https://p16-images-sign-sg.tokopedia-static.net/tos-alisg-i-aphluv4xwc-sg/img/product-1/2017/12/29/12003485/12003485_c790c0a6-521f-4f62-b8a7-c138d8ff9618_2048_0.jpg~tplv-aphluv4xwc-white-pad-v1:200:200.webp?lk3s=97278606&x-expires=1783959292&x-signature=adv4%2BEV15LtR4RlERuEE7%2BGgAqs%3D&x-signature-webp=adv4%2BEV15LtR4RlERuEE7%2BGgAqs%3D&ect=4g
1783955708907-374,https://www.tokopedia.com/search?st=product&q=HT%20MOTOROLA&srp_component_id=02.01.00.00&srp_page_id=&srp_page_title=&navsource=,Rp325.000,batre ht motorola gp 308 murah,,https://p16-images-sign-sg.tokopedia-static.net/tos-alisg-i-aphluv4xwc-sg/img/VqbcmM/2021/6/23/35d95f3d-15be-4d46-8b1a-983fbadb747a.png~tplv-aphluv4xwc-white-pad-v1:200:200.webp?lk3s=97278606&x-expires=1783959292&x-signature=Jb0dEufpbiIbdtzfqFap4w8EVOw%3D&x-signature-webp=Jb0dEufpbiIbdtzfqFap4w8EVOw%3D&ect=4g
1783955708907-375,https://www.tokopedia.com/search?st=product&q=HT%20MOTOROLA&srp_component_id=02.01.00.00&srp_page_id=&srp_page_title=&navsource=,Rp350.000,batrey ht motorola cp 1660 1300 plus belclip,,https://p16-images-sign-sg.tokopedia-static.net/tos-alisg-i-aphluv4xwc-sg/img/VqbcmM/2023/11/19/e5616b00-dbf1-4107-87cc-b28855fdd3d4.jpg~tplv-aphluv4xwc-white-pad-v1:200:200.webp?lk3s=97278606&x-expires=1783959292&x-signature=eNW%2FvFYlSus9OwkofQ9LqbfmhtQ%3D&x-signature-webp=eNW%2FvFYlSus9OwkofQ9LqbfmhtQ%3D&ect=4g
1783955708907-376,https://www.tokopedia.com/search?st=product&q=HT%20MOTOROLA&srp_component_id=02.01.00.00&srp_page_id=&srp_page_title=&navsource=,Rp250.000,batrei ht motorola gp3188 batrei ht motorola xir p3688 nicad murah,,https://p16-images-sign-sg.tokopedia-static.net/tos-alisg-i-aphluv4xwc-sg/img/product-1/2017/7/5/50058021/50058021_ddd6048b-d5fe-48ac-913e-7a6131486cd2_780_1040.jpg~tplv-aphluv4xwc-white-pad-v1:200:200.webp?lk3s=97278606&x-expires=1783959292&x-signature=YHMQiVndZyKl6TmwLtoM5%2Fi8KYw%3D&x-signature-webp=YHMQiVndZyKl6TmwLtoM5%2Fi8KYw%3D&ect=4g
1783955708907-378,https://www.tokopedia.com/search?st=product&q=HT%20MOTOROLA&srp_component_id=02.01.00.00&srp_page_id=&srp_page_title=&navsource=,Rp265.000,baterai motorola xir p8668 batre motorola xir p6620 kondisi baru baterai ht motorola apx1000 motorola nntn4409 impress made in malaysia lebih tebal awet battery 1735488872248018938,,https://p16-images-sign-sg.tokopedia-static.net/tos-alisg-i-aphluv4xwc-sg/533107070e6341a0aa1e1d636715ab47~tplv-aphluv4xwc-white-pad-v1:200:200.webp?lk3s=97278606&x-expires=1783959292&x-signature=n%2Fs7OmPM1%2BQIkL6qFTxskizLz0k%3D&x-signature-webp=n%2Fs7OmPM1%2BQIkL6qFTxskizLz0k%3D&ect=4g
1783955708907-379,https://www.tokopedia.com/search?st=product&q=HT%20MOTOROLA&srp_component_id=02.01.00.00&srp_page_id=&srp_page_title=&navsource=,Rp375.000,antena ht motorola vhf original,,https://p16-images-sign-sg.tokopedia-static.net/tos-alisg-i-aphluv4xwc-sg/img/product-1/2018/9/12/2544364/2544364_be2b458a-8df2-4814-87dd-212f13af9d73_1224_1224.jpg~tplv-aphluv4xwc-white-pad-v1:200:200.webp?lk3s=97278606&x-expires=1783959292&x-signature=9bo%2FaHtbltn7XDbWKSOCdWarp4Y%3D&x-signature-webp=9bo%2FaHtbltn7XDbWKSOCdWarp4Y%3D&ect=4g
1783955708907-380,https://www.tokopedia.com/search?st=product&q=HT%20MOTOROLA&srp_component_id=02.01.00.00&srp_page_id=&srp_page_title=&navsource=,Rp185.000,charger ht motorola cp1660 cp1300 1731562892076812111,,https://p16-images-sign-sg.tokopedia-static.net/tos-alisg-i-aphluv4xwc-sg/img/VqbcmM/2025/6/1/5629aed5-a25c-4b94-b745-655f60e61e42.jpg~tplv-aphluv4xwc-white-pad-v1:200:200.webp?lk3s=97278606&x-expires=1783959292&x-signature=kNk%2BQweQaIjbEYU6evj%2BLM0nUi0%3D&x-signature-webp=kNk%2BQweQaIjbEYU6evj%2BLM0nUi0%3D&ect=4g
1783955708907-381,https://www.tokopedia.com/search?st=product&q=HT%20MOTOROLA&srp_component_id=02.01.00.00&srp_page_id=&srp_page_title=&navsource=,Rp350.000,batre ht motorola gp 3188 batre ht motorola xir p3688,,https://p16-images-sign-sg.tokopedia-static.net/tos-alisg-i-aphluv4xwc-sg/img/VqbcmM/2025/1/8/f51510a2-f553-4995-9194-7630e470eb5c.jpg~tplv-aphluv4xwc-white-pad-v1:200:200.webp?lk3s=97278606&x-expires=1783959292&x-signature=FTbP8uslN6g%2FvAml6gFHR%2BrBWvY%3D&x-signature-webp=FTbP8uslN6g%2FvAml6gFHR%2BrBWvY%3D&ect=4g
1783955708907-382,https://www.tokopedia.com/search?st=product&q=HT%20MOTOROLA&srp_component_id=02.01.00.00&srp_page_id=&srp_page_title=&navsource=,Rp600.000,microphone handmic gm300 m3688 pmmn4090 pmmn 4090a original,,https://p16-images-sign-sg.tokopedia-static.net/tos-alisg-i-aphluv4xwc-sg/d783827766174bbb9f094505018f93b6~tplv-aphluv4xwc-white-pad-v1:200:200.webp?lk3s=97278606&x-expires=1783959292&x-signature=qbfSSRlk4SM9IjNH9gRXiDjs4%2BE%3D&x-signature-webp=qbfSSRlk4SM9IjNH9gRXiDjs4%2BE%3D&ect=4g
1783955708907-383,https://www.tokopedia.com/search?st=product&q=HT%20MOTOROLA&srp_component_id=02.01.00.00&srp_page_id=&srp_page_title=&navsource=,Rp350.000,extra mic motorola ht untuk ht motorola 1731661728389236627,,https://p16-images-sign-sg.tokopedia-static.net/tos-alisg-i-aphluv4xwc-sg/86d0ac8279684769afad3282fe8cafd9~tplv-aphluv4xwc-white-pad-v1:200:200.webp?lk3s=97278606&x-expires=1783959292&x-signature=1gFEXmwG96ZGGh0yHg6DUxXMrpQ%3D&x-signature-webp=1gFEXmwG96ZGGh0yHg6DUxXMrpQ%3D&ect=4g
1783955708907-384,https://www.tokopedia.com/search?st=product&q=HT%20MOTOROLA&srp_component_id=02.01.00.00&srp_page_id=&srp_page_title=&navsource=,Rp275.000,charger ht motorola cp 1660 1300,,https://p16-images-sign-sg.tokopedia-static.net/tos-alisg-i-aphluv4xwc-sg/img/VqbcmM/2023/11/19/42b82e35-bd47-4082-a4b2-022f6e22bfc1.jpg~tplv-aphluv4xwc-white-pad-v1:200:200.webp?lk3s=97278606&x-expires=1783959292&x-signature=sDcO8JIk0YKlVNsYe5KqaqeGw6I%3D&x-signature-webp=sDcO8JIk0YKlVNsYe5KqaqeGw6I%3D&ect=4g
1783955708907-385,https://www.tokopedia.com/search?st=product&q=HT%20MOTOROLA&srp_component_id=02.01.00.00&srp_page_id=&srp_page_title=&navsource=,Rp230.000,baterai ht motorola cp 1660 1300 bell klip,,https://p16-images-sign-sg.tokopedia-static.net/tos-alisg-i-aphluv4xwc-sg/img/VqbcmM/2023/10/20/b1e7ea0f-569c-43e5-a614-51df62f5f74a.jpg~tplv-aphluv4xwc-white-pad-v1:200:200.webp?lk3s=97278606&x-expires=1783959292&x-signature=bIAcICEgRQ9c5b27t2CM6KrGbWU%3D&x-signature-webp=bIAcICEgRQ9c5b27t2CM6KrGbWU%3D&ect=4g
1783955708907-386,https://www.tokopedia.com/search?st=product&q=HT%20MOTOROLA&srp_component_id=02.01.00.00&srp_page_id=&srp_page_title=&navsource=,Rp250.000,charger ht motorola gp3188 cajer ht motorola gp3188,,https://p16-images-sign-sg.tokopedia-static.net/tos-alisg-i-aphluv4xwc-sg/img/VqbcmM/2023/10/27/9e58a5e6-cec3-4961-81d3-03ac07de53ae.jpg~tplv-aphluv4xwc-white-pad-v1:200:200.webp?lk3s=97278606&x-expires=1783959292&x-signature=kpl0UFenPpPSRs6YGAJHKdnmM%2Bc%3D&x-signature-webp=kpl0UFenPpPSRs6YGAJHKdnmM%2Bc%3D&ect=4g
1783955708907-387,https://www.tokopedia.com/search?st=product&q=HT%20MOTOROLA&srp_component_id=02.01.00.00&srp_page_id=&srp_page_title=&navsource=,Rp200.000,kabel data ht handy talky motorola gp 338 328 ats 2500,,https://p16-images-sign-sg.tokopedia-static.net/tos-alisg-i-aphluv4xwc-sg/img/product-1/2018/1/31/23660160/23660160_3d4b6483-9e98-471d-ac1d-45b852122f47_2048_1536.jpg~tplv-aphluv4xwc-white-pad-v1:200:200.webp?lk3s=97278606&x-expires=1783959292&x-signature=sLjQ4tg9uKjQKGp3Gxd%2FyIUFG3U%3D&x-signature-webp=sLjQ4tg9uKjQKGp3Gxd%2FyIUFG3U%3D&ect=4g
1783955708907-388,https://www.tokopedia.com/search?st=product&q=HT%20MOTOROLA&srp_component_id=02.01.00.00&srp_page_id=&srp_page_title=&navsource=,Rp275.000,batre ht motorola gp308,,https://p16-images-sign-sg.tokopedia-static.net/tos-alisg-i-aphluv4xwc-sg/img/VqbcmM/2023/6/27/ee05bb75-e6b5-4367-8908-06479bba6dc6.jpg~tplv-aphluv4xwc-white-pad-v1:200:200.webp?lk3s=97278606&x-expires=1783959292&x-signature=ZVuUe%2F32F8fN2xC4AYtE6uZyAfQ%3D&x-signature-webp=ZVuUe%2F32F8fN2xC4AYtE6uZyAfQ%3D&ect=4g
1783955708907-389,https://www.tokopedia.com/search?st=product&q=HT%20MOTOROLA&srp_component_id=02.01.00.00&srp_page_id=&srp_page_title=&navsource=,Rp250.000,batre ht motorola gp 338 motorola gp 328 motorola ats 2500 murah,,https://p19-images-sign-sg.tokopedia-static.net/tos-alisg-i-aphluv4xwc-sg/img/VqbcmM/2024/5/16/191dfea1-71cb-47b3-b482-715355832744.jpg~tplv-aphluv4xwc-white-pad-v1:200:200.webp?lk3s=97278606&x-expires=1783959292&x-signature=xsrEGFWzPfGSSZbz6DIJY9NZQzA%3D&x-signature-webp=xsrEGFWzPfGSSZbz6DIJY9NZQzA%3D&ect=4g
1783955708907-390,https://www.tokopedia.com/search?st=product&q=HT%20MOTOROLA&srp_component_id=02.01.00.00&srp_page_id=&srp_page_title=&navsource=,Rp275.000,battery ht for motorola cp 1660 1300,,https://p16-images-sign-sg.tokopedia-static.net/tos-alisg-i-aphluv4xwc-sg/img/product-1/2018/11/14/2544364/2544364_6ec7d6c2-b86b-4aac-b525-693cf4b63d97_1548_1548.jpg~tplv-aphluv4xwc-white-pad-v1:200:200.webp?lk3s=97278606&x-expires=1783959292&x-signature=2Bb%2FZmUt%2F0AxRXZQckkYy2%2ByZtg%3D&x-signature-webp=2Bb%2FZmUt%2F0AxRXZQckkYy2%2ByZtg%3D&ect=4g
1783955708907-391,https://www.tokopedia.com/search?st=product&q=HT%20MOTOROLA&srp_component_id=02.01.00.00&srp_page_id=&srp_page_title=&navsource=,Rp250.000,batre ht motorola magone a8 baterai ht motorola mag one a8 murah,,https://p16-images-sign-sg.tokopedia-static.net/tos-alisg-i-aphluv4xwc-sg/img/product-1/2019/8/23/1646203/1646203_033119ff-a4ad-45ac-937e-0f3083951143_1728_1728.jpg~tplv-aphluv4xwc-white-pad-v1:200:200.webp?lk3s=97278606&x-expires=1783959292&x-signature=0SbYVghngR3xiti4xSKXZEPPKYg%3D&x-signature-webp=0SbYVghngR3xiti4xSKXZEPPKYg%3D&ect=4g
1783955708907-392,https://www.tokopedia.com/search?st=product&q=HT%20MOTOROLA&srp_component_id=02.01.00.00&srp_page_id=&srp_page_title=&navsource=,Rp500.000,dudukan bracket mounting motorola gm338 gm3188 gm3688 xir m3188 m3688 breket holder gm 338 3188 3688 1733488591921514128,,https://p16-images-sign-sg.tokopedia-static.net/tos-alisg-i-aphluv4xwc-sg/af92f92f88df49b5b3faf13b8b7c6dcc~tplv-aphluv4xwc-white-pad-v1:200:200.webp?lk3s=97278606&x-expires=1783959292&x-signature=j6MhMAAxjboNplXbxsfSmbjLecI%3D&x-signature-webp=j6MhMAAxjboNplXbxsfSmbjLecI%3D&ect=4g
1783955708907-393,https://www.tokopedia.com/search?st=product&q=HT%20MOTOROLA&srp_component_id=02.01.00.00&srp_page_id=&srp_page_title=&navsource=,Rp125.000,extra mic rig motorola xir m3688 gm 3688 gm300 gm3188 pmmn4090a,,https://p16-images-sign-sg.tokopedia-static.net/tos-alisg-i-aphluv4xwc-sg/img/VqbcmM/2022/7/27/287e9b2a-0a24-47ef-baec-1311d5f55e1b.png~tplv-aphluv4xwc-white-pad-v1:200:200.webp?lk3s=97278606&x-expires=1783959292&x-signature=qlXCQO%2FRo%2BZNOvx1yAucbyIKrFM%3D&x-signature-webp=qlXCQO%2FRo%2BZNOvx1yAucbyIKrFM%3D&ect=4g
1783955708907-394,https://www.tokopedia.com/search?st=product&q=HT%20MOTOROLA&srp_component_id=02.01.00.00&srp_page_id=&srp_page_title=&navsource=,Rp250.000,charger ht motorola gp3188 charger ht motorola xir p3688,,https://p16-images-sign-sg.tokopedia-static.net/tos-alisg-i-aphluv4xwc-sg/img/VqbcmM/2024/12/8/91138edd-2ee9-45a1-a038-148d510b60aa.jpg~tplv-aphluv4xwc-white-pad-v1:200:200.webp?lk3s=97278606&x-expires=1783959292&x-signature=GiwE%2FpVhK%2B%2FK62G71U5mxEvz9%2FY%3D&x-signature-webp=GiwE%2FpVhK%2B%2FK62G71U5mxEvz9%2FY%3D&ect=4g
1783955708907-395,https://www.tokopedia.com/search?st=product&q=HT%20MOTOROLA&srp_component_id=02.01.00.00&srp_page_id=&srp_page_title=&navsource=,Rp550.000,batrey motorola ht xir p6620 1730897099681072267,,https://p16-images-sign-sg.tokopedia-static.net/tos-alisg-i-aphluv4xwc-sg/img/VqbcmM/2025/2/21/c762cc22-46b5-4737-b01b-e0840952700f.jpg~tplv-aphluv4xwc-white-pad-v1:200:200.webp?lk3s=97278606&x-expires=1783959292&x-signature=5DXDJ%2Fu1Apq8lRIxRzR6vlgYc5c%3D&x-signature-webp=5DXDJ%2Fu1Apq8lRIxRzR6vlgYc5c%3D&ect=4g
1783955708908-396,https://www.tokopedia.com/search?st=product&q=HT%20MOTOROLA&srp_component_id=02.01.00.00&srp_page_id=&srp_page_title=&navsource=,Rp32.500,antena ht walkie talkie na 773 sma f for bf uv5r uv5re uv82 ufo 1,,https://p16-images-common-sign-sg.tokopedia-static.net/tos-maliva-i-o3syd03w52-us/2f75763e25c84cdb9dbfa5344ab0b8fb~tplv-o3syd03w52-resize-jpeg:200:200.webp?lk3s=97278606&x-expires=1783959292&x-signature=JQsn%2BfxUbow9gcIhIUDxrgf99DI%3D&x-signature-webp=JQsn%2BfxUbow9gcIhIUDxrgf99DI%3D&ect=4g
1783955708908-397,https://www.tokopedia.com/search?st=product&q=HT%20MOTOROLA&srp_component_id=02.01.00.00&srp_page_id=&srp_page_title=&navsource=,Rp650.000,ht motorola hx 370 s walkie talkie jarak jauh 1730742675002001077,,https://p16-images-sign-sg.tokopedia-static.net/tos-alisg-i-aphluv4xwc-sg/img/VqbcmM/2025/1/4/90ee4e3e-3ecd-4272-80eb-0b20c8abc5ed.jpg~tplv-aphluv4xwc-white-pad-v1:200:200.webp?lk3s=97278606&x-expires=1783959292&x-signature=2k6fLh8KT6LqD9K9jqrdJC%2BUG0U%3D&x-signature-webp=2k6fLh8KT6LqD9K9jqrdJC%2BUG0U%3D&ect=4g
1783955708908-398,https://www.tokopedia.com/search?st=product&q=HT%20MOTOROLA&srp_component_id=02.01.00.00&srp_page_id=&srp_page_title=&navsource=,Rp599.000,handy talky ht moto 2 pcs walkie talkie moto a10 two way radio waterproof ip54 1730124216014899048,,https://p16-images-sign-sg.tokopedia-static.net/tos-alisg-i-aphluv4xwc-sg/img/VqbcmM/2024/8/24/4701b92c-b86e-4bb4-b39b-8412622370ed.jpg~tplv-aphluv4xwc-white-pad-v1:200:200.webp?lk3s=97278606&x-expires=1783959292&x-signature=5oyj%2BBhySagWSD9LHtPdM8xXK0o%3D&x-signature-webp=5oyj%2BBhySagWSD9LHtPdM8xXK0o%3D&ect=4g
1783955708908-399,https://www.tokopedia.com/search?st=product&q=HT%20MOTOROLA&srp_component_id=02.01.00.00&srp_page_id=&srp_page_title=&navsource=,Rp225.000,walkie talkie motorola t5720,,https://p16-images-sign-sg.tokopedia-static.net/tos-alisg-i-aphluv4xwc-sg/7d21d6d6fe04489b8439bb6c6d01cd77~tplv-aphluv4xwc-white-pad-v1:200:200.webp?lk3s=97278606&x-expires=1783959292&x-signature=mAvpzF76STjD4kAnbH%2BHLQhy6Ms%3D&x-signature-webp=mAvpzF76STjD4kAnbH%2BHLQhy6Ms%3D&ect=4g
1783955708908-400,https://www.tokopedia.com/search?st=product&q=HT%20MOTOROLA&srp_component_id=02.01.00.00&srp_page_id=&srp_page_title=&navsource=,Rp400.000,ht motorola gp338 plus prequency 350mhz 1731348851257345769,,https://p16-images-sign-sg.tokopedia-static.net/tos-alisg-i-aphluv4xwc-sg/img/VqbcmM/2025/5/6/c711bce0-e221-43be-b131-e1e6a3728ee3.jpg~tplv-aphluv4xwc-white-pad-v1:200:200.webp?lk3s=97278606&x-expires=1783959292&x-signature=h24RNyLcsa4RiS%2Fq8ksgXw7mTBo%3D&x-signature-webp=h24RNyLcsa4RiS%2Fq8ksgXw7mTBo%3D&ect=4g
1783955708908-401,https://www.tokopedia.com/search?st=product&q=HT%20MOTOROLA&srp_component_id=02.01.00.00&srp_page_id=&srp_page_title=&navsource=,Rp1.200.000,ht motorola gt 12 professional walkie talkie 20watt 6800mah dualband,,https://p16-images-sign-sg.tokopedia-static.net/tos-alisg-i-aphluv4xwc-sg/img/hDjmkQ/2023/12/4/bdcb0acc-62ce-4b80-823d-2000a554c20f.png~tplv-aphluv4xwc-white-pad-v1:200:200.webp?lk3s=97278606&x-expires=1783959292&x-signature=w97JtLs%2FxyLD5JmpiIIpzHIhAFQ%3D&x-signature-webp=w97JtLs%2FxyLD5JmpiIIpzHIhAFQ%3D&ect=4g
1783955708908-402,https://www.tokopedia.com/search?st=product&q=HT%20MOTOROLA&srp_component_id=02.01.00.00&srp_page_id=&srp_page_title=&navsource=,Rp467.000,motorola t78 ht handy talky walkie talkie all band hitam 1731445065203222125,,https://p16-images-sign-sg.tokopedia-static.net/tos-alisg-i-aphluv4xwc-sg/img/VqbcmM/2025/5/18/40634883-75b4-4de7-8b40-0e2e7e5325ec.jpg~tplv-aphluv4xwc-white-pad-v1:200:200.webp?lk3s=97278606&x-expires=1783959292&x-signature=o04ZSHoT4uz90iLMgwsKL6%2BxrTY%3D&x-signature-webp=o04ZSHoT4uz90iLMgwsKL6%2BxrTY%3D&ect=4g
1783955708908-404,https://www.tokopedia.com/search?st=product&q=HT%20MOTOROLA&srp_component_id=02.01.00.00&srp_page_id=&srp_page_title=&navsource=,Rp702.000,walkie talkie ht moto x9 terbaru 2023 dual band vhf uhf anti air 1729859325177595752,,https://p16-images-sign-sg.tokopedia-static.net/tos-alisg-i-aphluv4xwc-sg/img/VqbcmM/2023/11/10/9c99088a-b162-48ab-9c2a-44c4c9271489.jpg~tplv-aphluv4xwc-white-pad-v1:200:200.webp?lk3s=97278606&x-expires=1783959292&x-signature=h6ByQHRTC9gigiH8V9h%2FD42hQlE%3D&x-signature-webp=h6ByQHRTC9gigiH8V9h%2FD42hQlE%3D&ect=4g
1783955708908-405,https://www.tokopedia.com/search?st=product&q=HT%20MOTOROLA&srp_component_id=02.01.00.00&srp_page_id=&srp_page_title=&navsource=,Rp1.178.000,ht walkie talkie gp450 jarak komunikasi jauh baterai 8800mah daya tahan 72 jam tahan air ip68 multi frekuensi untuk proyek outdoor 1733875509511292293,,https://p16-images-sign-sg.tokopedia-static.net/tos-alisg-i-aphluv4xwc-sg/22401278e3064c33a8faaba058fded41~tplv-aphluv4xwc-white-pad-v1:200:200.webp?lk3s=97278606&x-expires=1783959292&x-signature=1cin25F4hmzHiI0EnwVRFuzHP0I%3D&x-signature-webp=1cin25F4hmzHiI0EnwVRFuzHP0I%3D&ect=4g
1783955708908-406,https://www.tokopedia.com/search?st=product&q=HT%20MOTOROLA&srp_component_id=02.01.00.00&srp_page_id=&srp_page_title=&navsource=,Rp124.880,ht wln uhf handy talky two way radio black walkie talkie c1 kuat dan tahan lama komunikasi jarak jauh cocok untuk aktivitas outdoor antena plastik warna hitam cod 1734081408245991069,,https://p16-images-sign-sg.tokopedia-static.net/tos-alisg-i-aphluv4xwc-sg/fa0dffcc8b6c4906be2ceb833dc9b72a~tplv-aphluv4xwc-white-pad-v1:200:200.webp?lk3s=97278606&x-expires=1783959292&x-signature=NhrSM1goyUODNwGb8wmqR4aB6Xo%3D&x-signature-webp=NhrSM1goyUODNwGb8wmqR4aB6Xo%3D&ect=4g
1783955708908-407,https://www.tokopedia.com/search?st=product&q=HT%20MOTOROLA&srp_component_id=02.01.00.00&srp_page_id=&srp_page_title=&navsource=,Rp1.406.000,terbaik mobile radio motorola mt8900 transceiver ht dual band uhf vhf speaker besar power 25 watt berisi mikrofon jarak panggilan maksimum 50km perjalanan kerja di luar ruangan,,https://p16-images-sign-sg.tokopedia-static.net/tos-alisg-i-aphluv4xwc-sg/img/VqbcmM/2024/10/31/005c3bbb-b2b1-4a9a-b1f6-20f87ba88135.jpg~tplv-aphluv4xwc-white-pad-v1:200:200.webp?lk3s=97278606&x-expires=1783959292&x-signature=N4Or9KA2nQU4YjqTmdybGwYcLtA%3D&x-signature-webp=N4Or9KA2nQU4YjqTmdybGwYcLtA%3D&ect=4g
1783955708908-408,https://www.tokopedia.com/search?st=product&q=HT%20MOTOROLA&srp_component_id=02.01.00.00&srp_page_id=&srp_page_title=&navsource=,Rp420.000,ht 2 unit murah moto c1 set walkie talkie terbaru 2024 wt genggam 16 saluran anti gangguan kuat tahan debu mini radios portabel dengan spesifikasi rentang frekuensi 400 470mhz dan kapasitas saluran 16 1730502792782513596,,https://p16-images-sign-sg.tokopedia-static.net/tos-alisg-i-aphluv4xwc-sg/img/VqbcmM/2024/11/23/3c9496ac-485b-4d81-8de8-c725a10221c3.jpg~tplv-aphluv4xwc-white-pad-v1:200:200.webp?lk3s=97278606&x-expires=1783959292&x-signature=LCbNHWpwf%2BYs%2FEaRIZ9HT1xzWTY%3D&x-signature-webp=LCbNHWpwf%2BYs%2FEaRIZ9HT1xzWTY%3D&ect=4g
1783955708908-410,https://www.tokopedia.com/search?st=product&q=HT%20MOTOROLA&srp_component_id=02.01.00.00&srp_page_id=&srp_page_title=&navsource=,Rp600.000,ht handy talkie moto a10 walkie talkie 2 unit 400 520 mhz type c charging 1730319555454928503,,https://p19-images-sign-sg.tokopedia-static.net/tos-alisg-i-aphluv4xwc-sg/img/VqbcmM/2024/10/21/c5f1aafd-4000-4b75-9e76-ac77a517bae7.jpg~tplv-aphluv4xwc-white-pad-v1:200:200.webp?lk3s=97278606&x-expires=1783959292&x-signature=uHuXOKln8LBuiVyaKWqNPMZFtHY%3D&x-signature-webp=uHuXOKln8LBuiVyaKWqNPMZFtHY%3D&ect=4g
1783955708908-412,https://www.tokopedia.com/search?st=product&q=HT%20MOTOROLA&srp_component_id=02.01.00.00&srp_page_id=&srp_page_title=&navsource=,Rp2.750.000,paket 5 unit x8 walkie talkie motorola x8 radio ht x8 x 8 waterproof jarak jauh 10 km,,https://p16-images-sign-sg.tokopedia-static.net/tos-alisg-i-aphluv4xwc-sg/img/VqbcmM/2024/5/4/480d4de9-3f09-4277-8006-9903414a41af.jpg~tplv-aphluv4xwc-white-pad-v1:200:200.webp?lk3s=97278606&x-expires=1783959292&x-signature=%2FODP7fzgz7Yuz3Nyvi1cfjmqb3E%3D&x-signature-webp=%2FODP7fzgz7Yuz3Nyvi1cfjmqb3E%3D&ect=4g
1783955708908-413,https://www.tokopedia.com/search?st=product&q=HT%20MOTOROLA&srp_component_id=02.01.00.00&srp_page_id=&srp_page_title=&navsource=,Rp425.000,charger ht motorola apx1000 xir p6620i xir p8668i ats 2500,,https://p16-images-sign-sg.tokopedia-static.net/tos-alisg-i-aphluv4xwc-sg/img/VqbcmM/2024/7/10/c9787c8b-e023-4b4e-9a99-3d412dc4cdf7.jpg~tplv-aphluv4xwc-white-pad-v1:200:200.webp?lk3s=97278606&x-expires=1783959292&x-signature=SPevBNsgrKL2DG%2BeSf4mxe01cIo%3D&x-signature-webp=SPevBNsgrKL2DG%2BeSf4mxe01cIo%3D&ect=4g
1783955708908-414,https://www.tokopedia.com/search?st=product&q=HT%20MOTOROLA&srp_component_id=02.01.00.00&srp_page_id=&srp_page_title=&navsource=,Rp775.000,ht motorola gp328 gp328 gp328 plus walkie talkie 20km ip68 tahan air,,https://p16-images-sign-sg.tokopedia-static.net/tos-alisg-i-aphluv4xwc-sg/img/VqbcmM/2023/7/23/583e3619-bae9-4f44-a5c2-296c7bdbfd15.jpg~tplv-aphluv4xwc-white-pad-v1:200:200.webp?lk3s=97278606&x-expires=1783959292&x-signature=SDhkSzXxZAm360qUTvx%2Fwo4%2B%2BkI%3D&x-signature-webp=SDhkSzXxZAm360qUTvx%2Fwo4%2B%2BkI%3D&ect=4g
1783955708908-415,https://www.tokopedia.com/search?st=product&q=HT%20MOTOROLA&srp_component_id=02.01.00.00&srp_page_id=&srp_page_title=&navsource=,Rp575.000,ht motorola gp3188,,https://p16-images-sign-sg.tokopedia-static.net/tos-alisg-i-aphluv4xwc-sg/img/VqbcmM/2022/4/26/ebde1da7-d991-40ae-8ce9-576049c0e63e.jpg~tplv-aphluv4xwc-white-pad-v1:200:200.webp?lk3s=97278606&x-expires=1783959292&x-signature=WKkJxv4uHSn6t2Wo8D9maWRI9Y8%3D&x-signature-webp=WKkJxv4uHSn6t2Wo8D9maWRI9Y8%3D&ect=4g
1783955708908-416,https://www.tokopedia.com/search?st=product&q=HT%20MOTOROLA&srp_component_id=02.01.00.00&srp_page_id=&srp_page_title=&navsource=,Rp570.000,ht hx 8100 walkie talkie jarak jauh 20km two way radio 15w power 256 channels 6800mah battery 72h standby aviation frequency 1734176448531498748,,https://p16-images-sign-sg.tokopedia-static.net/tos-alisg-i-aphluv4xwc-sg/ab47e838a6d74530b3d621206ecd26f9~tplv-aphluv4xwc-white-pad-v1:200:200.webp?lk3s=97278606&x-expires=1783959292&x-signature=rFogQk933Jf6Rrwrnn3CoHMGaxk%3D&x-signature-webp=rFogQk933Jf6Rrwrnn3CoHMGaxk%3D&ect=4g
